Rk,Player,Year,Age,Draft,Tm,Lg,G,GS,Att,Yds,Y/A,TD,Y/G
1,Larry Johnson\JohnLa00,2006,27,1-27,KAN,NFL,16,16,416,1789,4.30,17,111.8
2,Eddie George\GeorEd00,2000,27,1-14,TEN,NFL,16,16,403,1509,3.74,14,94.3
3,DeMarco Murray\MurrDe00,2014,26,3-71,DAL,NFL,16,16,392,1845,4.71,13,115.3
4,Ricky Williams\WillRi00,2003,26,1-5,MIA,NFL,16,16,392,1372,3.50,9,85.8
5,Edgerrin James\JameEd00,2000,22,1-4,IND,NFL,16,16,387,1709,4.42,13,106.8
6,Jamal Lewis\LewiJa00,2003,24,1-5,BAL,NFL,16,16,387,2066,5.34,14,129.1
7,Ricky Williams\WillRi00,2002,25,1-5,MIA,NFL,16,16,383,1853,4.84,16,115.8
8,Michael Turner\TurnMi00,2008,26,5-154,ATL,NFL,16,16,376,1699,4.52,17,106.2
9,LaDainian Tomlinson*\TomlLa00,2002,23,1-5,SDG,NFL,16,16,372,1683,4.52,14,105.2
10,Curtis Martin*\MartCu00,2004,31,3-74,NYJ,NFL,16,16,371,1697,4.57,12,106.1
11,Shaun Alexander\AlexSh00,2005,28,1-19,SEA,NFL,16,16,370,1880,5.08,27,117.5
12,Adrian Peterson\PeteAd01,2008,23,1-7,MIN,NFL,16,15,363,1760,4.85,10,110.0
13,Rudi Johnson\JohnRu00,2004,25,4-100,CIN,NFL,16,16,361,1454,4.03,12,90.9
14,Edgerrin James\JameEd00,2005,27,1-4,IND,NFL,15,15,360,1506,4.18,13,100.4
15,Chris Johnson\JohnCh04,2009,24,1-24,TEN,NFL,16,16,358,2006,5.60,14,125.4
16,Tiki Barber\BarbTi00,2005,30,2-36,NYG,NFL,16,16,357,1860,5.21,9,116.3
17,Stephen Davis\DaviSt00,2001,27,4-102,WAS,NFL,16,16,356,1432,4.02,5,89.5
18,Jerome Bettis*\BettJe00,2000,28,1-10,PIT,NFL,16,16,355,1341,3.78,8,83.8
19,Ahman Green\GreeAh00,2003,26,3-76,GNB,NFL,16,16,355,1883,5.30,15,117.7
20,Shaun Alexander\AlexSh00,2004,27,1-19,SEA,NFL,16,16,353,1696,4.80,16,106.0
21,Clinton Portis\PortCl00,2005,24,2-51,WAS,NFL,16,16,352,1516,4.31,11,94.8
22,Arian Foster\FostAr00,2012,26,,HOU,NFL,16,16,351,1424,4.06,15,89.0
23,Deuce McAllister\McAlDe00,2003,25,1-23,NOR,NFL,16,16,351,1641,4.68,8,102.6
24,Adrian Peterson\PeteAd01,2012,27,1-7,MIN,NFL,16,16,348,2097,6.03,12,131.1
25,LaDainian Tomlinson*\TomlLa00,2006,27,1-5,SDG,NFL,16,16,348,1815,5.22,28,113.4
26,Steven Jackson\JackSt00,2006,23,1-24,STL,NFL,16,16,346,1528,4.42,13,95.5
27,Corey Dillon\DillCo00,2004,30,2-43,NWE,NFL,15,14,345,1635,4.74,12,109.0
28,Fred Taylor\TaylFr00,2003,27,1-9,JAX,NFL,16,16,345,1572,4.56,6,98.3
29,Eddie George\GeorEd00,2002,29,1-14,TEN,NFL,16,16,343,1165,3.40,12,72.8
30,Maurice Jones-Drew\DrewMa00,2011,26,2-60,JAX,NFL,16,16,343,1606,4.68,8,100.4
31,Clinton Portis\PortCl00,2004,23,2-51,WAS,NFL,15,15,343,1315,3.83,5,87.7
32,Clinton Portis\PortCl00,2008,27,2-51,WAS,NFL,16,16,342,1487,4.35,9,92.9
33,Rudi Johnson\JohnRu00,2006,27,4-100,CIN,NFL,16,15,341,1309,3.84,12,81.8
34,Corey Dillon\DillCo00,2001,27,2-43,CIN,NFL,16,16,340,1315,3.87,10,82.2
35,James Stewart\StewJa00,2000,29,1-19,DET,NFL,16,16,339,1184,3.49,10,74.0
36,LaDainian Tomlinson*\TomlLa00,2004,25,1-5,SDG,NFL,15,15,339,1335,3.94,17,89.0
37,LaDainian Tomlinson*\TomlLa00,2005,26,1-5,SDG,NFL,16,16,339,1462,4.31,18,91.4
38,LaDainian Tomlinson*\TomlLa00,2001,22,1-5,SDG,NFL,16,16,339,1236,3.65,10,77.3
39,Edgerrin James\JameEd00,2006,28,1-4,ARI,NFL,16,16,337,1159,3.44,6,72.4
40,Rudi Johnson\JohnRu00,2005,26,4-100,CIN,NFL,16,14,337,1458,4.33,12,91.1
41,Willie Parker\ParkWi00,2006,26,,PIT,NFL,16,16,337,1494,4.43,13,93.4
42,Larry Johnson\JohnLa00,2005,26,1-27,KAN,NFL,16,9,336,1750,5.21,20,109.4
43,Alfred Morris\MorrAl00,2012,24,6-173,WAS,NFL,16,16,335,1613,4.81,13,100.8
44,Edgerrin James\JameEd00,2004,26,1-4,IND,NFL,16,16,334,1548,4.63,9,96.8
45,Michael Turner\TurnMi00,2010,28,5-154,ATL,NFL,16,15,334,1371,4.10,12,85.7
46,Curtis Martin*\MartCu00,2001,28,3-74,NYJ,NFL,16,16,333,1513,4.54,10,94.6
47,Stephen Davis\DaviSt00,2000,26,4-102,WAS,NFL,15,15,332,1318,3.97,11,87.9
48,Travis Henry\HenrTr00,2003,25,2-58,BUF,NFL,15,15,331,1356,4.10,10,90.4
49,Thomas Jones\JoneTh00,2009,31,1-7,NYJ,NFL,16,16,331,1402,4.24,14,87.6
50,Steven Jackson\JackSt00,2010,27,1-24,STL,NFL,16,16,330,1241,3.76,6,77.6
51,Tiki Barber\BarbTi00,2006,31,2-36,NYG,NFL,16,16,327,1662,5.08,5,103.9
52,Arian Foster\FostAr00,2010,24,,HOU,NFL,16,13,327,1616,4.94,16,101.0
53,Priest Holmes\HolmPr00,2001,28,,KAN,NFL,16,16,327,1555,4.76,8,97.2
54,Adrian Peterson\PeteAd01,2015,30,1-7,MIN,NFL,16,16,327,1485,4.54,11,92.8
55,Shaun Alexander\AlexSh00,2003,26,1-19,SEA,NFL,16,15,326,1435,4.40,14,89.7
56,Travis Henry\HenrTr00,2002,24,2-58,BUF,NFL,16,16,325,1438,4.42,13,89.9
57,Deuce McAllister\McAlDe00,2002,24,1-23,NOR,NFL,15,15,325,1388,4.27,13,92.5
58,Willis McGahee\McGaWi00,2005,24,1-23,BUF,NFL,16,15,325,1247,3.84,5,77.9
59,Clinton Portis\PortCl00,2007,26,2-51,WAS,NFL,16,16,325,1262,3.88,11,78.9
60,Steven Jackson\JackSt00,2009,26,1-24,STL,NFL,15,15,324,1416,4.37,4,94.4
61,Edgerrin James\JameEd00,2007,29,1-4,ARI,NFL,16,16,324,1222,3.77,7,76.4
62,Rashard Mendenhall\MendRa00,2010,23,1-23,PIT,NFL,16,16,324,1273,3.93,13,79.6
63,Curtis Martin*\MartCu00,2003,30,3-74,NYJ,NFL,16,16,323,1308,4.05,2,81.8
64,Tiki Barber\BarbTi00,2004,29,2-36,NYG,NFL,16,14,322,1518,4.71,13,94.9
65,Ezekiel Elliott\ElliEz00,2016,21,1-4,DAL,NFL,15,15,322,1631,5.07,15,108.7
66,Le'Veon Bell\BellLe00,2017,25,2-48,PIT,NFL,15,15,321,1291,4.02,9,86.1
67,Cedric Benson\BensCe00,2010,28,1-4,CIN,NFL,16,16,321,1111,3.46,7,69.4
68,Willie Parker\ParkWi00,2007,27,,PIT,NFL,15,15,321,1316,4.10,2,87.7
69,Priest Holmes\HolmPr00,2003,30,,KAN,NFL,16,16,320,1420,4.44,27,88.8
70,Doug Martin\MartDo00,2012,23,1-31,TAM,NFL,16,16,319,1454,4.56,11,90.9
71,Stephen Davis\DaviSt00,2003,29,4-102,CAR,NFL,14,14,318,1444,4.54,8,103.1
72,Matt Forte\FortMa00,2008,23,2-44,CHI,NFL,16,16,316,1238,3.92,8,77.4
73,Chris Johnson\JohnCh04,2010,25,1-24,TEN,NFL,16,16,316,1364,4.32,11,85.3
74,Curtis Martin*\MartCu00,2000,27,3-74,NYJ,NFL,16,16,316,1204,3.81,9,75.3
75,Corey Dillon\DillCo00,2000,26,2-43,CIN,NFL,16,16,315,1435,4.56,7,89.7
76,Eddie George\GeorEd00,2001,28,1-14,TEN,NFL,16,16,315,939,2.98,5,58.7
77,Marshawn Lynch\LyncMa00,2012,26,1-12,SEA,NFL,16,15,315,1590,5.05,11,99.4
78,LaDainian Tomlinson*\TomlLa00,2007,28,1-5,SDG,NFL,16,16,315,1474,4.68,15,92.1
79,Corey Dillon\DillCo00,2002,28,2-43,CIN,NFL,16,16,314,1311,4.18,7,81.9
80,Thomas Jones\JoneTh00,2005,27,1-7,CHI,NFL,15,15,314,1335,4.25,9,89.0
81,Jamal Lewis\LewiJa00,2006,27,1-5,BAL,NFL,16,16,314,1132,3.61,9,70.8
82,LeSean McCoy\McCoLe01,2013,25,2-53,PHI,NFL,16,16,314,1607,5.12,9,100.4
83,Adrian Peterson\PeteAd01,2009,24,1-7,MIN,NFL,16,15,314,1383,4.40,18,86.4
84,Priest Holmes\HolmPr00,2002,29,,KAN,NFL,14,14,313,1615,5.16,21,115.4
85,Lamar Smith\SmitLa00,2001,31,3-73,MIA,NFL,16,16,313,968,3.09,6,60.5
86,LaDainian Tomlinson*\TomlLa00,2003,24,1-5,SDG,NFL,16,16,313,1645,5.26,13,102.8
87,Ricky Williams\WillRi00,2001,24,1-5,NOR,NFL,16,16,313,1245,3.98,6,77.8
88,Eddie George\GeorEd00,2003,30,1-14,TEN,NFL,16,16,312,1031,3.30,5,64.4
89,Frank Gore\GoreFr00,2006,23,3-65,SFO,NFL,16,16,312,1695,5.43,8,105.9
90,Ryan Grant\GranRy00,2008,26,,GNB,NFL,16,14,312,1203,3.86,4,75.2
91,Maurice Jones-Drew\DrewMa00,2009,24,2-60,JAX,NFL,16,16,312,1391,4.46,15,86.9
92,LeSean McCoy\McCoLe01,2014,26,2-53,PHI,NFL,16,16,312,1319,4.23,5,82.4
93,Edgerrin James\JameEd00,2003,25,1-4,IND,NFL,13,13,310,1259,4.06,11,96.8
94,Thomas Jones\JoneTh00,2007,29,1-7,NYJ,NFL,16,14,310,1119,3.61,1,69.9
95,Shaun Alexander\AlexSh00,2001,24,1-19,SEA,NFL,16,12,309,1318,4.27,14,82.4
96,Reuben Droughns\DrouRe00,2005,27,3-81,CLE,NFL,16,16,309,1232,3.99,2,77.0
97,Jamal Lewis\LewiJa00,2000,21,1-5,BAL,NFL,16,13,309,1364,4.41,6,85.3
98,Lamar Smith\SmitLa00,2000,30,3-73,MIA,NFL,15,15,309,1139,3.69,14,75.9
99,Jamal Lewis\LewiJa00,2002,23,1-5,BAL,NFL,16,15,308,1327,4.31,6,82.9
100,Ray Rice\RiceRa00,2010,23,2-55,BAL,NFL,16,14,307,1220,3.97,5,76.3
101,Tiki Barber\BarbTi00,2002,27,2-36,NYG,NFL,16,15,304,1387,4.56,11,86.7
102,Ahman Green\GreeAh00,2001,24,3-76,GNB,NFL,16,16,304,1387,4.56,9,86.7
103,Chester Taylor\TaylCh01,2006,27,6-207,MIN,NFL,15,15,303,1216,4.01,6,81.1
104,LenDale White\WhitLe01,2007,23,2-45,TEN,NFL,16,16,303,1110,3.66,7,69.4
105,Domanick Williams\DaviDo01,2004,24,4-101,HOU,NFL,15,15,302,1188,3.93,13,79.2
106,Cedric Benson\BensCe00,2009,27,1-4,CIN,NFL,13,13,301,1251,4.16,6,96.2
107,Marshawn Lynch\LyncMa00,2013,27,1-12,SEA,NFL,16,16,301,1257,4.18,12,78.6
108,Michael Turner\TurnMi00,2011,29,5-154,ATL,NFL,16,15,301,1340,4.45,11,83.8
109,LeGarrette Blount\BlouLe00,2016,30,,NWE,NFL,16,8,299,1161,3.88,18,72.6
110,Maurice Jones-Drew\DrewMa00,2010,25,2-60,JAX,NFL,14,14,299,1324,4.43,5,94.6
111,Jamal Lewis\LewiJa00,2007,28,1-5,CLE,NFL,15,15,298,1304,4.38,9,86.9
112,Mike Anderson\AndeMi00,2000,27,6-189,DEN,NFL,16,12,297,1487,5.01,15,92.9
113,Thomas Jones\JoneTh00,2006,28,1-7,CHI,NFL,16,16,296,1210,4.09,6,75.6
114,Shaun Alexander\AlexSh00,2002,25,1-19,SEA,NFL,16,16,295,1175,3.98,16,73.4
115,Robert Smith\SmitRo00,2000,28,1-21,MIN,NFL,16,16,295,1521,5.16,7,95.1
116,Willis McGahee\McGaWi00,2007,26,1-23,BAL,NFL,15,15,294,1207,4.11,7,80.5
117,Emmitt Smith*\SmitEm00,2000,31,1-17,DAL,NFL,16,16,294,1203,4.09,9,75.2
118,David Johnson\JohnDa08,2016,25,3-86,ARI,NFL,16,16,293,1239,4.23,16,77.4
119,DeMarco Murray\MurrDe00,2016,28,3-71,TEN,NFL,16,16,293,1287,4.39,9,80.4
120,Fred Taylor\TaylFr00,2000,24,1-9,JAX,NFL,13,13,292,1399,4.79,12,107.6
121,LaDainian Tomlinson*\TomlLa00,2008,29,1-5,SDG,NFL,16,16,292,1110,3.80,11,69.4
122,Ray Rice\RiceRa00,2011,24,2-55,BAL,NFL,16,16,291,1364,4.69,12,85.3
123,James Allen\AlleJa00,2000,25,,CHI,NFL,16,15,290,1120,3.86,2,70.0
124,Le'Veon Bell\BellLe00,2014,22,2-48,PIT,NFL,16,16,290,1361,4.69,8,85.1
125,Thomas Jones\JoneTh00,2008,30,1-7,NYJ,NFL,16,14,290,1312,4.52,13,82.0
126,Clinton Portis\PortCl00,2003,22,2-51,DEN,NFL,13,13,290,1591,5.49,14,122.4
127,Stevan Ridley\RidlSt00,2012,23,3-73,NWE,NFL,16,12,290,1263,4.36,12,78.9
128,Cadillac Williams\WillCa02,2005,23,1-5,TAM,NFL,14,14,290,1178,4.06,6,84.1
129,Matt Forte\FortMa00,2013,28,2-44,CHI,NFL,16,16,289,1339,4.63,9,83.7
130,Doug Martin\MartDo00,2015,26,1-31,TAM,NFL,16,16,288,1402,4.87,6,87.6
131,LeSean McCoy\McCoLe01,2017,29,2-53,BUF,NFL,16,16,287,1138,3.97,6,71.1
132,Antowain Smith\SmitAn00,2001,29,1-23,NWE,NFL,16,15,287,1157,4.03,12,72.3
133,Fred Taylor\TaylFr00,2002,26,1-9,JAX,NFL,16,16,287,1314,4.58,8,82.1
134,Warrick Dunn\DunnWa00,2006,31,1-12,ATL,NFL,16,16,286,1140,3.99,4,71.3
135,Ahman Green\GreeAh00,2002,25,3-76,GNB,NFL,14,14,286,1240,4.34,7,88.6
136,Jamaal Charles\CharJa00,2012,26,3-73,KAN,NFL,16,15,285,1509,5.29,5,94.3
137,Marshawn Lynch\LyncMa00,2011,25,1-12,SEA,NFL,15,15,285,1204,4.22,12,80.3
138,Ryan Mathews\MathRy00,2013,26,1-12,SDG,NFL,16,14,285,1255,4.40,6,78.4
139,Melvin Gordon\GordMe00,2017,24,1-15,LAC,NFL,16,16,284,1105,3.89,8,69.1
140,Eddie Lacy\LacyEd00,2013,23,2-61,GNB,NFL,15,15,284,1178,4.15,11,78.5
141,Willis McGahee\McGaWi00,2004,23,1-23,BUF,NFL,16,11,284,1128,3.97,13,70.5
142,Adrian Peterson\PeteAd01,2010,25,1-7,MIN,NFL,15,15,283,1298,4.59,12,86.5
143,Jamal Anderson\AndeJa00,2000,28,7-201,ATL,NFL,16,16,282,1024,3.63,6,64.0
144,Frank Gore\GoreFr00,2011,28,3-65,SFO,NFL,16,15,282,1211,4.29,8,75.7
145,Ryan Grant\GranRy00,2009,27,,GNB,NFL,16,16,282,1253,4.44,11,78.3
146,Warrick Dunn\DunnWa00,2005,30,1-12,ATL,NFL,16,16,280,1416,5.06,3,88.5
147,Marshawn Lynch\LyncMa00,2014,28,1-12,SEA,NFL,16,14,280,1306,4.66,13,81.6
148,Marshawn Lynch\LyncMa00,2007,21,1-12,BUF,NFL,13,13,280,1115,3.98,7,85.8
149,Todd Gurley\GurlTo01,2017,23,1-10,LAR,NFL,15,15,279,1305,4.68,13,87.0
150,Chris Johnson\JohnCh04,2013,28,1-24,TEN,NFL,16,16,279,1077,3.86,6,67.3
151,Jamal Lewis\LewiJa00,2008,29,1-5,CLE,NFL,16,16,279,1002,3.59,4,62.6
152,Adrian Peterson\PeteAd01,2013,28,1-7,MIN,NFL,14,14,279,1266,4.54,10,90.4
153,Tiki Barber\BarbTi00,2003,28,2-36,NYG,NFL,16,16,278,1216,4.37,2,76.0
154,Arian Foster\FostAr00,2011,25,,HOU,NFL,13,13,278,1224,4.40,10,94.2
155,BenJarvus Green-Ellis\GreeBe00,2012,27,,CIN,NFL,15,15,278,1094,3.94,6,72.9
156,Todd Gurley\GurlTo01,2016,22,1-10,LAR,NFL,16,16,278,885,3.18,6,55.3
157,Anthony Thomas\ThomAn01,2001,24,2-38,CHI,NFL,14,10,278,1183,4.26,7,84.5
158,Ricky Watters\WattRi00,2000,31,2-45,SEA,NFL,16,16,278,1242,4.47,7,77.6
159,Brian Westbrook\WestBr00,2007,28,3-91,PHI,NFL,15,15,278,1333,4.79,7,88.9
160,Edgerrin James\JameEd00,2002,24,1-4,IND,NFL,14,14,277,989,3.57,2,70.6
161,Ahmad Bradshaw\BradAh00,2010,24,7-250,NYG,NFL,16,11,276,1235,4.47,8,77.2
162,Frank Gore\GoreFr00,2013,30,3-65,SFO,NFL,16,16,276,1128,4.09,9,70.5
163,Shonn Greene\GreeSh00,2012,27,3-65,NYJ,NFL,16,14,276,1063,3.85,8,66.4
164,Jordan Howard\HowaJo00,2017,23,5-150,CHI,NFL,16,16,276,1122,4.07,9,70.1
165,Chris Johnson\JohnCh04,2012,27,1-24,TEN,NFL,16,15,276,1243,4.50,6,77.7
166,Alfred Morris\MorrAl00,2013,25,6-173,WAS,NFL,16,16,276,1275,4.62,7,79.7
167,Reuben Droughns\DrouRe00,2004,26,3-81,DEN,NFL,16,15,275,1240,4.51,6,77.5
168,Troy Hambrick\HambTr00,2003,27,,DAL,NFL,16,16,275,972,3.53,5,60.8
169,Cedric Benson\BensCe00,2011,29,1-4,CIN,NFL,15,15,273,1067,3.91,6,71.1
170,LeSean McCoy\McCoLe01,2011,23,2-53,PHI,NFL,15,15,273,1309,4.79,17,87.3
171,Clinton Portis\PortCl00,2002,21,2-51,DEN,NFL,16,12,273,1508,5.52,15,94.3
172,DeAngelo Williams\WillDe02,2008,25,1-27,CAR,NFL,16,16,273,1515,5.55,18,94.7
173,Kareem Hunt\HuntKa00,2017,22,3-86,KAN,NFL,16,16,272,1327,4.88,8,82.9
174,LaMont Jordan\JordLa00,2005,27,2-49,OAK,NFL,14,14,272,1025,3.77,9,73.2
175,Travis Henry\HenrTr00,2006,28,2-58,TEN,NFL,14,13,270,1211,4.49,7,86.5
176,Peyton Hillis\HillPe00,2010,24,7-227,CLE,NFL,16,14,270,1177,4.36,11,73.6
177,Jamal Lewis\LewiJa00,2005,26,1-5,BAL,NFL,15,15,269,906,3.37,3,60.4
178,Deuce McAllister\McAlDe00,2004,26,1-23,NOR,NFL,14,14,269,1074,3.99,9,76.7
179,Duce Staley\StalDu00,2002,27,3-71,PHI,NFL,16,16,269,1029,3.83,5,64.3
180,Leonard Fournette\FourLe00,2017,22,1-4,JAX,NFL,13,13,268,1040,3.88,9,80.0
181,Lamar Miller\MillLa01,2016,25,4-97,HOU,NFL,14,14,268,1073,4.00,5,76.6
182,Steve Slaton\SlatSt00,2008,22,3-89,HOU,NFL,16,15,268,1282,4.78,9,80.1
183,Julius Jones\JoneJu01,2006,25,2-43,DAL,NFL,16,16,267,1084,4.06,4,67.8
184,Trent Richardson\RichTr00,2012,22,1-3,CLE,NFL,15,15,267,950,3.56,11,63.3
185,Emmitt Smith*\SmitEm00,2004,35,1-17,ARI,NFL,15,15,267,937,3.51,9,62.5
186,Matt Forte\FortMa00,2014,29,2-44,CHI,NFL,16,16,266,1038,3.90,6,64.9
187,Ahman Green\GreeAh00,2006,29,3-76,GNB,NFL,14,14,266,1059,3.98,5,75.6
188,Latavius Murray\MurrLa00,2015,25,6-181,OAK,NFL,16,16,266,1066,4.01,6,66.6
189,Warrick Dunn\DunnWa00,2004,29,1-12,ATL,NFL,16,16,265,1106,4.17,9,69.1
190,Devonta Freeman\FreeDe00,2015,23,4-103,ATL,NFL,15,13,265,1056,3.98,11,70.4
191,Alfred Morris\MorrAl00,2014,26,6-173,WAS,NFL,16,16,265,1074,4.05,8,67.1
192,Frank Gore\GoreFr00,2016,33,3-65,IND,NFL,16,16,263,1025,3.90,4,64.1
193,Ahman Green\GreeAh00,2000,23,3-76,GNB,NFL,16,11,263,1175,4.47,10,73.4
194,Chris Johnson\JohnCh04,2011,26,1-24,TEN,NFL,16,16,262,1047,4.00,4,65.4
195,Joseph Addai\AddaJo00,2007,24,1-30,IND,NFL,15,15,261,1072,4.11,12,71.5
196,Le'Veon Bell\BellLe00,2016,24,2-48,PIT,NFL,12,12,261,1268,4.86,7,105.7
197,Frank Gore\GoreFr00,2017,34,3-65,IND,NFL,16,16,261,961,3.68,3,60.1
198,Curtis Martin*\MartCu00,2002,29,3-74,NYJ,NFL,16,16,261,1094,4.19,7,68.4
199,Emmitt Smith*\SmitEm00,2001,32,1-17,DAL,NFL,14,14,261,1021,3.91,3,72.9
200,Jay Ajayi\AjayJa00,2016,23,5-149,MIA,NFL,15,12,260,1272,4.89,8,84.8
201,Marshall Faulk*\FaulMa00,2001,28,1-2,STL,NFL,14,14,260,1382,5.32,12,98.7
202,Arian Foster\FostAr00,2014,28,,HOU,NFL,13,13,260,1246,4.79,8,95.8
203,Frank Gore\GoreFr00,2007,24,3-65,SFO,NFL,15,15,260,1102,4.24,5,73.5
204,Frank Gore\GoreFr00,2015,32,3-65,IND,NFL,16,16,260,967,3.72,6,60.4
205,Steven Jackson\JackSt00,2011,28,1-24,STL,NFL,15,15,260,1145,4.40,5,76.3
206,Fred Taylor\TaylFr00,2004,28,1-9,JAX,NFL,14,14,260,1224,4.71,2,87.4
207,Jamaal Charles\CharJa00,2013,27,3-73,KAN,NFL,15,15,259,1287,4.97,12,85.8
208,Ahman Green\GreeAh00,2004,27,3-76,GNB,NFL,15,15,259,1163,4.49,7,77.5
209,Willis McGahee\McGaWi00,2006,25,1-23,BUF,NFL,14,14,259,990,3.82,6,70.7
210,Matt Forte\FortMa00,2009,24,2-44,CHI,NFL,16,16,258,929,3.60,4,58.1
211,Charlie Garner\GarnCh00,2000,28,2-42,SFO,NFL,16,15,258,1142,4.43,7,71.4
212,Frank Gore\GoreFr00,2012,29,3-65,SFO,NFL,16,16,258,1214,4.71,8,75.9
213,Steven Jackson\JackSt00,2012,29,1-24,STL,NFL,16,16,258,1045,4.05,4,65.3
214,Julius Jones\JoneJu01,2005,24,2-43,DAL,NFL,13,12,257,993,3.86,5,76.4
215,Ray Rice\RiceRa00,2012,25,2-55,BAL,NFL,16,16,257,1143,4.45,9,71.4
216,Michael Bush\BushMi00,2011,27,4-100,OAK,NFL,16,9,256,977,3.82,7,61.1
217,Michael Bennett\BennMi00,2002,24,1-27,MIN,NFL,16,16,255,1296,5.08,5,81.0
218,Frank Gore\GoreFr00,2014,31,3-65,SFO,NFL,16,16,255,1106,4.34,4,69.1
219,Willie Parker\ParkWi00,2005,25,,PIT,NFL,15,15,255,1202,4.71,4,80.1
220,Melvin Gordon\GordMe00,2016,23,1-15,SDG,NFL,13,11,254,997,3.93,10,76.7
221,Steven Jackson\JackSt00,2005,22,1-24,STL,NFL,15,15,254,1046,4.12,8,69.7
222,Ray Rice\RiceRa00,2009,22,2-55,BAL,NFL,16,15,254,1339,5.27,7,83.7
223,Emmitt Smith*\SmitEm00,2002,33,1-17,DAL,NFL,16,16,254,975,3.84,5,60.9
224,Marshall Faulk*\FaulMa00,2000,27,1-2,STL,NFL,14,14,253,1359,5.37,18,97.1
225,Shonn Greene\GreeSh00,2011,26,3-65,NYJ,NFL,16,15,253,1054,4.17,6,65.9
226,Steven Jackson\JackSt00,2008,25,1-24,STL,NFL,12,11,253,1042,4.12,7,86.8
227,Shaun Alexander\AlexSh00,2006,29,1-19,SEA,NFL,10,10,252,896,3.56,7,89.6
228,Garrison Hearst\HearGa00,2001,30,1-3,SFO,NFL,16,16,252,1206,4.79,4,75.4
229,Jordan Howard\HowaJo00,2016,22,5-150,CHI,NFL,15,13,252,1313,5.21,6,87.5
230,Antowain Smith\SmitAn00,2002,30,1-23,NWE,NFL,16,15,252,982,3.90,6,61.4
231,Chris Johnson\JohnCh04,2008,23,1-24,TEN,NFL,15,14,251,1228,4.89,9,81.9
232,Jerome Bettis*\BettJe00,2004,32,1-10,PIT,NFL,15,6,250,941,3.76,13,62.7
233,Marshawn Lynch\LyncMa00,2008,22,1-12,BUF,NFL,15,15,250,1036,4.14,8,69.1
234,Zac Stacy\StacZa00,2013,22,5-160,STL,NFL,14,12,250,973,3.89,7,69.5
235,Willis McGahee\McGaWi00,2011,30,1-23,DEN,NFL,15,14,249,1199,4.82,4,79.9
236,Warrick Dunn\DunnWa00,2000,25,1-12,TAM,NFL,16,14,248,1133,4.57,8,70.8
237,Matt Forte\FortMa00,2012,27,2-44,CHI,NFL,15,15,248,1094,4.41,5,72.9
238,Ricky Williams\WillRi00,2000,23,1-5,NOR,NFL,10,10,248,1000,4.03,8,100.0
239,DeShaun Foster\FostDe00,2007,27,2-34,CAR,NFL,16,16,247,876,3.55,3,54.8
240,Chris Ivory\IvorCh00,2015,27,,NYJ,NFL,15,14,247,1070,4.33,7,71.3
241,Knowshon Moreno\MoreKn00,2009,22,1-12,DEN,NFL,16,9,247,947,3.83,7,59.2
242,Jerome Bettis*\BettJe00,2003,31,1-10,PIT,NFL,16,10,246,811,3.30,7,50.7
243,Eddie Lacy\LacyEd00,2014,24,2-61,GNB,NFL,16,16,246,1139,4.63,9,71.2
244,C.J. Anderson\AndeC.00,2017,26,,DEN,NFL,16,16,245,1007,4.11,3,62.9
245,Ladell Betts\BettLa00,2006,27,2-56,WAS,NFL,16,9,245,1154,4.71,4,72.1
246,Thomas Jones\JoneTh00,2010,32,1-7,KAN,NFL,16,10,245,896,3.66,6,56.0
247,Beanie Wells\WellCh00,2011,23,1-31,ARI,NFL,14,14,245,1047,4.27,10,74.8
248,Kevan Barlow\BarlKe00,2004,25,3-80,SFO,NFL,15,14,244,822,3.37,7,54.8
249,Le'Veon Bell\BellLe00,2013,21,2-48,PIT,NFL,13,13,244,860,3.52,8,66.2
250,Deuce McAllister\McAlDe00,2006,28,1-23,NOR,NFL,15,13,244,1057,4.33,10,70.5
251,Anthony Thomas\ThomAn01,2003,26,2-38,CHI,NFL,13,13,244,1024,4.20,6,78.8
252,William Green\GreeWi01,2002,23,1-16,CLE,NFL,16,10,243,887,3.65,6,55.4
253,Ezekiel Elliott\ElliEz00,2017,22,1-4,DAL,NFL,10,10,242,983,4.06,7,98.3
254,Rashard Mendenhall\MendRa00,2009,22,1-23,PIT,NFL,16,12,242,1108,4.58,7,69.3
255,Jonathan Stewart\StewJo00,2015,28,1-13,CAR,NFL,13,13,242,989,4.09,6,76.1
256,Ronnie Brown\BrowRo05,2006,25,1-2,MIA,NFL,13,12,241,1008,4.18,5,77.5
257,Kevin Jones\JoneKe02,2004,22,1-30,DET,NFL,15,14,241,1133,4.70,5,75.5
258,Knowshon Moreno\MoreKn00,2013,26,1-12,DEN,NFL,16,15,241,1038,4.31,10,64.9
259,Michael Pittman\PittMi00,2001,26,4-95,ARI,NFL,15,14,241,846,3.51,5,56.4
260,Ricky Williams\WillRi00,2009,32,1-5,MIA,NFL,16,7,241,1121,4.65,11,70.1
261,Frank Gore\GoreFr00,2008,25,3-65,SFO,NFL,14,14,240,1036,4.32,6,74.0
262,Carlos Hyde\HydeCa00,2017,27,2-57,SFO,NFL,16,16,240,938,3.91,8,58.6
263,Thomas Jones\JoneTh00,2004,26,1-7,CHI,NFL,14,14,240,948,3.95,7,67.7
264,Brian Westbrook\WestBr00,2006,27,3-91,PHI,NFL,15,14,240,1217,5.07,7,81.1
265,Mike Anderson\AndeMi00,2005,32,6-189,DEN,NFL,15,15,239,1014,4.24,12,67.6
266,Darren McFadden\McFaDa00,2015,28,1-4,DAL,NFL,16,10,239,1089,4.56,3,68.1
267,Marion Barber\BarbMa01,2008,25,4-109,DAL,NFL,15,13,238,885,3.72,7,59.0
268,Lamar Miller\MillLa01,2017,26,4-97,HOU,NFL,16,13,238,888,3.73,3,55.5
269,Adrian Peterson\PeteAd01,2007,22,1-7,MIN,NFL,14,9,238,1341,5.63,12,95.8
270,Kevin Smith\SmitKe02,2008,22,3-64,DET,NFL,16,12,238,976,4.10,8,61.0
271,Domanick Williams\DaviDo01,2003,23,4-101,HOU,NFL,14,10,238,1031,4.33,8,73.6
272,Matt Forte\FortMa00,2010,25,2-44,CHI,NFL,16,16,237,1069,4.51,6,66.8
273,Fred Jackson\JackFr02,2009,28,,BUF,NFL,16,11,237,1062,4.48,2,66.4
274,Steven Jackson\JackSt00,2007,24,1-24,STL,NFL,12,12,237,1002,4.23,5,83.5
275,Maurice Smith\SmitMa00,2001,25,,ATL,NFL,16,12,237,760,3.21,5,47.5
276,Justin Forsett\ForsJu00,2014,29,7-233,BAL,NFL,16,14,235,1266,5.39,8,79.1
277,Jamal Lewis\LewiJa00,2004,25,1-5,BAL,NFL,12,12,235,1006,4.28,7,83.8
278,Maurice Jones-Drew\DrewMa00,2013,28,2-60,JAX,NFL,15,15,234,803,3.43,5,53.5
279,LeSean McCoy\McCoLe01,2016,28,2-53,BUF,NFL,15,15,234,1267,5.41,13,84.5
280,Tatum Bell\BellTa00,2006,25,2-41,DEN,NFL,13,13,233,1025,4.40,2,78.8
281,Dominic Rhodes\RhodDo00,2001,22,,IND,NFL,15,10,233,1104,4.74,9,73.6
282,Brian Westbrook\WestBr00,2008,29,3-91,PHI,NFL,14,14,233,936,4.02,9,66.9
283,Le'Ron McClain\McClLe00,2008,24,4-137,BAL,NFL,16,16,232,902,3.89,10,56.4
284,Tyrone Wheatley\WheaTy00,2000,28,1-17,OAK,NFL,14,13,232,1046,4.51,9,74.7
285,James Stewart\StewJa00,2002,31,1-19,DET,NFL,14,9,231,1021,4.42,4,72.9
286,Fred Taylor\TaylFr00,2006,30,1-9,JAX,NFL,15,15,231,1146,4.96,5,76.4
287,Jamaal Charles\CharJa00,2010,24,3-73,KAN,NFL,16,6,230,1467,6.38,5,91.7
288,Warrick Dunn\DunnWa00,2002,27,1-12,ATL,NFL,15,14,230,927,4.03,7,61.8
289,Mark Ingram\IngrMa01,2017,28,1-28,NOR,NFL,16,13,230,1124,4.89,12,70.3
290,Domanick Williams\DaviDo01,2005,25,4-101,HOU,NFL,11,11,230,976,4.24,2,88.7
291,Frank Gore\GoreFr00,2009,26,3-65,SFO,NFL,14,14,229,1120,4.89,10,80.0
292,BenJarvus Green-Ellis\GreeBe00,2010,25,,NWE,NFL,16,11,229,1008,4.40,13,63.0
293,Todd Gurley\GurlTo01,2015,21,1-10,STL,NFL,13,12,229,1106,4.83,10,85.1
294,Ron Dayne\DaynRo00,2000,22,1-11,NYG,NFL,16,4,228,770,3.38,5,48.1
295,Rashard Mendenhall\MendRa00,2011,24,1-23,PIT,NFL,15,15,228,928,4.07,9,61.9
296,Marcel Shipp\ShipMa00,2003,25,,ARI,NFL,16,11,228,830,3.64,0,51.9
297,Reggie Bush\BushRe00,2012,27,1-2,MIA,NFL,16,16,227,986,4.34,6,61.6
298,Warrick Dunn\DunnWa00,2007,32,1-12,ATL,NFL,16,15,227,720,3.17,4,45.0
299,DeShaun Foster\FostDe00,2006,26,2-34,CAR,NFL,14,14,227,897,3.95,3,64.1
300,Devonta Freeman\FreeDe00,2016,24,4-103,ATL,NFL,16,16,227,1079,4.75,11,67.4
301,Joseph Addai\AddaJo00,2006,23,1-30,IND,NFL,16,0,226,1081,4.78,7,67.6
302,Mark Ingram\IngrMa01,2014,25,1-28,NOR,NFL,13,9,226,964,4.27,9,74.2
303,Jerome Bettis*\BettJe00,2001,29,1-10,PIT,NFL,11,11,225,1072,4.76,4,97.5
304,Cadillac Williams\WillCa02,2006,24,1-5,TAM,NFL,14,14,225,798,3.55,1,57.0
305,Chris Brown\BrowCh03,2005,24,3-93,TEN,NFL,15,14,224,851,3.80,5,56.7
306,Brandon Jacobs\JacoBr00,2009,27,4-110,NYG,NFL,15,15,224,835,3.73,5,55.7
307,Joique Bell\BellJo01,2014,28,,DET,NFL,15,6,223,860,3.86,7,57.3
308,Reggie Bush\BushRe00,2013,28,1-2,DET,NFL,14,14,223,1006,4.51,4,71.9
309,Jeremy Hill\HillJe01,2015,23,2-55,CIN,NFL,16,15,223,794,3.56,11,49.6
310,Darren McFadden\McFaDa00,2010,23,1-4,OAK,NFL,13,13,223,1157,5.19,7,89.0
311,Fred Taylor\TaylFr00,2007,31,1-9,JAX,NFL,15,15,223,1202,5.39,5,80.1
312,LaDainian Tomlinson*\TomlLa00,2009,30,1-5,SDG,NFL,14,14,223,730,3.27,12,52.1
313,Justin Fargas\FargJu00,2007,27,3-96,OAK,NFL,14,7,222,1009,4.55,4,72.1
314,Earnest Graham\GrahEa00,2007,27,,TAM,NFL,15,10,222,898,4.05,10,59.9
315,Jeremy Hill\HillJe01,2014,22,2-55,CIN,NFL,16,8,222,1124,5.06,9,70.3
316,Jeremy Hill\HillJe01,2016,24,2-55,CIN,NFL,15,13,222,839,3.78,9,55.9
317,Fred Jackson\JackFr02,2010,29,,BUF,NFL,16,13,222,927,4.18,5,57.9
318,Ryan Mathews\MathRy00,2011,24,1-12,SDG,NFL,14,14,222,1091,4.91,6,77.9
319,Michael Turner\TurnMi00,2012,30,5-154,ATL,NFL,16,16,222,800,3.60,10,50.0
320,Ahmad Bradshaw\BradAh00,2012,26,7-250,NYG,NFL,14,12,221,1015,4.59,6,72.5
321,Jonathan Stewart\StewJo00,2009,22,1-13,CAR,NFL,16,3,221,1133,5.13,10,70.8
322,Chris Brown\BrowCh03,2004,23,3-93,TEN,NFL,11,11,220,1067,4.85,6,97.0
323,Reuben Droughns\DrouRe00,2006,28,3-81,CLE,NFL,14,12,220,758,3.45,4,54.1
324,BenJarvus Green-Ellis\GreeBe00,2013,28,,CIN,NFL,16,16,220,756,3.44,7,47.3
325,Curtis Martin*\MartCu00,2005,32,3-74,NYJ,NFL,12,12,220,735,3.34,5,61.3
326,Joseph Addai\AddaJo00,2009,26,1-30,IND,NFL,15,15,219,828,3.78,10,55.2
327,Brandon Jacobs\JacoBr00,2008,26,4-110,NYG,NFL,13,13,219,1089,4.97,15,83.8
328,Michael Pittman\PittMi00,2004,29,4-95,TAM,NFL,13,13,219,926,4.23,7,71.2
329,LaDainian Tomlinson*\TomlLa00,2010,31,1-5,NYJ,NFL,15,13,219,914,4.17,6,60.9
330,Justin Fargas\FargJu00,2008,28,3-96,OAK,NFL,14,14,218,853,3.91,1,60.9
331,Matt Forte\FortMa00,2016,31,2-44,NYJ,NFL,14,13,218,813,3.73,7,58.1
332,Matt Forte\FortMa00,2015,30,2-44,CHI,NFL,13,13,218,898,4.12,4,69.1
333,Jonathan Stewart\StewJo00,2016,29,1-13,CAR,NFL,13,13,218,824,3.78,9,63.4
334,Nick Goings\GoinNi00,2004,26,,CAR,NFL,16,8,217,821,3.78,6,51.3
335,Carlos Hyde\HydeCa00,2016,26,2-57,SFO,NFL,13,13,217,988,4.55,6,76.0
336,Rashard Mendenhall\MendRa00,2013,26,1-23,ARI,NFL,15,15,217,687,3.17,8,45.8
337,DeMarco Murray\MurrDe00,2013,25,3-71,DAL,NFL,14,14,217,1121,5.17,9,80.1
338,Kevin Smith\SmitKe02,2009,23,3-64,DET,NFL,13,13,217,747,3.44,4,57.5
339,Andre Williams\WillAn00,2014,22,4-113,NYG,NFL,16,7,217,721,3.32,7,45.1
340,Reggie Bush\BushRe00,2011,26,1-2,MIA,NFL,15,15,216,1086,5.03,6,72.4
341,Darren McFadden\McFaDa00,2012,25,1-4,OAK,NFL,12,12,216,707,3.27,2,58.9
342,Lamar Miller\MillLa01,2014,23,4-97,MIA,NFL,16,16,216,1099,5.09,8,68.7
343,Latavius Murray\MurrLa00,2017,27,6-181,MIN,NFL,16,11,216,842,3.90,8,52.6
344,DeAngelo Williams\WillDe02,2009,26,1-27,CAR,NFL,13,13,216,1117,5.17,7,85.9
345,Garrison Hearst\HearGa00,2002,31,1-3,SFO,NFL,16,16,215,972,4.52,8,60.8
346,Rudi Johnson\JohnRu00,2003,24,4-100,CIN,NFL,13,5,215,957,4.45,9,73.6
347,Mikel Leshoure\LeshMi00,2012,22,2-57,DET,NFL,14,14,215,798,3.71,9,57.0
348,Marion Barber\BarbMa01,2009,26,4-109,DAL,NFL,15,15,214,932,4.36,7,62.1
349,Cedric Benson\BensCe00,2008,26,1-4,CIN,NFL,12,10,214,747,3.49,2,62.3
350,Ronnie Brown\BrowRo05,2008,27,1-2,MIA,NFL,16,13,214,916,4.28,10,57.3
351,Ray Rice\RiceRa00,2013,26,2-55,BAL,NFL,15,15,214,660,3.08,4,44.0
352,Anthony Thomas\ThomAn01,2002,25,2-38,CHI,NFL,12,12,214,721,3.37,6,60.1
353,Spencer Ware\WareSp00,2016,25,6-194,KAN,NFL,14,14,214,921,4.30,3,65.8
354,Tiki Barber\BarbTi00,2000,25,2-36,NYG,NFL,16,12,213,1006,4.72,8,62.9
355,Travis Henry\HenrTr00,2001,23,2-58,BUF,NFL,13,12,213,729,3.42,4,56.1
356,Stacey Mack\MackSt00,2001,26,,JAX,NFL,16,11,213,877,4.12,9,54.8
357,Alex Collins\CollAl00,2017,23,5-171,BAL,NFL,15,12,212,973,4.59,6,64.9
358,Marshall Faulk*\FaulMa00,2002,29,1-2,STL,NFL,14,10,212,953,4.50,8,68.1
359,Vick Ballard\BallVi00,2012,22,5-170,IND,NFL,16,12,211,814,3.86,2,50.9
360,Charlie Garner\GarnCh00,2001,29,2-42,OAK,NFL,16,16,211,839,3.98,1,52.4
361,Cadillac Williams\WillCa02,2009,27,1-5,TAM,NFL,16,15,211,823,3.90,4,51.4
362,Willie Parker\ParkWi00,2008,28,,PIT,NFL,11,11,210,791,3.77,5,71.9
363,Corey Dillon\DillCo00,2005,31,2-43,NWE,NFL,12,10,209,733,3.51,12,61.1
364,Marshall Faulk*\FaulMa00,2003,30,1-2,STL,NFL,11,11,209,818,3.91,10,74.4
365,Lamar Smith\SmitLa00,2002,32,3-73,CAR,NFL,11,11,209,737,3.53,7,67.0
366,Jay Ajayi\AjayJa00,2017,24,5-149,2TM,NFL,14,8,208,873,4.20,1,62.4
367,Adrian Peterson\PeteAd01,2011,26,1-7,MIN,NFL,12,12,208,970,4.66,12,80.8
368,Shaun Alexander\AlexSh00,2007,30,1-19,SEA,NFL,13,10,207,716,3.46,4,55.1
369,Ronnie Brown\BrowRo05,2005,24,1-2,MIA,NFL,15,14,207,907,4.38,4,60.5
370,Stephen Davis\DaviSt00,2002,28,4-102,WAS,NFL,12,12,207,820,3.96,7,68.3
371,Ronnie Hillman\HillRo00,2015,24,3-67,DEN,NFL,16,11,207,863,4.17,7,53.9
372,Marshawn Lynch\LyncMa00,2017,31,1-12,OAK,NFL,15,15,207,891,4.30,7,59.4
373,LeSean McCoy\McCoLe01,2010,22,2-53,PHI,NFL,15,13,207,1080,5.22,7,72.0
374,C.J. Spiller\SpilC.00,2012,25,1-9,BUF,NFL,16,9,207,1244,6.01,6,77.8
375,Jamaal Charles\CharJa00,2014,28,3-73,KAN,NFL,15,15,206,1033,5.01,9,68.9
376,Isaiah Crowell\CrowIs00,2017,24,,CLE,NFL,16,16,206,853,4.14,2,53.3
377,Fred Jackson\JackFr02,2013,32,,BUF,NFL,16,6,206,890,4.32,9,55.6
378,DeShaun Foster\FostDe00,2005,25,2-34,CAR,NFL,15,5,205,879,4.29,2,58.6
379,Mark Ingram\IngrMa01,2016,27,1-28,NOR,NFL,16,14,205,1043,5.09,6,65.2
380,Marion Barber\BarbMa01,2007,24,4-109,DAL,NFL,16,0,204,975,4.78,10,60.9
381,Michael Pittman\PittMi00,2002,27,4-95,TAM,NFL,16,15,204,718,3.52,1,44.9
382,Matt Forte\FortMa00,2011,26,2-44,CHI,NFL,12,12,203,997,4.91,3,83.1
383,Frank Gore\GoreFr00,2010,27,3-65,SFO,NFL,11,11,203,853,4.20,3,77.5
384,LeSean McCoy\McCoLe01,2015,27,2-53,BUF,NFL,12,12,203,895,4.41,3,74.6
385,Brandon Jacobs\JacoBr00,2007,25,4-110,NYG,NFL,11,9,202,1009,5.00,4,91.7
386,Marshawn Lynch\LyncMa00,2010,24,1-12,2TM,NFL,16,14,202,737,3.65,6,46.1
387,Alfred Morris\MorrAl00,2015,27,6-173,WAS,NFL,16,16,202,751,3.72,1,46.9
388,C.J. Spiller\SpilC.00,2013,26,1-9,BUF,NFL,15,10,202,933,4.62,2,62.2
389,Kevan Barlow\BarlKe00,2003,24,3-80,SFO,NFL,16,4,201,1024,5.09,6,64.0
390,LeGarrette Blount\BlouLe00,2010,24,,TAM,NFL,13,7,201,1007,5.01,6,77.5
391,Andre Ellington\ElliAn00,2014,25,6-187,ARI,NFL,12,12,201,660,3.28,3,55.0
392,DeAngelo Williams\WillDe02,2013,30,1-27,CAR,NFL,15,15,201,843,4.19,3,56.2
393,Ronnie Brown\BrowRo05,2010,29,1-2,MIA,NFL,16,16,200,734,3.67,5,45.9
394,LeSean McCoy\McCoLe01,2012,24,2-53,PHI,NFL,12,12,200,840,4.20,2,70.0
395,LenDale White\WhitLe01,2008,24,2-45,TEN,NFL,16,2,200,773,3.87,15,48.3
396,DeAngelo Williams\WillDe02,2015,32,1-27,PIT,NFL,16,10,200,907,4.54,11,56.7
397,Corey Dillon\DillCo00,2006,32,2-43,NWE,NFL,16,13,199,812,4.08,13,50.8
398,Lee Suggs\SuggLe00,2004,24,4-115,CLE,NFL,10,3,199,744,3.74,2,74.4
399,Isaiah Crowell\CrowIs00,2016,23,,CLE,NFL,16,16,198,952,4.81,7,59.5
400,Chris Ivory\IvorCh00,2014,26,,NYJ,NFL,16,10,198,821,4.15,6,51.3
401,Jonathan Stewart\StewJo00,2017,30,1-13,CAR,NFL,15,10,198,680,3.43,6,45.3
402,T.J. Duckett\DuckT.00,2003,22,1-18,ATL,NFL,16,10,197,779,3.95,11,48.7
403,Julius Jones\JoneJu01,2004,23,2-43,DAL,NFL,8,7,197,819,4.16,7,102.4
404,Maurice Jones-Drew\DrewMa00,2008,23,2-60,JAX,NFL,16,3,197,824,4.18,12,51.5
405,Jonathan Wells\WellJo00,2002,23,4-99,HOU,NFL,16,11,197,529,2.69,3,33.1
406,Cedric Benson\BensCe00,2007,25,1-4,CHI,NFL,11,11,196,674,3.44,4,61.3
407,Devonta Freeman\FreeDe00,2017,25,4-103,ATL,NFL,14,14,196,865,4.41,7,61.8
408,Priest Holmes\HolmPr00,2004,31,,KAN,NFL,8,8,196,892,4.55,14,111.5
409,Chris Johnson\JohnCh04,2015,30,1-24,ARI,NFL,11,9,196,814,4.15,3,74.0
410,Marshall Faulk*\FaulMa00,2004,31,1-2,STL,NFL,14,14,195,774,3.97,3,55.3
411,James Jackson\JackJa00,2001,25,3-65,CLE,NFL,11,10,195,554,2.84,2,50.4
412,Rashad Jennings\JennRa00,2015,30,7-250,NYG,NFL,16,16,195,863,4.43,3,53.9
413,Latavius Murray\MurrLa00,2016,26,6-181,OAK,NFL,14,12,195,788,4.04,12,56.3
414,Ron Dayne\DaynRo00,2007,29,1-11,HOU,NFL,13,8,194,773,3.98,6,59.5
415,Jerome Harrison\HarrJe00,2009,26,5-145,CLE,NFL,14,7,194,862,4.44,5,61.6
416,Laurence Maroney\MaroLa00,2009,24,1-21,NWE,NFL,15,5,194,757,3.90,9,50.5
417,Lamar Miller\MillLa01,2015,24,4-97,MIA,NFL,16,16,194,872,4.49,8,54.5
418,Fred Taylor\TaylFr00,2005,29,1-9,JAX,NFL,11,11,194,787,4.06,3,71.5
419,Larry Johnson\JohnLa00,2008,29,1-27,KAN,NFL,12,12,193,874,4.53,5,72.8
420,DeMarco Murray\MurrDe00,2015,27,3-71,PHI,NFL,15,8,193,702,3.64,6,46.8
421,Terrance West\WestTe00,2016,25,3-94,BAL,NFL,16,13,193,774,4.01,5,48.4
422,Amos Zereoue\ZereAm00,2002,26,3-95,PIT,NFL,16,5,193,762,3.95,4,47.6
423,Duce Staley\StalDu00,2004,29,3-71,PIT,NFL,10,10,192,830,4.32,1,83.0
424,Jamaal Charles\CharJa00,2009,23,3-73,KAN,NFL,15,10,190,1120,5.89,7,74.7
425,Brandon Jackson\JackBr00,2010,25,2-63,GNB,NFL,16,13,190,703,3.70,3,43.9
426,Steven Jackson\JackSt00,2014,31,1-24,ATL,NFL,15,15,190,707,3.72,6,47.1
427,Ryan Grant\GranRy00,2007,25,,GNB,NFL,15,7,188,956,5.09,8,63.7
428,Trent Richardson\RichTr00,2013,23,1-3,2TM,NFL,16,10,188,563,2.99,3,35.2
429,Marcel Shipp\ShipMa00,2002,24,,ARI,NFL,15,6,188,834,4.44,6,55.6
430,Jerome Bettis*\BettJe00,2002,30,1-10,PIT,NFL,13,11,187,666,3.56,9,51.2
431,Eddie Lacy\LacyEd00,2015,25,2-61,GNB,NFL,15,12,187,758,4.05,3,50.5
432,Michael Pittman\PittMi00,2003,28,4-95,TAM,NFL,16,13,187,751,4.02,0,46.9
433,Dominic Rhodes\RhodDo00,2006,27,,IND,NFL,16,16,187,641,3.43,5,40.1
434,Warrick Dunn\DunnWa00,2008,33,1-12,TAM,NFL,15,6,186,786,4.23,2,52.4
435,Kevin Jones\JoneKe02,2005,23,1-30,DET,NFL,13,13,186,664,3.57,5,51.1
436,Isaiah Crowell\CrowIs00,2015,22,,CLE,NFL,16,9,185,706,3.82,4,44.1
437,Shonn Greene\GreeSh00,2010,25,3-65,NYJ,NFL,15,2,185,766,4.14,2,51.1
438,Felix Jones\JoneFe00,2010,23,1-22,DAL,NFL,16,7,185,800,4.32,1,50.0
439,Laurence Maroney\MaroLa00,2007,22,1-21,NWE,NFL,13,6,185,835,4.51,6,64.2
440,LeGarrette Blount\BlouLe00,2011,25,,TAM,NFL,14,14,184,781,4.24,5,55.8
441,Melvin Gordon\GordMe00,2015,22,1-15,SDG,NFL,14,13,184,641,3.48,0,45.8
442,Ryan Mathews\MathRy00,2012,25,1-12,SDG,NFL,12,9,184,707,3.84,1,58.9
443,DeMarco Murray\MurrDe00,2017,29,3-71,TEN,NFL,15,15,184,659,3.58,6,43.9
444,Michael Pittman\PittMi00,2000,25,4-95,ARI,NFL,16,12,184,719,3.91,4,44.9
445,Jonathan Stewart\StewJo00,2008,21,1-13,CAR,NFL,16,0,184,836,4.54,10,52.3
446,Alfred Blue\BlueAl00,2015,24,6-181,HOU,NFL,15,9,183,698,3.81,2,46.5
447,Charlie Garner\GarnCh00,2002,30,2-42,OAK,NFL,16,15,182,962,5.29,7,60.1
448,Chris Ivory\IvorCh00,2013,25,,NYJ,NFL,15,6,182,833,4.58,3,55.5
449,Knowshon Moreno\MoreKn00,2010,23,1-12,DEN,NFL,13,13,182,779,4.28,5,59.9
450,Antowain Smith\SmitAn00,2003,31,1-23,NWE,NFL,13,6,182,642,3.53,3,49.4
451,Mike Tolbert\TolbMi00,2010,25,,SDG,NFL,15,4,182,735,4.04,11,49.0
452,Derrick Ward\WardDe01,2008,28,7-235,NYG,NFL,16,3,182,1025,5.63,2,64.1
453,T.J. Yeldon\YeldT.00,2015,22,2-36,JAX,NFL,12,12,182,740,4.07,2,61.7
454,BenJarvus Green-Ellis\GreeBe00,2011,26,,NWE,NFL,16,6,181,667,3.69,11,41.7
455,Rashad Jennings\JennRa00,2016,31,7-250,NYG,NFL,13,12,181,593,3.28,3,45.6
456,Kevin Jones\JoneKe02,2006,24,1-30,DET,NFL,12,12,181,689,3.81,6,57.4
457,Ben Tate\TateBe00,2013,25,2-58,HOU,NFL,14,7,181,771,4.26,4,55.1
458,Stephen Davis\DaviSt00,2005,31,4-102,CAR,NFL,13,11,180,549,3.05,12,42.2
459,Ron Dayne\DaynRo00,2001,23,1-11,NYG,NFL,16,7,180,690,3.83,7,43.1
460,Dion Lewis\LewiDi00,2017,27,5-149,NWE,NFL,16,8,180,896,4.98,6,56.0
461,C.J. Anderson\AndeC.00,2014,23,,DEN,NFL,15,7,179,849,4.74,8,56.6
462,Tre Mason\MasoTr00,2014,21,3-75,STL,NFL,12,9,179,765,4.27,4,63.8
463,Justin Fargas\FargJu00,2006,26,3-96,OAK,NFL,16,6,178,659,3.70,1,41.2
464,Kevin Faulk\FaulKe00,2003,27,2-46,NWE,NFL,15,8,178,638,3.58,0,42.5
465,Garrison Hearst\HearGa00,2003,32,1-3,SFO,NFL,12,12,178,768,4.31,3,64.0
466,Larry Johnson\JohnLa00,2009,30,1-27,2TM,NFL,14,7,178,581,3.26,0,41.5
467,Joe Mixon\MixoJo00,2017,21,2-48,CIN,NFL,14,7,178,626,3.52,4,44.7
468,Bilal Powell\PoweBi00,2017,29,4-126,NYJ,NFL,15,10,178,772,4.34,5,51.5
469,Stevan Ridley\RidlSt00,2013,24,3-73,NWE,NFL,14,6,178,773,4.34,7,55.2
470,Jonathan Stewart\StewJo00,2010,23,1-13,CAR,NFL,14,7,178,770,4.33,2,55.0
471,Michael Turner\TurnMi00,2009,27,5-154,ATL,NFL,11,11,178,871,4.89,10,79.2
472,Kenny Watson\WatsKe00,2007,29,,CIN,NFL,16,5,178,763,4.29,7,47.7
473,Julius Jones\JoneJu01,2009,28,2-43,SEA,NFL,14,14,177,663,3.75,2,47.4
474,Lamar Miller\MillLa01,2013,22,4-97,MIA,NFL,16,15,177,709,4.01,2,44.3
475,Brian Westbrook\WestBr00,2004,25,3-91,PHI,NFL,13,12,177,812,4.59,3,62.5
476,Kevan Barlow\BarlKe00,2005,26,3-80,SFO,NFL,12,12,176,581,3.30,3,48.4
477,Derrick Henry\HenrDe00,2017,23,2-45,TEN,NFL,16,2,176,744,4.23,5,46.5
478,Bilal Powell\PoweBi00,2013,25,4-126,NYJ,NFL,16,11,176,697,3.96,1,43.6
479,Beanie Wells\WellCh00,2009,21,1-31,ARI,NFL,16,0,176,793,4.51,7,49.6
480,Mike Anderson\AndeMi00,2001,28,6-189,DEN,NFL,16,7,175,678,3.87,4,42.4
481,Laurence Maroney\MaroLa00,2006,21,1-21,NWE,NFL,14,0,175,745,4.26,6,53.2
482,Samaje Perine\PeriSa00,2017,22,4-114,WAS,NFL,16,8,175,603,3.45,1,37.7
483,Jonathan Stewart\StewJo00,2014,27,1-13,CAR,NFL,13,8,175,809,4.62,3,62.2
484,Ben Tate\TateBe00,2011,23,2-58,HOU,NFL,15,2,175,942,5.38,4,62.8
485,Devontae Booker\BookDe00,2016,24,4-136,DEN,NFL,16,6,174,612,3.52,4,38.3
486,Moe Williams\WillMo00,2003,29,3-75,MIN,NFL,16,7,174,745,4.28,5,46.6
487,Tatum Bell\BellTa00,2005,24,2-41,DEN,NFL,15,1,173,921,5.32,8,61.4
488,Tim Biakabutuka\BiakTi00,2000,26,1-8,CAR,NFL,12,11,173,627,3.62,2,52.3
489,LeGarrette Blount\BlouLe00,2017,31,,PHI,NFL,16,11,173,766,4.43,2,47.9
490,Travis Prentice\PrenTr00,2000,24,3-63,CLE,NFL,16,11,173,512,2.96,7,32.0
491,DeAngelo Williams\WillDe02,2012,29,1-27,CAR,NFL,16,10,173,737,4.26,5,46.1
492,Mike Bell\BellMi00,2009,26,,NOR,NFL,13,3,172,654,3.80,5,50.3
493,Michael Bennett\BennMi00,2001,23,1-27,MIN,NFL,13,13,172,682,3.97,2,52.5
494,Jahvid Best\BestJa00,2010,21,1-30,DET,NFL,16,9,171,555,3.25,4,34.7
495,Ahmad Bradshaw\BradAh00,2011,25,7-250,NYG,NFL,12,9,171,659,3.85,9,54.9
496,Orleans Darkwa\DarkOr00,2017,25,,NYG,NFL,15,11,171,751,4.39,5,50.1
497,Terrance West\WestTe00,2014,23,3-94,CLE,NFL,14,6,171,673,3.94,4,48.1
498,Giovani Bernard\BernGi00,2013,22,2-37,CIN,NFL,16,0,170,695,4.09,5,43.4
499,Fred Jackson\JackFr02,2011,30,,BUF,NFL,10,10,170,934,5.49,6,93.4
500,Rudi Johnson\JohnRu00,2007,28,4-100,CIN,NFL,11,9,170,497,2.92,3,45.2
501,Willis McGahee\McGaWi00,2008,27,1-23,BAL,NFL,13,8,170,671,3.95,7,51.6
502,Alfred Blue\BlueAl00,2014,23,6-181,HOU,NFL,16,3,169,528,3.12,2,33.0
503,Todd Gurley\GurlTo01,2018,24,1-10,LAR,NFL,8,8,169,800,4.73,11,100.0
504,Terry Allen\AlleTe00,2001,33,9-241,BAL,NFL,11,8,168,658,3.92,3,59.8
505,Giovani Bernard\BernGi00,2014,23,2-37,CIN,NFL,13,9,168,680,4.05,5,52.3
506,Robert Kelley\KellRo00,2016,24,,WAS,NFL,15,9,168,704,4.19,6,46.9
507,Ricky Williams\WillRi00,2005,28,1-5,MIA,NFL,12,3,168,743,4.42,6,61.9
508,Terrell Davis*\DaviTe00,2001,29,6-196,DEN,NFL,8,8,167,701,4.20,0,87.6
509,Travis Henry\HenrTr00,2007,29,2-58,DEN,NFL,12,7,167,691,4.14,4,57.6
510,Rashad Jennings\JennRa00,2014,29,7-250,NYG,NFL,11,9,167,639,3.83,4,58.1
511,Maurice Jones-Drew\DrewMa00,2007,22,2-60,JAX,NFL,15,0,167,768,4.60,9,51.2
512,Willis McGahee\McGaWi00,2012,31,1-23,DEN,NFL,10,9,167,731,4.38,4,73.1
513,Tiki Barber\BarbTi00,2001,26,2-36,NYG,NFL,14,9,166,865,5.21,4,61.8
514,Joique Bell\BellJo01,2013,27,,DET,NFL,16,4,166,650,3.92,8,40.6
515,Mark Ingram\IngrMa01,2015,26,1-28,NOR,NFL,12,10,166,769,4.63,6,64.1
516,Maurice Jones-Drew\DrewMa00,2006,21,2-60,JAX,NFL,16,1,166,941,5.67,13,58.8
517,Antowain Smith\SmitAn00,2005,33,1-23,NOR,NFL,16,7,166,659,3.97,3,41.2
518,Duce Staley\StalDu00,2001,26,3-71,PHI,NFL,13,10,166,604,3.64,2,46.5
519,Ameer Abdullah\AbduAm00,2017,24,2-54,DET,NFL,14,11,165,552,3.35,4,39.4
520,Mike Alstott\AlstMi00,2001,28,2-35,TAM,NFL,16,16,165,680,4.12,10,42.5
521,LeGarrette Blount\BlouLe00,2015,29,,NWE,NFL,12,6,165,703,4.26,6,58.6
522,Richard Huntley\HuntRi00,2001,29,4-117,CAR,NFL,14,9,165,665,4.03,2,47.5
523,Daniel Thomas\ThomDa03,2011,24,2-62,MIA,NFL,13,2,165,581,3.52,0,44.7
524,Matt Asiata\AsiaMa00,2014,27,,MIN,NFL,15,9,164,570,3.48,9,38.0
525,Kevin Faulk\FaulKe00,2000,24,2-46,NWE,NFL,16,9,164,570,3.48,4,35.6
526,Julius Jones\JoneJu01,2007,26,2-43,DAL,NFL,16,16,164,588,3.59,2,36.8
527,DeMarco Murray\MurrDe00,2011,23,3-71,DAL,NFL,13,7,164,897,5.47,2,69.0
528,Ryan Torain\ToraRy00,2010,24,5-139,WAS,NFL,10,8,164,742,4.52,4,74.2
529,Ahmad Bradshaw\BradAh00,2009,23,7-250,NYG,NFL,15,1,163,778,4.77,7,51.9
530,William Green\GreeWi01,2004,25,1-16,CLE,NFL,15,13,163,585,3.59,2,39.0
531,Rashad Jennings\JennRa00,2013,28,7-250,OAK,NFL,15,8,163,733,4.50,6,48.9
532,Shawn Bryson\BrysSh00,2000,24,3-86,BUF,NFL,16,7,161,591,3.67,0,36.9
533,Peyton Hillis\HillPe00,2011,25,7-227,CLE,NFL,10,9,161,587,3.65,3,58.7
534,Maurice Morris\MorrMa00,2006,27,2-54,SEA,NFL,16,8,161,604,3.75,0,37.8
535,DeMarco Murray\MurrDe00,2012,24,3-71,DAL,NFL,10,10,161,663,4.12,4,66.3
536,Branden Oliver\OlivBr01,2014,23,,SDG,NFL,14,7,160,582,3.64,3,41.6
537,Chester Taylor\TaylCh01,2004,25,6-207,BAL,NFL,16,4,160,714,4.46,2,44.6
538,Charcandrick West\WestCh01,2015,24,,KAN,NFL,15,9,160,634,3.96,4,42.3
539,Ricky Williams\WillRi00,2008,31,1-5,MIA,NFL,16,3,160,659,4.12,4,41.2
540,Jerick McKinnon\McKiJe00,2016,24,3-96,MIN,NFL,15,7,159,539,3.39,2,35.9
541,Trent Richardson\RichTr00,2014,24,1-3,IND,NFL,15,12,159,519,3.26,3,34.6
542,Tyrone Wheatley\WheaTy00,2003,31,1-17,OAK,NFL,15,5,159,678,4.26,4,45.2
543,Ricky Williams\WillRi00,2010,33,1-5,MIA,NFL,16,0,159,673,4.23,2,42.1
544,Shawn Bryson\BrysSh00,2003,27,3-86,DET,NFL,16,13,158,606,3.84,3,37.9
545,Michael Bush\BushMi00,2010,26,4-100,OAK,NFL,14,3,158,655,4.15,8,46.8
546,Warrick Dunn\DunnWa00,2001,26,1-12,TAM,NFL,13,12,158,447,2.83,3,34.4
547,Larry Johnson\JohnLa00,2007,28,1-27,KAN,NFL,8,8,158,559,3.54,3,69.9
548,Julius Jones\JoneJu01,2008,27,2-43,SEA,NFL,15,10,158,698,4.42,2,46.5
549,Ryan Mathews\MathRy00,2010,23,1-12,SDG,NFL,12,9,158,678,4.29,7,56.5
550,Mike Bell\BellMi00,2006,23,,DEN,NFL,15,3,157,677,4.31,8,45.1
551,Cedric Benson\BensCe00,2006,24,1-4,CHI,NFL,15,0,157,647,4.12,6,43.1
552,Reggie Bush\BushRe00,2007,22,1-2,NOR,NFL,12,10,157,581,3.70,4,48.4
553,Steven Jackson\JackSt00,2013,30,1-24,ATL,NFL,12,12,157,543,3.46,6,45.3
554,Marcel Shipp\ShipMa00,2005,27,,ARI,NFL,15,11,157,451,2.87,0,30.1
555,Chester Taylor\TaylCh01,2007,28,6-207,MIN,NFL,14,8,157,844,5.38,7,60.3
556,Tevin Coleman\ColeTe01,2017,24,3-73,ATL,NFL,15,3,156,628,4.03,5,41.9
557,Jonathan Dwyer\DwyeJo00,2012,23,6-188,PIT,NFL,13,6,156,623,3.99,2,47.9
558,Mark Ingram\IngrMa01,2012,23,1-28,NOR,NFL,16,5,156,602,3.86,5,37.6
559,Sammy Morris\MorrSa00,2008,31,5-156,NWE,NFL,13,7,156,727,4.66,7,55.9
560,Adrian Peterson\PeteAd01,2017,32,1-7,2TM,NFL,10,7,156,529,3.39,2,52.9
561,Brian Westbrook\WestBr00,2005,26,3-91,PHI,NFL,12,12,156,617,3.96,3,51.4
562,Joseph Addai\AddaJo00,2008,25,1-30,IND,NFL,12,12,155,544,3.51,5,45.3
563,James Allen\AlleJa00,2002,27,,HOU,NFL,16,5,155,519,3.35,0,32.4
564,Reggie Bush\BushRe00,2006,21,1-2,NOR,NFL,16,8,155,565,3.65,6,35.3
565,Chris Johnson\JohnCh04,2014,29,1-24,NYJ,NFL,16,6,155,663,4.28,1,41.4
566,Ryan Mathews\MathRy00,2016,29,1-12,PHI,NFL,13,8,155,661,4.26,8,50.8
567,LeSean McCoy\McCoLe01,2009,21,2-53,PHI,NFL,16,4,155,637,4.11,4,39.8
568,Darren McFadden\McFaDa00,2014,27,1-4,OAK,NFL,16,12,155,534,3.45,2,33.4
569,Mewelde Moore\MoorMe00,2005,23,4-119,MIN,NFL,16,8,155,662,4.27,1,41.4
570,DeAngelo Williams\WillDe02,2011,28,1-27,CAR,NFL,16,14,155,836,5.39,7,52.3
571,Giovani Bernard\BernGi00,2015,24,2-37,CIN,NFL,16,1,154,730,4.74,2,45.6
572,Javorius Allen\AlleJa01,2017,26,4-125,BAL,NFL,16,0,153,591,3.86,4,36.9
573,LeGarrette Blount\BlouLe00,2013,27,,NWE,NFL,16,7,153,772,5.05,7,48.3
574,Tim Hightower\HighTi00,2010,24,5-149,ARI,NFL,16,13,153,736,4.81,5,46.0
575,Kevin Jones\JoneKe02,2007,25,1-30,DET,NFL,13,10,153,581,3.80,8,44.7
576,Thomas Jones\JoneTh00,2011,33,1-7,KAN,NFL,16,8,153,478,3.12,0,29.9
577,Jamaal Williams\WillJa06,2017,22,4-134,GNB,NFL,16,7,153,556,3.63,4,34.8
578,C.J. Anderson\AndeC.00,2015,24,,DEN,NFL,15,6,152,720,4.74,5,48.0
579,Brandon Jacobs\JacoBr00,2011,29,4-110,NYG,NFL,14,6,152,571,3.76,7,40.8
580,Bernard Pierce\PierBe00,2013,22,3-84,BAL,NFL,16,1,152,436,2.87,2,27.3
581,Dominic Rhodes\RhodDo00,2008,29,,IND,NFL,15,4,152,538,3.54,6,35.9
582,Bishop Sankey\SankBi00,2014,22,2-54,TEN,NFL,16,9,152,569,3.74,2,35.6
583,Jason Brookins\BrooJa01,2001,25,,BAL,NFL,12,3,151,551,3.65,5,45.9
584,Ron Dayne\DaynRo00,2006,28,1-11,HOU,NFL,11,6,151,612,4.05,5,55.6
585,Justin Forsett\ForsJu00,2015,30,7-233,BAL,NFL,10,10,151,641,4.25,2,64.1
586,Roy Helu\HeluRo00,2011,23,4-105,WAS,NFL,15,5,151,640,4.24,2,42.7
587,Edgerrin James\JameEd00,2001,23,1-4,IND,NFL,6,6,151,662,4.38,3,110.3
588,Greg Jones\JoneGr01,2005,24,2-55,JAX,NFL,14,13,151,575,3.81,4,41.1
589,Adrian Peterson\PeteAd00,2007,28,6-199,CHI,NFL,16,5,151,510,3.38,3,31.9
590,Leon Washington\WashLe00,2006,24,4-117,NYJ,NFL,16,8,151,650,4.30,4,40.6
591,Jerick McKinnon\McKiJe00,2017,25,3-96,MIN,NFL,16,1,150,570,3.80,3,35.6
592,Bobby Rainey\RainBo00,2013,26,,2TM,NFL,15,6,150,566,3.77,5,37.7
593,Jackie Battle\BattJa00,2011,28,,KAN,NFL,15,4,149,597,4.01,2,39.8
594,Isaiah Crowell\CrowIs00,2014,21,,CLE,NFL,16,4,148,607,4.10,8,37.9
595,Jeremy Langford\LangJe00,2015,24,4-106,CHI,NFL,16,2,148,537,3.63,6,33.6
596,Christine Michael\MichCh00,2016,26,2-62,2TM,NFL,15,7,148,583,3.94,7,38.9
597,James Starks\StarJa00,2015,29,6-193,GNB,NFL,16,4,148,601,4.06,2,37.6
598,Ronnie Brown\BrowRo05,2009,28,1-2,MIA,NFL,9,9,147,648,4.41,8,72.0
599,Brandon Jacobs\JacoBr00,2010,28,4-110,NYG,NFL,16,5,147,823,5.60,9,51.4
600,Thomas Rawls\RawlTh00,2015,22,,SEA,NFL,13,7,147,830,5.65,4,63.8
601,Tony Richardson\RichTo00,2000,29,,KAN,NFL,16,16,147,697,4.74,3,43.6
602,Pierre Thomas\ThomPi00,2009,25,,NOR,NFL,14,6,147,793,5.39,6,56.6
603,Pierre Thomas\ThomPi00,2013,29,,NOR,NFL,16,9,147,549,3.73,2,34.3
604,Mike Alstott\AlstMi00,2002,29,2-35,TAM,NFL,16,9,146,548,3.75,5,34.3
605,Kevan Barlow\BarlKe00,2002,23,3-80,SFO,NFL,14,0,145,675,4.66,4,48.2
606,Matt Jones\JoneMa04,2015,22,3-95,WAS,NFL,13,0,144,490,3.40,3,37.7
607,LaMont Jordan\JordLa00,2007,29,2-49,OAK,NFL,12,7,144,549,3.81,3,45.8
608,Doug Martin\MartDo00,2016,27,1-31,TAM,NFL,8,8,144,421,2.92,3,52.6
609,DeAngelo Williams\WillDe02,2007,24,1-27,CAR,NFL,16,0,144,717,4.98,4,44.8
610,Ameer Abdullah\AbduAm00,2015,22,2-54,DET,NFL,16,9,143,597,4.17,2,37.3
611,Antonio Andrews\AndrAn00,2015,23,,TEN,NFL,14,10,143,520,3.64,3,37.1
612,Samkon Gado\GadoSa00,2005,23,,GNB,NFL,8,5,143,582,4.07,6,72.8
613,Tim Hightower\HighTi00,2008,22,5-149,ARI,NFL,16,7,143,399,2.79,10,24.9
614,Tim Hightower\HighTi00,2009,23,5-149,ARI,NFL,16,16,143,598,4.18,8,37.4
615,Jamal Lewis\LewiJa00,2009,30,1-5,CLE,NFL,9,8,143,500,3.50,0,55.6
616,James Stewart\StewJa00,2001,30,1-19,DET,NFL,11,10,143,685,4.79,1,62.3
617,Fred Taylor\TaylFr00,2008,32,1-9,JAX,NFL,13,13,143,556,3.89,1,42.8
618,Trung Canidate\CaniTr00,2003,26,1-31,WAS,NFL,11,10,142,600,4.23,1,54.5
619,William Green\GreeWi01,2003,24,1-16,CLE,NFL,7,7,142,559,3.94,1,79.9
620,Jason Snelling\SnelJa00,2009,26,7-244,ATL,NFL,14,2,142,613,4.32,4,43.8
621,Jonathan Stewart\StewJo00,2011,24,1-13,CAR,NFL,16,3,142,761,5.36,4,47.6
622,Fred Jackson\JackFr02,2014,33,,BUF,NFL,14,9,141,525,3.72,2,37.5
623,Mewelde Moore\MoorMe00,2008,26,4-119,PIT,NFL,16,4,140,588,4.20,5,36.8
624,Maurice Morris\MorrMa00,2007,28,2-54,SEA,NFL,14,6,140,628,4.49,4,44.9
625,Selvin Young\YounSe00,2007,24,,DEN,NFL,15,8,140,729,5.21,1,48.6
626,Andre Brown\BrowAn03,2013,27,4-129,NYG,NFL,8,8,139,492,3.54,3,61.5
627,Marion Barber\BarbMa01,2005,22,4-109,DAL,NFL,13,2,138,538,3.90,5,41.4
628,Corey Dillon\DillCo00,2003,29,2-43,CIN,NFL,13,11,138,541,3.92,2,41.6
629,Thomas Jones\JoneTh00,2002,24,1-7,ARI,NFL,9,9,138,511,3.70,2,56.8
630,Doug Martin\MartDo00,2017,28,1-31,TAM,NFL,11,8,138,406,2.94,3,36.9
631,Willis McGahee\McGaWi00,2013,32,1-23,CLE,NFL,12,6,138,377,2.73,2,31.4
632,Knowshon Moreno\MoreKn00,2012,25,1-12,DEN,NFL,8,6,138,525,3.80,4,65.6
633,Javorius Allen\AlleJa01,2015,24,4-125,BAL,NFL,16,6,137,514,3.75,1,32.1
634,Priest Holmes\HolmPr00,2000,27,,BAL,NFL,16,2,137,588,4.29,2,36.8
635,Chris Ivory\IvorCh00,2010,22,,NOR,NFL,12,4,137,716,5.23,5,59.7
636,Thomas Jones\JoneTh00,2003,25,1-7,TAM,NFL,16,3,137,627,4.58,3,39.2
637,Antowain Smith\SmitAn00,2004,32,1-23,TEN,NFL,13,4,137,509,3.72,4,39.2
638,James Allen\AlleJa00,2001,26,,CHI,NFL,16,7,135,469,3.47,1,29.3
639,Marion Barber\BarbMa01,2006,23,4-109,DAL,NFL,16,1,135,654,4.84,14,40.9
640,Alex Green\GreeAl00,2012,24,3-96,GNB,NFL,12,4,135,464,3.44,0,38.7
641,Denard Robinson\RobiDe00,2014,24,5-135,JAX,NFL,13,9,135,582,4.31,4,44.8
642,Donald Brown\BrowDo00,2011,24,1-27,IND,NFL,16,2,134,645,4.81,5,40.3
643,Knile Davis\DaviKn00,2014,23,3-96,KAN,NFL,16,1,134,463,3.46,6,28.9
644,Ryan Grant\GranRy00,2011,29,,GNB,NFL,15,14,134,559,4.17,2,37.3
645,Kareem Hunt\HuntKa00,2018,23,3-86,KAN,NFL,8,8,134,592,4.42,5,74.0
646,Steven Jackson\JackSt00,2004,21,1-24,STL,NFL,14,3,134,673,5.02,4,48.1
647,Doug Martin\MartDo00,2014,25,1-31,TAM,NFL,11,11,134,494,3.69,2,44.9
648,Kenyan Drake\DrakKe00,2017,23,3-73,MIA,NFL,16,6,133,644,4.84,3,40.3
649,Tim Hightower\HighTi00,2016,30,5-149,NOR,NFL,16,1,133,548,4.12,4,34.3
650,Edgerrin James\JameEd00,2008,30,1-4,ARI,NFL,13,7,133,514,3.86,3,39.5
651,James Starks\StarJa00,2011,25,6-193,GNB,NFL,13,2,133,578,4.35,1,44.5
652,Ezekiel Elliott\ElliEz00,2018,23,1-4,DAL,NFL,7,7,132,619,4.69,3,88.4
653,Eddie George\GeorEd00,2004,31,1-14,DAL,NFL,13,8,132,432,3.27,4,33.2
654,Earnest Graham\GrahEa00,2008,28,,TAM,NFL,10,10,132,563,4.27,4,56.3
655,Maurice Morris\MorrMa00,2008,29,2-54,SEA,NFL,13,6,132,574,4.35,0,44.2
656,Sammy Morris\MorrSa00,2004,27,5-156,MIA,NFL,13,8,132,523,3.96,6,40.2
657,Amos Zereoue\ZereAm00,2003,27,3-95,PIT,NFL,16,6,132,433,3.28,2,27.1
658,Mike Alstott\AlstMi00,2000,27,2-35,TAM,NFL,13,13,131,465,3.55,5,35.8
659,Kevan Barlow\BarlKe00,2006,27,3-80,NYJ,NFL,12,3,131,370,2.82,6,30.8
660,Bilal Powell\PoweBi00,2016,28,4-126,NYJ,NFL,16,4,131,722,5.51,3,45.1
661,Steve Slaton\SlatSt00,2009,23,3-89,HOU,NFL,11,10,131,437,3.34,3,39.7
662,T.J. Duckett\DuckT.00,2002,21,1-18,ATL,NFL,12,3,130,507,3.90,4,42.3
663,Fred Jackson\JackFr02,2008,27,,BUF,NFL,16,3,130,571,4.39,3,35.7
664,T.J. Yeldon\YeldT.00,2016,23,2-36,JAX,NFL,15,13,130,465,3.58,1,31.0
665,Donald Brown\BrowDo00,2010,23,1-27,IND,NFL,13,8,129,497,3.85,2,38.2
666,Correll Buckhalter\BuckCo00,2001,23,4-121,PHI,NFL,15,6,129,586,4.54,2,39.1
667,Justin Fargas\FargJu00,2009,29,3-96,OAK,NFL,12,4,129,491,3.81,3,40.9
668,Jacquizz Rodgers\RodgJa00,2016,26,5-145,TAM,NFL,10,5,129,560,4.34,2,56.0
669,Pierre Thomas\ThomPi00,2008,24,,NOR,NFL,15,5,129,625,4.84,9,41.7
670,Jesse Chatman\ChatJe00,2007,28,,MIA,NFL,14,6,128,515,4.02,1,36.8
671,James Conner\ConnJa00,2018,23,3-105,PIT,NFL,7,6,127,599,4.72,9,85.6
672,Frank Gore\GoreFr00,2005,22,3-65,SFO,NFL,14,1,127,608,4.79,3,43.4
673,Felix Jones\JoneFe00,2011,24,1-22,DAL,NFL,12,8,127,575,4.53,1,47.9
674,Doug Martin\MartDo00,2013,24,1-31,TAM,NFL,6,6,127,456,3.59,1,76.0
675,Adrian Peterson\PeteAd01,2018,33,1-7,WAS,NFL,7,7,127,587,4.62,4,83.9
676,Clinton Portis\PortCl00,2006,25,2-51,WAS,NFL,8,7,127,523,4.12,7,65.4
677,Michael Bennett\BennMi00,2005,27,1-27,MIN,NFL,16,6,126,473,3.75,3,29.6
678,Correll Buckhalter\BuckCo00,2003,25,4-121,PHI,NFL,15,5,126,542,4.30,8,36.1
679,Jamel White\WhitJa00,2001,24,,CLE,NFL,16,7,126,443,3.52,5,27.7
680,Kevan Barlow\BarlKe00,2001,22,3-80,SFO,NFL,15,0,125,512,4.10,4,34.1
681,LeGarrette Blount\BlouLe00,2014,28,,2TM,NFL,16,1,125,547,4.38,5,34.2
682,Ron Dayne\DaynRo00,2002,24,1-11,NYG,NFL,16,1,125,428,3.42,3,26.8
683,Warrick Dunn\DunnWa00,2003,28,1-12,ATL,NFL,11,6,125,672,5.38,3,61.1
684,David Johnson\JohnDa08,2015,24,3-86,ARI,NFL,16,5,125,581,4.65,8,36.3
685,J.R. Redmond\RedmJ.00,2000,23,3-76,NWE,NFL,12,5,125,406,3.25,1,33.8
686,Derrick Ward\WardDe01,2007,27,7-235,NYG,NFL,8,5,125,602,4.82,3,75.3
687,Cadillac Williams\WillCa02,2010,28,1-5,TAM,NFL,16,9,125,437,3.50,2,27.3
688,Wali Lundy\LundWa00,2006,23,6-170,HOU,NFL,14,8,124,476,3.84,4,34.0
689,Clinton Portis\PortCl00,2009,28,2-51,WAS,NFL,8,8,124,494,3.98,1,61.8
690,Onterrio Smith\SmitOn00,2004,24,4-105,MIN,NFL,11,6,124,544,4.39,2,49.5
691,Michael Bush\BushMi00,2009,25,4-100,OAK,NFL,16,7,123,589,4.79,3,36.8
692,Mark Ingram\IngrMa01,2011,22,1-28,NOR,NFL,10,4,122,474,3.89,5,47.4
693,David Johnson\JohnDa08,2018,27,3-86,ARI,NFL,8,8,122,394,3.23,5,49.3
694,Anthony Thomas\ThomAn01,2004,27,2-38,CHI,NFL,12,2,122,404,3.31,2,33.7
695,Matt Asiata\AsiaMa00,2016,29,,MIN,NFL,16,6,121,402,3.32,6,25.1
696,T.J. Duckett\DuckT.00,2005,24,1-18,ATL,NFL,14,0,121,380,3.14,8,27.1
697,Arian Foster\FostAr00,2013,27,,HOU,NFL,8,8,121,542,4.48,1,67.8
698,Kenton Keith\KeitKe00,2007,27,,IND,NFL,16,1,121,533,4.40,3,33.3
699,Mike Tolbert\TolbMi00,2011,26,,SDG,NFL,15,1,121,490,4.05,8,32.7
700,DeAngelo Williams\WillDe02,2006,23,1-27,CAR,NFL,13,2,121,501,4.14,1,38.5
701,Montee Ball\BallMo00,2013,23,2-58,DEN,NFL,16,0,120,559,4.66,4,34.9
702,Correll Buckhalter\BuckCo00,2009,31,4-121,DEN,NFL,14,7,120,642,5.35,1,45.9
703,Chris Fuamatu-Ma'afala\FuamCh00,2001,24,6-178,PIT,NFL,16,5,120,453,3.78,3,28.3
704,Charlie Garner\GarnCh00,2003,31,2-42,OAK,NFL,14,9,120,553,4.61,3,39.5
705,Carlos Hyde\HydeCa00,2018,28,2-57,2TM,NFL,7,6,120,393,3.28,5,56.1
706,Larry Johnson\JohnLa00,2004,25,1-27,KAN,NFL,10,3,120,581,4.84,9,58.1
707,Alvin Kamara\KamaAl00,2017,22,3-67,NOR,NFL,16,3,120,728,6.07,8,45.5
708,Marshawn Lynch\LyncMa00,2009,23,1-12,BUF,NFL,13,6,120,450,3.75,2,34.6
709,Kerwynn Williams\WillKe05,2017,26,7-230,ARI,NFL,16,6,120,426,3.55,1,26.6
710,Ronnie Brown\BrowRo05,2007,26,1-2,MIA,NFL,7,7,119,602,5.06,4,86.0
711,Jermaine Fazande\FazaJe00,2000,25,2-60,SDG,NFL,13,7,119,368,3.09,2,28.3
712,Priest Holmes\HolmPr00,2005,32,,KAN,NFL,7,7,119,451,3.79,6,64.4
713,Ben Tate\TateBe00,2014,26,2-58,2TM,NFL,11,6,119,371,3.12,4,33.7
714,Joseph Addai\AddaJo00,2011,28,1-30,IND,NFL,12,11,118,433,3.67,1,36.1
715,Derrick Blaylock\BlayDe00,2004,25,5-150,KAN,NFL,12,5,118,539,4.57,8,44.9
716,Tevin Coleman\ColeTe01,2016,23,3-73,ATL,NFL,13,0,118,520,4.41,8,40.0
717,Andre Ellington\ElliAn00,2013,24,6-187,ARI,NFL,15,1,118,652,5.53,3,43.5
718,Justin Forsett\ForsJu00,2010,25,7-233,SEA,NFL,16,5,118,523,4.43,2,32.7
719,Chris Ivory\IvorCh00,2016,28,,JAX,NFL,11,1,117,439,3.75,3,39.9
720,Christian McCaffrey\McCaCh01,2017,21,1-8,CAR,NFL,16,10,117,435,3.72,2,27.2
721,Chester Taylor\TaylCh01,2005,26,6-207,BAL,NFL,15,1,117,487,4.16,0,32.5
722,Brian Westbrook\WestBr00,2003,24,3-91,PHI,NFL,15,8,117,613,5.24,7,40.9
723,Joseph Addai\AddaJo00,2010,27,1-30,IND,NFL,8,7,116,495,4.27,4,61.9
724,Terrell Fletcher\FletTe00,2000,27,2-51,SDG,NFL,16,6,116,384,3.31,3,24.0
725,Felix Jones\JoneFe00,2009,22,1-22,DAL,NFL,14,1,116,685,5.91,3,48.9
726,Kenny Watson\WatsKe00,2002,24,,WAS,NFL,16,4,116,534,4.60,1,33.4
727,Beanie Wells\WellCh00,2010,22,1-31,ARI,NFL,13,2,116,397,3.42,2,30.5
728,Bryce Brown\BrowBr02,2012,21,7-229,PHI,NFL,16,4,115,564,4.90,4,35.3
729,Carlos Hyde\HydeCa00,2015,25,2-57,SFO,NFL,7,7,115,470,4.09,3,67.1
730,Fred Jackson\JackFr02,2012,31,,BUF,NFL,10,8,115,437,3.80,3,43.7
731,Alfred Morris\MorrAl00,2017,29,6-173,DAL,NFL,14,5,115,547,4.76,1,39.1
732,Aaron Stecker\StecAa00,2007,32,,NOR,NFL,16,6,115,448,3.90,5,28.0
733,Marion Barber\BarbMa01,2011,28,4-109,CHI,NFL,11,1,114,422,3.70,6,38.4
734,Michael Bush\BushMi00,2012,28,4-100,CHI,NFL,13,1,114,411,3.61,5,31.6
735,Justin Forsett\ForsJu00,2009,24,7-233,SEA,NFL,16,2,114,619,5.43,4,38.7
736,LaMont Jordan\JordLa00,2006,28,2-49,OAK,NFL,9,8,114,434,3.81,2,48.2
737,Dexter McCluster\McClDe00,2011,22,2-36,KAN,NFL,16,4,114,516,4.53,1,32.3
738,Darren McFadden\McFaDa00,2013,26,1-4,OAK,NFL,10,7,114,379,3.32,5,37.9
739,Derrick Ward\WardDe01,2009,29,7-235,TAM,NFL,14,1,114,409,3.59,1,29.2
740,Marion Barber\BarbMa01,2010,27,4-109,DAL,NFL,13,10,113,374,3.31,4,28.8
741,Le'Veon Bell\BellLe00,2015,23,2-48,PIT,NFL,6,6,113,556,4.92,3,92.7
742,DeShaun Foster\FostDe00,2003,23,2-34,CAR,NFL,14,2,113,429,3.80,0,30.6
743,Olandis Gary\GaryOl00,2003,28,4-127,DET,NFL,13,1,113,384,3.40,2,29.5
744,Troy Hambrick\HambTr00,2001,25,,DAL,NFL,16,11,113,579,5.12,2,36.2
745,Cedric Houston\HousCe00,2006,24,6-182,NYJ,NFL,8,1,113,374,3.31,5,46.8
746,Darren McFadden\McFaDa00,2011,24,1-4,OAK,NFL,7,7,113,614,5.43,4,87.7
747,Darren McFadden\McFaDa00,2008,21,1-4,OAK,NFL,13,5,113,499,4.42,4,38.4
748,Jerick McKinnon\McKiJe00,2014,22,3-96,MIN,NFL,11,6,113,538,4.76,0,48.9
749,Lamar Miller\MillLa01,2018,27,4-97,HOU,NFL,7,7,113,504,4.46,2,72.0
750,J.J. Arrington\ArriJ.00,2005,22,2-44,ARI,NFL,15,5,112,370,3.30,2,24.7
751,Darnell Autry\AutrDa00,2000,24,4-105,PHI,NFL,11,7,112,334,2.98,3,30.4
752,Jordan Howard\HowaJo00,2018,24,5-150,CHI,NFL,7,7,112,392,3.50,3,56.0
753,Kendall Hunter\HuntKe00,2011,23,4-115,SFO,NFL,16,1,112,473,4.22,2,29.6
754,Chris Ivory\IvorCh00,2017,29,,JAX,NFL,14,3,112,382,3.41,1,27.3
755,Thomas Jones\JoneTh00,2000,22,1-7,ARI,NFL,14,4,112,373,3.33,2,26.6
756,Thomas Jones\JoneTh00,2001,23,1-7,ARI,NFL,16,2,112,380,3.39,5,23.8
757,Paul Perkins\PerkPa00,2016,22,5-149,NYG,NFL,14,1,112,456,4.07,0,32.6
758,Bernard Scott\ScotBe00,2011,27,6-209,CIN,NFL,16,1,112,380,3.39,3,23.8
759,Kolby Smith\SmitKo00,2007,23,5-148,KAN,NFL,16,6,112,407,3.63,2,25.4
760,Chester Taylor\TaylCh01,2010,31,6-207,CHI,NFL,16,1,112,267,2.38,3,16.7
761,Amos Zereoue\ZereAm00,2004,28,3-95,OAK,NFL,15,6,112,425,3.79,3,28.3
762,Saquon Barkley\BarkSa00,2018,21,,NYG,NFL,8,8,111,519,4.68,5,64.9
763,Wayne Gallman\GallWa00,2017,23,4-140,NYG,NFL,13,1,111,476,4.29,0,36.6
764,Felix Jones\JoneFe00,2012,25,1-22,DAL,NFL,16,7,111,402,3.62,3,25.1
765,Marshawn Lynch\LyncMa00,2015,29,1-12,SEA,NFL,7,6,111,417,3.76,3,59.6
766,C.J. Anderson\AndeC.00,2016,25,,DEN,NFL,7,7,110,437,3.97,4,62.4
767,Jerome Bettis*\BettJe00,2005,33,1-10,PIT,NFL,12,0,110,368,3.35,9,30.7
768,Derrick Henry\HenrDe00,2016,22,2-45,TEN,NFL,15,2,110,490,4.45,5,32.7
769,Bilal Powell\PoweBi00,2012,24,4-126,NYJ,NFL,14,2,110,437,3.97,4,31.2
770,Isaac Redman\RedmIs20,2011,27,,PIT,NFL,16,1,110,479,4.35,3,29.9
771,Isaac Redman\RedmIs20,2012,28,,PIT,NFL,14,5,110,410,3.73,2,29.3
772,LaRod Stephens-Howling\StepLa00,2012,25,7-240,ARI,NFL,14,5,110,356,3.24,4,25.4
773,Pierre Thomas\ThomPi00,2011,27,,NOR,NFL,16,7,110,562,5.11,5,35.1
774,Toby Gerhart\GerhTo00,2011,24,2-51,MIN,NFL,16,5,109,531,4.87,1,33.2
775,Willis McGahee\McGaWi00,2009,28,1-23,BAL,NFL,16,1,109,544,4.99,12,34.0
776,Travis Minor\MinoTr00,2004,25,3-85,MIA,NFL,11,4,109,388,3.56,3,35.3
777,Thomas Rawls\RawlTh00,2016,23,,SEA,NFL,9,7,109,349,3.20,3,38.8
778,Daniel Thomas\ThomDa03,2013,26,2-62,MIA,NFL,15,1,109,406,3.72,4,27.1
779,Peyton Barber\BarbPe01,2017,23,,TAM,NFL,16,4,108,423,3.92,3,26.4
780,Donald Brown\BrowDo00,2012,25,1-27,IND,NFL,10,4,108,417,3.86,1,41.7
781,Shonn Greene\GreeSh00,2009,24,3-65,NYJ,NFL,14,0,108,540,5.00,2,38.6
782,Bernard Pierce\PierBe00,2012,21,3-84,BAL,NFL,16,0,108,532,4.93,1,33.3
783,Tyrone Wheatley\WheaTy00,2002,30,1-17,OAK,NFL,14,0,108,419,3.88,2,29.9
784,Ricky Williams\WillRi00,2011,34,1-5,BAL,NFL,16,0,108,444,4.11,2,27.8
785,Rock Cartwright\CartRo01,2003,24,7-257,WAS,NFL,15,3,107,411,3.84,4,27.4
786,Najeh Davenport\DaveNa00,2007,28,4-135,PIT,NFL,15,1,107,499,4.66,5,33.3
787,Deuce McAllister\McAlDe00,2008,30,1-23,NOR,NFL,13,6,107,418,3.91,5,32.2
788,Ray Rice\RiceRa00,2008,21,2-55,BAL,NFL,13,4,107,454,4.24,0,34.9
789,Charles Sims\SimsCh00,2015,25,3-69,TAM,NFL,16,0,107,529,4.94,0,33.1
790,Onterrio Smith\SmitOn00,2003,23,4-105,MIN,NFL,15,3,107,579,5.41,5,38.6
791,C.J. Spiller\SpilC.00,2011,24,1-9,BUF,NFL,16,11,107,561,5.24,4,35.1
792,Anthony Thomas\ThomAn01,2006,29,2-38,BUF,NFL,16,2,107,378,3.53,2,23.6
793,Reggie Bush\BushRe00,2008,23,1-2,NOR,NFL,10,9,106,404,3.81,2,40.4
794,Ronnie Hillman\HillRo00,2014,23,3-67,DEN,NFL,8,4,106,434,4.09,3,54.3
795,Ryan Mathews\MathRy00,2015,28,1-12,PHI,NFL,13,6,106,539,5.08,6,41.5
796,Artose Pinner\PinnAr00,2005,27,4-99,DET,NFL,16,2,106,349,3.29,3,21.8
797,Jamel White\WhitJa00,2002,25,,CLE,NFL,14,6,106,470,4.43,3,33.6
798,Danny Woodhead\WoodDa02,2013,28,,SDG,NFL,16,2,106,429,4.05,2,26.8
799,Giovani Bernard\BernGi00,2017,26,2-37,CIN,NFL,16,2,105,458,4.36,2,28.6
800,Matt Breida\BreiMa00,2017,22,,SFO,NFL,16,0,105,465,4.43,2,29.1
801,Anthony Dixon\DixoAn00,2014,27,6-173,BUF,NFL,16,0,105,432,4.11,2,27.0
802,Joe Mixon\MixoJo00,2018,22,2-48,CIN,NFL,6,6,105,509,4.85,4,84.8
803,Pierre Thomas\ThomPi00,2012,28,,NOR,NFL,15,4,105,473,4.50,1,31.5
804,T.J. Duckett\DuckT.00,2004,23,1-18,ATL,NFL,13,0,104,509,4.89,8,39.2
805,Mike Gillislee\GillMi00,2017,27,5-164,NWE,NFL,9,2,104,383,3.68,5,42.6
806,Duke Johnson\JohnDu00,2015,22,3-77,CLE,NFL,16,7,104,379,3.64,0,23.7
807,Darren McFadden\McFaDa00,2009,22,1-4,OAK,NFL,12,7,104,357,3.43,1,29.8
808,Chris Perry\PerrCh00,2008,27,1-26,CIN,NFL,13,6,104,269,2.59,2,20.7
809,Chris Carson\CarsCh00,2018,24,7-249,SEA,NFL,6,6,103,457,4.44,2,76.2
810,Matt Forte\FortMa00,2017,32,2-44,NYJ,NFL,12,4,103,381,3.70,2,31.8
811,Mike Goodson\GoodMi00,2010,23,4-111,CAR,NFL,16,3,103,452,4.39,3,28.3
812,Leon Johnson\JohnLe00,2002,28,4-104,CHI,NFL,16,4,103,329,3.19,1,20.6
813,Jerious Norwood\NorwJe00,2007,24,3-79,ATL,NFL,15,2,103,613,5.95,1,40.9
814,Chris Brown\BrowCh03,2007,26,3-93,TEN,NFL,12,1,102,462,4.53,5,38.5
815,Dee Brown\BrowDe02,2002,24,6-175,CAR,NFL,14,3,102,360,3.53,4,25.7
816,Donald Brown\BrowDo00,2013,26,1-27,IND,NFL,16,5,102,537,5.26,6,33.6
817,James Jackson\JackJa00,2003,27,3-65,CLE,NFL,12,6,102,382,3.75,3,31.8
818,Delone Carter\CartDe01,2011,24,4-119,IND,NFL,16,3,101,377,3.73,2,23.6
819,Toby Gerhart\GerhTo00,2014,27,2-51,JAX,NFL,14,7,101,326,3.23,2,23.3
820,Mike Gillislee\GillMi00,2016,26,5-164,BUF,NFL,15,1,101,577,5.71,8,38.5
821,Rashad Jennings\JennRa00,2012,27,7-250,JAX,NFL,10,6,101,283,2.80,2,28.3
822,Ryan Moats\MoatRy00,2009,27,3-77,HOU,NFL,14,2,101,390,3.86,4,27.9
823,Antowain Smith\SmitAn00,2000,28,1-23,BUF,NFL,11,3,101,354,3.50,4,32.2
824,Chester Taylor\TaylCh01,2008,29,6-207,MIN,NFL,16,1,101,399,3.95,4,24.9
825,Mike Tolbert\TolbMi00,2013,28,,CAR,NFL,16,13,101,361,3.57,5,22.6
826,Alfred Blue\BlueAl00,2016,25,6-181,HOU,NFL,14,2,100,420,4.20,1,30.0
827,Willis McGahee\McGaWi00,2010,29,1-23,BAL,NFL,15,2,100,380,3.80,5,25.3
828,Matt Jones\JoneMa04,2016,23,3-95,WAS,NFL,7,7,99,460,4.65,3,65.7
829,Jerious Norwood\NorwJe00,2006,23,3-79,ATL,NFL,14,0,99,633,6.39,2,45.2
830,Chris Polk\PolkCh00,2015,26,,HOU,NFL,15,2,99,334,3.37,1,22.3
831,Alex Collins\CollAl00,2018,24,5-171,BAL,NFL,8,8,98,358,3.65,5,44.8
832,Stacey Mack\MackSt00,2002,27,,JAX,NFL,16,0,98,436,4.45,9,27.3
833,Willie Parker\ParkWi00,2009,29,,PIT,NFL,14,3,98,389,3.97,0,27.8
834,Daryl Richardson\RichDa00,2012,22,7-252,STL,NFL,16,0,98,475,4.85,0,29.7
835,DeAngelo Williams\WillDe02,2016,33,1-27,PIT,NFL,9,4,98,343,3.50,4,38.1
836,Danny Woodhead\WoodDa02,2015,30,,SDG,NFL,16,2,98,336,3.43,3,21.0
837,James Mungro\MungJa00,2002,24,,IND,NFL,9,1,97,336,3.46,8,37.3
838,Danny Woodhead\WoodDa02,2010,25,,2TM,NFL,15,3,97,547,5.64,5,36.5
839,Lance Ball\BallLa00,2011,26,,DEN,NFL,16,0,96,402,4.19,1,25.1
840,Maurice Hicks\HickMa00,2004,26,,SFO,NFL,9,2,96,362,3.77,2,40.2
841,Tim Hightower\HighTi00,2015,29,5-149,NOR,NFL,8,3,96,375,3.91,4,46.9
842,Brandon Jacobs\JacoBr00,2006,24,4-110,NYG,NFL,15,0,96,423,4.41,9,28.2
843,Vernand Morency\MoreVe00,2006,26,3-73,2TM,NFL,14,2,96,434,4.52,2,31.0
844,Jacquizz Rodgers\RodgJa00,2013,23,5-145,ATL,NFL,15,4,96,332,3.46,2,22.1
845,Duce Staley\StalDu00,2003,28,3-71,PHI,NFL,16,4,96,463,4.82,5,28.9
846,Shane Vereen\VereSh00,2014,25,2-56,NWE,NFL,16,6,96,391,4.07,2,24.4
847,Jackie Battle\BattJa00,2012,29,,SDG,NFL,16,5,95,311,3.27,3,19.4
848,Michael Bush\BushMi00,2008,24,4-100,OAK,NFL,15,0,95,421,4.43,3,28.1
849,Sony Michel\MichSo00,2018,23,,NWE,NFL,6,4,95,422,4.44,4,70.3
850,Jerious Norwood\NorwJe00,2008,25,3-79,ATL,NFL,16,0,95,489,5.15,4,30.6
851,Aaron Stecker\StecAa00,2005,30,,NOR,NFL,15,4,95,363,3.82,0,24.2
852,Isaiah Crowell\CrowIs00,2018,25,,NYJ,NFL,8,1,94,484,5.15,5,60.5
853,Shonn Greene\GreeSh00,2014,29,3-65,TEN,NFL,13,5,94,392,4.17,2,30.2
854,Quentin Griffin\GrifQu00,2003,22,4-108,DEN,NFL,10,1,94,345,3.67,0,34.5
855,Travis Henry\HenrTr00,2004,26,2-58,BUF,NFL,10,5,94,326,3.47,0,32.6
856,Dorsey Levens\LeveDo00,2004,34,5-149,PHI,NFL,15,5,94,410,4.36,4,27.3
857,Bobby Rainey\RainBo00,2014,27,,TAM,NFL,15,5,94,406,4.32,1,27.1
858,Stevan Ridley\RidlSt00,2014,25,3-73,NWE,NFL,6,5,94,340,3.62,2,56.7
859,Jacquizz Rodgers\RodgJa00,2012,22,5-145,ATL,NFL,16,0,94,362,3.85,1,22.6
860,Darren Sproles\SproDa00,2016,33,4-130,PHI,NFL,15,5,94,438,4.66,2,29.2
861,Chester Taylor\TaylCh01,2009,30,6-207,MIN,NFL,16,0,94,338,3.60,1,21.1
862,Peyton Barber\BarbPe01,2018,24,,TAM,NFL,7,7,93,345,3.71,1,49.3
863,Ladell Betts\BettLa00,2007,28,2-56,WAS,NFL,16,0,93,335,3.60,1,20.9
864,LaMont Jordan\JordLa00,2004,26,2-49,NYJ,NFL,16,0,93,479,5.15,2,29.9
865,Napoleon Kaufman\KaufNa00,2000,27,1-18,OAK,NFL,14,2,93,499,5.37,0,35.6
866,Phillip Lindsay\LindPh00,2018,24,,DEN,NFL,8,1,93,531,5.71,3,66.4
867,Marlon Mack\MackMa00,2017,21,4-143,IND,NFL,14,0,93,358,3.85,3,25.6
868,Stacey Mack\MackSt00,2003,28,,HOU,NFL,8,5,93,253,2.72,4,31.6
869,Deuce McAllister\McAlDe00,2005,27,1-23,NOR,NFL,5,5,93,335,3.60,3,67.0
870,Maurice Morris\MorrMa00,2009,30,2-54,DET,NFL,14,3,93,384,4.13,2,27.4
871,Sammy Morris\MorrSa00,2000,23,5-156,BUF,NFL,12,8,93,341,3.67,5,28.4
872,Bernard Pierce\PierBe00,2014,23,3-84,BAL,NFL,13,2,93,366,3.94,2,28.2
873,Darren Sproles\SproDa00,2009,26,4-130,SDG,NFL,16,2,93,343,3.69,3,21.4
874,Jonathan Stewart\StewJo00,2012,25,1-13,CAR,NFL,9,6,93,336,3.61,1,37.3
875,Karlos Williams\WillKa01,2015,22,5-155,BUF,NFL,11,3,93,517,5.56,7,47.0
876,Tashard Choice\ChoiTa00,2008,24,4-122,DAL,NFL,16,3,92,472,5.13,2,29.5
877,Alvin Kamara\KamaAl00,2018,23,3-67,NOR,NFL,7,6,92,408,4.43,7,58.3
878,Christian McCaffrey\McCaCh01,2018,22,1-8,CAR,NFL,7,7,92,423,4.60,1,60.4
879,Sammy Morris\MorrSa00,2006,29,5-156,MIA,NFL,12,4,92,400,4.35,1,33.3
880,Theo Riddick\RiddTh00,2016,25,6-199,DET,NFL,10,8,92,357,3.88,1,35.7
881,Giovani Bernard\BernGi00,2016,25,2-37,CIN,NFL,10,2,91,337,3.70,2,33.7
882,Melvin Gordon\GordMe00,2018,25,1-15,LAC,NFL,6,6,91,466,5.12,6,77.7
883,Daniel Thomas\ThomDa03,2012,25,2-62,MIA,NFL,12,0,91,325,3.57,4,27.1
884,Joique Bell\BellJo01,2015,29,,DET,NFL,13,5,90,311,3.46,4,23.9
885,Brandon Bennett\BennBr00,2000,27,,CIN,NFL,16,0,90,324,3.60,3,20.3
886,Michael Bennett\BennMi00,2003,25,1-27,MIN,NFL,8,7,90,447,4.97,1,55.9
887,Ladell Betts\BettLa00,2004,25,2-56,WAS,NFL,16,1,90,371,4.12,1,23.2
888,Ahmad Bradshaw\BradAh00,2014,28,7-250,IND,NFL,10,1,90,425,4.72,2,42.5
889,Marshawn Lynch\LyncMa00,2018,32,1-12,OAK,NFL,6,6,90,376,4.18,3,62.7
890,Maurice Morris\MorrMa00,2010,31,2-54,DET,NFL,14,7,90,336,3.73,5,24.0
891,Emmitt Smith*\SmitEm00,2003,34,1-17,ARI,NFL,10,5,90,256,2.84,2,25.6
892,Dwayne Washington\WashDw00,2016,22,7-236,DET,NFL,12,2,90,265,2.94,1,22.1
893,Jonathan Wells\WellJo00,2005,26,4-99,HOU,NFL,15,6,90,325,3.61,4,21.7
894,Ladell Betts\BettLa00,2005,26,2-56,WAS,NFL,12,0,89,338,3.80,1,28.2
895,Jonas Gray\GrayJo00,2014,24,,NWE,NFL,8,3,89,412,4.63,5,51.5
896,Brad Hoover\HoovBr00,2000,24,,CAR,NFL,16,4,89,290,3.26,1,18.1
897,James Starks\StarJa00,2013,27,6-193,GNB,NFL,13,1,89,493,5.54,3,37.9
898,Kenneth Dixon\DixoKe00,2016,22,4-134,BAL,NFL,12,0,88,382,4.34,2,31.8
899,Montario Hardesty\HardMo00,2011,24,2-59,CLE,NFL,10,4,88,266,3.02,0,26.6
900,Travis Henry\HenrTr00,2005,27,2-58,TEN,NFL,10,1,88,335,3.81,0,33.5
901,Elijah McGuire\McGuEl00,2017,23,6-188,NYJ,NFL,16,2,88,315,3.58,1,19.7
902,Beanie Wells\WellCh00,2012,24,1-31,ARI,NFL,8,7,88,234,2.66,5,29.3
903,Charcandrick West\WestCh01,2016,25,,KAN,NFL,15,2,88,293,3.33,1,19.5
904,Tyrone Wheatley\WheaTy00,2001,29,1-17,OAK,NFL,11,2,88,276,3.14,5,25.1
905,Andre Williams\WillAn00,2015,23,4-113,NYG,NFL,16,0,88,257,2.92,1,16.1
906,Zach Zenner\ZennZa00,2016,25,,DET,NFL,14,4,88,334,3.80,4,23.9
907,Tarik Cohen\CoheTa00,2017,22,4-119,CHI,NFL,16,4,87,370,4.25,2,23.1
908,Tevin Coleman\ColeTe01,2015,22,3-73,ATL,NFL,12,3,87,392,4.51,1,32.7
909,Justin Forsett\ForsJu00,2016,31,7-233,3TM,NFL,9,6,87,291,3.34,1,32.3
910,Stevan Ridley\RidlSt00,2011,22,3-73,NWE,NFL,16,2,87,441,5.07,1,27.6
911,Jason Snelling\SnelJa00,2010,27,7-244,ATL,NFL,14,0,87,324,3.72,2,23.1
912,Darren Sproles\SproDa00,2011,28,4-130,NOR,NFL,16,4,87,603,6.93,2,37.7
913,DeAndre Washington\WashDe00,2016,23,5-143,OAK,NFL,14,2,87,467,5.37,2,33.4
914,Cadillac Williams\WillCa02,2011,29,1-5,STL,NFL,11,1,87,361,4.15,1,32.8
915,DeAngelo Williams\WillDe02,2010,27,1-27,CAR,NFL,6,6,87,361,4.15,1,60.2
916,Maurice Jones-Drew\DrewMa00,2012,27,2-60,JAX,NFL,6,5,86,414,4.81,1,69.0
917,Brian Leonard\LeonBr00,2007,23,2-52,STL,NFL,16,7,86,303,3.52,0,18.9
918,Donald Brown\BrowDo00,2014,27,1-27,SDG,NFL,13,3,85,223,2.62,0,17.2
919,Reuben Droughns\DrouRe00,2007,29,3-81,NYG,NFL,16,1,85,275,3.24,6,17.2
920,Quentin Griffin\GrifQu00,2004,23,4-108,DEN,NFL,6,4,85,311,3.66,2,51.8
921,Arlen Harris\HarrAr00,2003,23,,STL,NFL,16,2,85,255,3.00,4,15.9
922,Peyton Hillis\HillPe00,2012,26,7-227,KAN,NFL,13,2,85,309,3.64,1,23.8
923,Ronnie Hillman\HillRo00,2012,21,3-67,DEN,NFL,14,0,85,330,3.88,1,23.6
924,Sammy Morris\MorrSa00,2007,30,5-156,NWE,NFL,6,2,85,384,4.52,3,64.0
925,James Starks\StarJa00,2014,28,6-193,GNB,NFL,16,0,85,333,3.92,2,20.8
926,Tyrone Wheatley\WheaTy00,2004,32,1-17,OAK,NFL,8,7,85,327,3.85,4,40.9
927,Amos Zereoue\ZereAm00,2001,25,3-95,PIT,NFL,14,0,85,441,5.19,1,31.5
928,Mike Anderson\AndeMi00,2002,29,6-189,DEN,NFL,15,12,84,386,4.60,2,25.7
929,Jahvid Best\BestJa00,2011,22,1-30,DET,NFL,6,6,84,390,4.64,2,65.0
930,Matt Breida\BreiMa00,2018,23,,SFO,NFL,8,7,84,487,5.80,2,60.9
931,Frank Gore\GoreFr00,2018,35,3-65,MIA,NFL,8,8,84,385,4.58,0,48.1
932,Derrick Henry\HenrDe00,2018,24,2-45,TEN,NFL,7,7,84,273,3.25,1,39.0
933,Tim Hightower\HighTi00,2011,25,5-149,WAS,NFL,5,5,84,321,3.82,1,64.2
934,Rashad Jennings\JennRa00,2010,25,7-250,JAX,NFL,13,3,84,459,5.46,4,35.3
935,LaMont Jordan\JordLa00,2002,24,2-49,NYJ,NFL,14,0,84,316,3.76,3,22.6
936,John Kuhn\KuhnJo00,2010,28,,GNB,NFL,16,2,84,281,3.35,4,17.6
937,Theo Riddick\RiddTh00,2017,26,6-199,DET,NFL,16,5,84,286,3.40,3,17.9
938,Moe Williams\WillMo00,2002,28,3-75,MIN,NFL,16,0,84,414,4.93,11,25.9
939,Correll Buckhalter\BuckCo00,2006,28,4-121,PHI,NFL,16,1,83,345,4.16,2,21.6
940,Glen Coffee\CoffGl00,2009,22,3-74,SFO,NFL,14,2,83,226,2.72,1,16.1
941,Kevin Faulk\FaulKe00,2008,32,2-46,NWE,NFL,15,3,83,507,6.11,3,33.8
942,Carlos Hyde\HydeCa00,2014,24,2-57,SFO,NFL,14,0,83,333,4.01,4,23.8
943,Jalen Richard\RichJa01,2016,23,,OAK,NFL,16,0,83,491,5.92,1,30.7
944,Darren Sproles\SproDa00,2015,32,4-130,PHI,NFL,16,4,83,317,3.82,3,19.8
945,Pierre Thomas\ThomPi00,2010,26,,NOR,NFL,6,3,83,269,3.24,2,44.8
946,Joique Bell\BellJo01,2012,26,,DET,NFL,16,0,82,414,5.05,3,25.9
947,Tevin Coleman\ColeTe01,2018,25,3-73,ATL,NFL,7,5,82,310,3.78,2,44.3
948,Duke Johnson\JohnDu00,2017,24,3-77,CLE,NFL,16,0,82,348,4.24,4,21.8
949,Latavius Murray\MurrLa00,2014,24,6-181,OAK,NFL,15,3,82,424,5.17,2,28.3
950,Latavius Murray\MurrLa00,2018,28,6-181,MIN,NFL,8,5,82,386,4.71,4,48.3
951,Jonathan Wells\WellJo00,2004,25,4-99,HOU,NFL,16,1,82,299,3.65,3,18.7
952,Toby Gerhart\GerhTo00,2010,23,2-51,MIN,NFL,15,1,81,322,3.98,1,21.5
953,Cedric Houston\HousCe00,2005,23,6-182,NYJ,NFL,12,4,81,302,3.73,2,25.2
954,Aaron Jones\JoneAa00,2017,23,5-182,GNB,NFL,12,4,81,448,5.53,4,37.3
955,T.J. Yeldon\YeldT.00,2018,25,2-36,JAX,NFL,8,4,81,334,4.12,1,41.8
956,Shawn Bryson\BrysSh00,2001,25,3-86,BUF,NFL,15,3,80,341,4.26,2,22.7
957,LaMont Jordan\JordLa00,2008,30,2-49,NWE,NFL,8,0,80,363,4.54,4,45.4
958,Maurice Morris\MorrMa00,2011,32,2-54,DET,NFL,16,5,80,316,3.95,1,19.8
959,Bilal Powell\PoweBi00,2018,30,4-126,NYJ,NFL,7,7,80,343,4.29,0,49.0
960,Robert Turbin\TurbRo00,2012,23,4-106,SEA,NFL,16,0,80,354,4.43,0,22.1
961,Michael Turner\TurnMi00,2006,24,5-154,SDG,NFL,13,0,80,502,6.28,2,38.6
962,Kahlil Bell\BellKa00,2011,25,,CHI,NFL,13,3,79,337,4.27,0,25.9
963,Alfred Blue\BlueAl00,2018,27,6-181,HOU,NFL,8,1,79,258,3.27,1,32.3
964,Devontae Booker\BookDe00,2017,25,4-136,DEN,NFL,13,0,79,299,3.78,1,23.0
965,Chris Brown\BrowCh03,2009,28,3-93,HOU,NFL,14,4,79,267,3.38,3,19.1
966,Troy Hambrick\HambTr00,2002,26,,DAL,NFL,16,0,79,317,4.01,1,19.8
967,Chris Ivory\IvorCh00,2011,23,,NOR,NFL,6,2,79,374,4.73,1,62.3
968,Antonio Pittman\PittAn00,2008,23,4-107,STL,NFL,12,5,79,296,3.75,0,24.7
969,Duce Staley\StalDu00,2000,25,3-71,PHI,NFL,5,5,79,344,4.35,1,68.8
970,Donald Brown\BrowDo00,2009,22,1-27,IND,NFL,11,1,78,281,3.60,3,25.5
971,Trung Canidate\CaniTr00,2001,24,1-31,STL,NFL,16,2,78,441,5.65,6,27.6
972,Terrell Davis*\DaviTe00,2000,28,6-196,DEN,NFL,5,4,78,282,3.62,2,56.4
973,Shaun Draughn\DrauSh00,2015,28,,2TM,NFL,11,6,78,273,3.50,1,24.8
974,D'Onta Foreman\ForeDO00,2017,21,3-89,HOU,NFL,10,1,78,327,4.19,2,32.7
975,Dan Herron\HerrDa00,2014,25,6-191,IND,NFL,16,3,78,351,4.50,1,21.9
976,Kendall Hunter\HuntKe00,2013,25,4-115,SFO,NFL,16,0,78,358,4.59,3,22.4
977,Mark Ingram\IngrMa01,2013,24,1-28,NOR,NFL,11,3,78,386,4.95,1,35.1
978,C.J. Spiller\SpilC.00,2014,27,1-9,BUF,NFL,9,5,78,300,3.85,0,33.3
979,Ladell Betts\BettLa00,2003,24,2-56,WAS,NFL,9,1,77,255,3.31,2,28.3
980,Najeh Davenport\DaveNa00,2003,24,4-135,GNB,NFL,15,0,77,420,5.45,2,28.0
981,Ahman Green\GreeAh00,2005,28,3-76,GNB,NFL,5,5,77,255,3.31,0,51.0
982,Shonn Greene\GreeSh00,2013,28,3-65,TEN,NFL,11,0,77,295,3.83,4,26.8
983,Kerryon Johnson\JohnKe06,2018,21,,DET,NFL,7,4,77,466,6.05,1,66.6
984,Dorsey Levens\LeveDo00,2000,30,5-149,GNB,NFL,5,5,77,224,2.91,3,44.8
985,Ty Montgomery\MontTy01,2016,23,3-94,GNB,NFL,15,6,77,457,5.94,3,30.5
986,Alfred Morris\MorrAl00,2018,30,6-173,SFO,NFL,8,1,77,281,3.65,1,35.1
987,Wendell Smallwood\SmalWe00,2016,22,5-153,PHI,NFL,13,3,77,312,4.05,1,24.0
988,Robert Turbin\TurbRo00,2013,24,4-106,SEA,NFL,16,0,77,264,3.43,0,16.5
989,Brian Westbrook\WestBr00,2010,31,3-91,SFO,NFL,14,5,77,340,4.42,4,24.3
990,Danny Woodhead\WoodDa02,2011,26,,NWE,NFL,15,4,77,351,4.56,1,23.4
991,Kimble Anders\AndeKi00,2000,34,,KAN,NFL,15,7,76,331,4.36,2,22.1
992,Correll Buckhalter\BuckCo00,2008,30,4-121,PHI,NFL,14,2,76,369,4.86,2,26.4
993,Reggie Bush\BushRe00,2014,29,1-2,DET,NFL,11,9,76,297,3.91,2,27.0
994,DeShaun Foster\FostDe00,2008,28,2-34,SFO,NFL,16,2,76,234,3.08,1,14.6
995,Rudi Johnson\JohnRu00,2008,29,4-100,DET,NFL,14,4,76,237,3.12,1,16.9
996,Jerious Norwood\NorwJe00,2009,26,3-79,ATL,NFL,10,4,76,252,3.32,0,25.2
997,Chris Ogbonnaya\OgboCh00,2011,25,7-211,2TM,NFL,13,4,76,340,4.47,1,26.2
998,Adrian Peterson\PeteAd00,2005,26,6-199,CHI,NFL,16,0,76,391,5.14,2,24.4
999,Michael Pittman\PittMi00,2008,33,4-95,DEN,NFL,8,3,76,320,4.21,4,40.0
1000,Joseph Randle\RandJo01,2015,24,5-151,DAL,NFL,6,6,76,315,4.14,4,52.5
1001,Khiry Robinson\RobiKh00,2014,25,,NOR,NFL,10,3,76,362,4.76,3,36.2
1002,Zac Stacy\StacZa00,2014,23,5-160,STL,NFL,13,5,76,293,3.86,1,22.5
1003,Jordan Todman\TodmJo00,2013,23,6-183,JAX,NFL,16,2,76,256,3.37,2,16.0
1004,Leon Washington\WashLe00,2008,26,4-117,NYJ,NFL,16,1,76,448,5.89,6,28.0
1005,Danny Woodhead\WoodDa02,2012,27,,NWE,NFL,16,2,76,301,3.96,4,18.8
1006,Tatum Bell\BellTa00,2004,23,2-41,DEN,NFL,14,0,75,396,5.28,3,28.3
1007,Bryce Brown\BrowBr02,2013,22,7-229,PHI,NFL,16,1,75,314,4.19,2,19.6
1008,Brandon Jackson\JackBr00,2007,22,2-63,GNB,NFL,11,3,75,267,3.56,1,24.3
1009,Dorsey Levens\LeveDo00,2002,32,5-149,PHI,NFL,16,0,75,411,5.48,1,25.7
1010,Tre Mason\MasoTr00,2015,22,3-75,STL,NFL,13,3,75,207,2.76,1,15.9
1011,LeSean McCoy\McCoLe01,2018,30,2-53,BUF,NFL,7,7,75,257,3.43,0,36.7
1012,Dominic Rhodes\RhodDo00,2007,28,,OAK,NFL,10,2,75,302,4.03,1,30.2
1013,Musa Smith\SmitMu00,2007,25,3-77,BAL,NFL,16,1,75,264,3.52,2,16.5
1014,LaDainian Tomlinson*\TomlLa00,2011,32,1-5,NYJ,NFL,14,1,75,280,3.73,1,20.0
1015,Rex Burkhead\BurkRe00,2016,26,6-190,CIN,NFL,16,1,74,344,4.65,2,21.5
1016,Corey Clement\ClemCo00,2017,23,,PHI,NFL,16,0,74,321,4.34,4,20.1
1017,Dalvin Cook\CookDa01,2017,22,2-41,MIN,NFL,4,4,74,354,4.78,2,88.5
1018,Shaun Draughn\DrauSh00,2016,29,,SFO,NFL,16,1,74,196,2.65,4,12.3
1019,Ahman Green\GreeAh00,2008,31,3-76,HOU,NFL,8,1,74,294,3.97,3,36.8
1020,BenJarvus Green-Ellis\GreeBe00,2008,23,,NWE,NFL,9,3,74,275,3.72,5,30.6
1021,Verron Haynes\HaynVe00,2005,26,5-166,PIT,NFL,14,0,74,274,3.70,3,19.6
1022,Ryan Mathews\MathRy00,2014,27,1-12,SDG,NFL,6,6,74,330,4.46,3,55.0
1023,Bernard Scott\ScotBe00,2009,25,6-209,CIN,NFL,13,2,74,321,4.34,0,24.7
1024,C.J. Spiller\SpilC.00,2010,23,1-9,BUF,NFL,14,1,74,283,3.82,0,20.2
1025,Robert Turbin\TurbRo00,2014,25,4-106,SEA,NFL,16,3,74,310,4.19,0,19.4
1026,Chris Warren\WarrCh00,2000,32,4-89,2TM,NFL,14,1,74,296,4.00,2,21.1
1027,Andre Brown\BrowAn03,2012,26,4-129,NYG,NFL,10,2,73,385,5.27,8,38.5
1028,Peyton Hillis\HillPe00,2013,27,7-227,NYG,NFL,7,1,73,247,3.38,2,35.3
1029,Chris Ivory\IvorCh00,2018,30,,BUF,NFL,8,1,73,244,3.34,1,30.5
1030,Duke Johnson\JohnDu00,2016,23,3-77,CLE,NFL,16,1,73,358,4.90,1,22.4
1031,Dion Lewis\LewiDi00,2018,28,5-149,TEN,NFL,7,0,73,277,3.79,1,39.6
1032,Sammy Morris\MorrSa00,2009,32,5-156,NWE,NFL,12,5,73,319,4.37,2,26.6
1033,Kendall Hunter\HuntKe00,2012,24,4-115,SFO,NFL,11,0,72,371,5.15,2,33.7
1034,Kevin Smith\SmitKe02,2011,25,3-64,DET,NFL,7,4,72,356,4.94,4,50.9
1035,Spencer Ware\WareSp00,2015,24,6-194,KAN,NFL,11,2,72,403,5.60,6,36.6
1036,Leon Washington\WashLe00,2009,27,4-117,NYJ,NFL,7,0,72,331,4.60,0,47.3
1037,Ricky Watters\WattRi00,2001,32,2-45,SEA,NFL,5,4,72,318,4.42,1,63.6
1038,Cedric Benson\BensCe00,2012,30,1-4,GNB,NFL,5,5,71,248,3.49,1,49.6
1039,Alfred Blue\BlueAl00,2017,26,6-181,HOU,NFL,11,0,71,262,3.69,1,23.8
1040,Jamaal Charles\CharJa00,2015,29,3-73,KAN,NFL,5,5,71,364,5.13,4,72.8
1041,Najeh Davenport\DaveNa00,2004,25,4-135,GNB,NFL,11,1,71,359,5.06,2,32.6
1042,Royce Freeman\FreeRo00,2018,22,,DEN,NFL,7,7,71,309,4.35,4,44.1
1043,Lamar Gordon\GordLa00,2003,23,3-84,STL,NFL,10,4,71,298,4.20,1,29.8
1044,Jerome Harrison\HarrJe00,2010,27,5-145,2TM,NFL,12,2,71,330,4.65,1,27.5
1045,Eddie Lacy\LacyEd00,2016,26,2-61,GNB,NFL,5,5,71,360,5.07,0,72.0
1046,Ty Montgomery\MontTy01,2017,24,3-94,GNB,NFL,8,5,71,273,3.85,3,34.1
1047,Maurice Morris\MorrMa00,2005,26,2-54,SEA,NFL,16,2,71,288,4.06,1,18.0
1048,Errict Rhett\RhetEr00,2000,30,2-34,CLE,NFL,5,4,71,258,3.63,0,51.6
1049,James Starks\StarJa00,2012,26,6-193,GNB,NFL,6,2,71,255,3.59,1,42.5
1050,Michael Turner\TurnMi00,2007,25,5-154,SDG,NFL,16,0,71,316,4.45,1,19.8
1051,Leon Washington\WashLe00,2007,25,4-117,NYJ,NFL,16,4,71,353,4.97,3,22.1
1052,David Wilson\WilsDa01,2012,21,1-32,NYG,NFL,16,2,71,358,5.04,4,22.4
1053,Mike Anderson\AndeMi00,2003,30,6-189,DEN,NFL,12,5,70,257,3.67,3,21.4
1054,Richie Anderson\AndeRi00,2003,32,6-144,DAL,NFL,15,8,70,306,4.37,1,20.4
1055,Michael Bennett\BennMi00,2004,26,1-27,MIN,NFL,11,7,70,276,3.94,1,25.1
1056,Reggie Bush\BushRe00,2009,24,1-2,NOR,NFL,14,8,70,390,5.57,5,27.9
1057,Knile Davis\DaviKn00,2013,22,3-96,KAN,NFL,16,1,70,242,3.46,4,15.1
1058,Anthony Dixon\DixoAn00,2010,23,6-173,SFO,NFL,16,0,70,237,3.39,2,14.8
1059,Kenyan Drake\DrakKe00,2018,24,3-73,MIA,NFL,8,5,70,340,4.86,3,42.5
1060,Tony Fisher\FishTo00,2002,23,,GNB,NFL,15,1,70,283,4.04,2,18.9
1061,Ahman Green\GreeAh00,2007,30,3-76,HOU,NFL,6,5,70,260,3.71,2,43.3
1062,Michael Pittman\PittMi00,2005,30,4-95,TAM,NFL,16,4,70,436,6.23,1,27.3
1063,Bilal Powell\PoweBi00,2015,27,4-126,NYJ,NFL,11,2,70,313,4.47,1,28.5
1064,Leonard Weaver\WeavLe00,2009,27,,PHI,NFL,16,8,70,323,4.61,2,20.2
1065,Jamel White\WhitJa00,2003,26,,CLE,NFL,16,3,70,266,3.80,1,16.6
1066,Jamaal Charles\CharJa00,2017,31,3-73,DEN,NFL,14,0,69,296,4.29,1,21.1
1067,Eddie Lacy\LacyEd00,2017,27,2-61,SEA,NFL,9,3,69,179,2.59,0,19.9
1068,Alfred Morris\MorrAl00,2016,28,6-173,DAL,NFL,14,0,69,243,3.52,2,17.4
1069,Daryl Richardson\RichDa00,2013,23,7-252,STL,NFL,8,3,69,215,3.12,0,26.9
1070,Mike Davis\DaviMi01,2017,24,4-126,SEA,NFL,6,6,68,240,3.53,0,40.0
1071,Peyton Hillis\HillPe00,2008,22,7-227,DEN,NFL,12,6,68,343,5.04,5,28.6
1072,Brad Hoover\HoovBr00,2004,28,,CAR,NFL,14,9,68,246,3.62,0,17.6
1073,Elvis Joseph\JoseEl00,2001,23,,JAX,NFL,14,3,68,294,4.32,0,21.0
1074,Dorsey Levens\LeveDo00,2003,33,5-149,NYG,NFL,11,0,68,197,2.90,3,17.9
1075,Michael Pittman\PittMi00,2007,32,4-95,TAM,NFL,10,3,68,286,4.21,0,28.6
1076,Lorenzo Taliaferro\TaliLo00,2014,23,4-138,BAL,NFL,13,0,68,292,4.29,4,22.5
1077,Chris Thompson\ThomCh03,2016,26,5-154,WAS,NFL,16,0,68,356,5.24,3,22.3
1078,Mike Alstott\AlstMi00,2004,31,2-35,TAM,NFL,14,11,67,230,3.43,2,16.4
1079,Cedric Benson\BensCe00,2005,23,1-4,CHI,NFL,9,1,67,272,4.06,0,30.2
1080,Ahmad Bradshaw\BradAh00,2008,22,7-250,NYG,NFL,15,0,67,355,5.30,1,23.7
1081,Jamaal Charles\CharJa00,2008,22,3-73,KAN,NFL,16,2,67,357,5.33,0,22.3
1082,Frank Moreau\MoreFr00,2000,24,4-115,KAN,NFL,11,0,67,179,2.67,4,16.3
1083,Denard Robinson\RobiDe00,2015,25,5-135,JAX,NFL,13,3,67,266,3.97,1,20.5
1084,Tashard Choice\ChoiTa00,2010,26,4-122,DAL,NFL,16,0,66,243,3.68,3,15.2
1085,Benny Cunningham\CunnBe01,2014,24,,STL,NFL,16,2,66,246,3.73,3,15.4
1086,Nick Goings\GoinNi00,2001,23,,CAR,NFL,13,2,66,197,2.98,0,15.2
1087,Marlon Mack\MackMa00,2018,22,4-143,IND,NFL,4,4,66,381,5.77,3,95.3
1088,Tony Richardson\RichTo00,2001,30,,KAN,NFL,14,8,66,191,2.89,7,13.6
1089,Charles Sims\SimsCh00,2014,24,3-69,TAM,NFL,8,0,66,185,2.80,1,23.1
1090,Mike Tolbert\TolbMi00,2017,32,,BUF,NFL,12,0,66,247,3.74,1,20.6
1091,Ladell Betts\BettLa00,2002,23,2-56,WAS,NFL,11,0,65,307,4.72,1,27.9
1092,Jesse Chatman\ChatJe00,2004,25,,SDG,NFL,15,0,65,392,6.03,3,26.1
1093,T.J. Duckett\DuckT.00,2007,26,1-18,DET,NFL,12,1,65,335,5.15,3,27.9
1094,Marshall Faulk*\FaulMa00,2005,32,1-2,STL,NFL,16,1,65,292,4.49,0,18.3
1095,Tony Fisher\FishTo00,2004,25,,GNB,NFL,16,0,65,224,3.45,0,14.0
1096,Devonta Freeman\FreeDe00,2014,22,4-103,ATL,NFL,16,0,65,248,3.82,1,15.5
1097,Lamar Gordon\GordLa00,2002,22,3-84,STL,NFL,13,5,65,228,3.51,1,17.5
1098,Montario Hardesty\HardMo00,2012,25,2-59,CLE,NFL,13,1,65,271,4.17,1,20.8
1099,Mewelde Moore\MoorMe00,2004,22,4-119,MIN,NFL,10,3,65,379,5.83,0,37.9
1100,Ben Tate\TateBe00,2012,24,2-58,HOU,NFL,11,0,65,279,4.29,2,25.4
1101,Keiland Williams\WillKe03,2010,24,,WAS,NFL,15,3,65,261,4.02,3,17.4
1102,Moe Williams\WillMo00,2001,27,3-75,BAL,NFL,15,2,65,291,4.48,0,19.4
1103,Shaun Alexander\AlexSh00,2000,23,1-19,SEA,NFL,16,1,64,313,4.89,2,19.6
1104,Shawn Bryson\BrysSh00,2005,29,3-86,DET,NFL,16,2,64,306,4.78,1,19.1
1105,Rex Burkhead\BurkRe00,2017,27,6-190,NWE,NFL,10,3,64,264,4.13,5,26.4
1106,Rock Cartwright\CartRo01,2009,30,7-257,WAS,NFL,16,2,64,228,3.56,0,14.3
1107,Tashard Choice\ChoiTa00,2009,25,4-122,DAL,NFL,16,0,64,349,5.45,3,21.8
1108,Dion Lewis\LewiDi00,2016,26,5-149,NWE,NFL,7,5,64,283,4.42,0,40.4
1109,Jacquizz Rodgers\RodgJa00,2017,27,5-145,TAM,NFL,16,4,64,244,3.81,1,15.3
1110,Chris Thompson\ThomCh03,2017,27,5-154,WAS,NFL,10,1,64,294,4.59,2,29.4
1111,LenDale White\WhitLe01,2009,25,2-45,TEN,NFL,13,0,64,222,3.47,2,17.1
1112,Brandon Bolden\BoldBr00,2015,25,,NWE,NFL,15,2,63,207,3.29,0,13.8
1113,Malcolm Brown\BrowMa03,2017,24,,LAR,NFL,11,1,63,246,3.90,1,22.4
1114,Michael Bush\BushMi00,2013,29,4-100,CHI,NFL,15,0,63,197,3.13,3,13.1
1115,Ki-Jana Carter\CartKi00,2001,28,1-1,WAS,NFL,14,0,63,308,4.89,3,22.0
1116,Doug Chapman\ChapDo00,2001,24,3-88,MIN,NFL,16,3,63,195,3.10,0,12.2
1117,Justin Forsett\ForsJu00,2012,27,7-233,HOU,NFL,16,0,63,374,5.94,1,23.4
1118,Arian Foster\FostAr00,2015,29,,HOU,NFL,4,4,63,163,2.59,1,40.8
1119,Troy Hambrick\HambTr00,2004,28,,ARI,NFL,10,0,63,283,4.49,1,28.3
1120,Robert Holcombe\HolcRo00,2003,28,2-37,TEN,NFL,15,0,63,201,3.19,1,13.4
1121,Chris Jennings\JennCh00,2009,24,,CLE,NFL,9,1,63,220,3.49,1,24.4
1122,Deji Karim\KariDe00,2011,25,6-180,JAX,NFL,12,0,63,130,2.06,0,10.8
1123,James Starks\StarJa00,2016,30,6-193,GNB,NFL,9,4,63,145,2.30,0,16.1
1124,Chester Taylor\TaylCh01,2003,24,6-207,BAL,NFL,16,1,63,276,4.38,2,17.3
1125,Fred Taylor\TaylFr00,2009,33,1-9,NWE,NFL,6,1,63,269,4.27,4,44.8
1126,Stepfan Taylor\TaylSt00,2014,23,5-140,ARI,NFL,14,4,63,208,3.30,1,14.9
1127,Cadillac Williams\WillCa02,2008,26,1-5,TAM,NFL,6,1,63,233,3.70,4,38.8
1128,Jamaal Williams\WillJa06,2018,23,4-134,GNB,NFL,7,5,63,233,3.70,1,33.3
1129,Correll Buckhalter\BuckCo00,2007,29,4-121,PHI,NFL,14,2,62,313,5.05,4,22.4
1130,T.J. Duckett\DuckT.00,2008,27,1-18,SEA,NFL,16,0,62,172,2.77,8,10.8
1131,Kevin Faulk\FaulKe00,2009,33,2-46,NWE,NFL,15,7,62,335,5.40,2,22.3
1132,Kevin Faulk\FaulKe00,2007,31,2-46,NWE,NFL,16,8,62,265,4.27,0,16.6
1133,Quinton Ganther\GantQu00,2009,25,7-246,WAS,NFL,8,4,62,201,3.24,3,25.1
1134,Roy Helu\HeluRo00,2013,25,4-105,WAS,NFL,16,0,62,274,4.42,4,17.1
1135,Greg Jones\JoneGr01,2004,23,2-55,JAX,NFL,16,3,62,162,2.61,3,10.1
1136,Robert Kelley\KellRo00,2017,25,,WAS,NFL,7,7,62,194,3.13,3,27.7
1137,Jeremy Langford\LangJe00,2016,25,4-106,CHI,NFL,12,3,62,200,3.23,4,16.7
1138,Mike Tolbert\TolbMi00,2015,30,,CAR,NFL,16,3,62,256,4.13,1,16.0
1139,Shane Vereen\VereSh00,2012,23,2-56,NWE,NFL,13,1,62,251,4.05,3,19.3
1140,Terrance West\WestTe00,2015,24,3-94,2TM,NFL,8,0,62,231,3.73,0,28.9
1141,DeAngelo Williams\WillDe02,2014,31,1-27,CAR,NFL,6,6,62,219,3.53,0,36.5
1142,Jason Wright\WrigJa01,2006,24,,CLE,NFL,13,3,62,189,3.05,0,14.5
1143,Michael Bennett\BennMi00,2007,29,1-27,2TM,NFL,14,1,61,241,3.95,1,17.2
1144,Ladell Betts\BettLa00,2008,29,2-56,WAS,NFL,13,0,61,206,3.38,1,15.8
1145,Chris Perry\PerrCh00,2005,24,1-26,CIN,NFL,14,2,61,279,4.57,0,19.9
1146,Bernard Scott\ScotBe00,2010,26,6-209,CIN,NFL,16,0,61,299,4.90,1,18.7
1147,Darren Sproles\SproDa00,2008,25,4-130,SDG,NFL,16,0,61,330,5.41,1,20.6
1148,Rodney Thomas\ThomRo00,2000,27,3-89,TEN,NFL,16,0,61,175,2.87,0,10.9
1149,Shane Vereen\VereSh00,2015,26,2-56,NYG,NFL,16,0,61,260,4.26,0,16.3
1150,Lamont Warren\WarrLa00,2001,28,6-164,DET,NFL,16,3,61,191,3.13,3,11.9
1151,Brian Westbrook\WestBr00,2009,30,3-91,PHI,NFL,8,7,61,274,4.49,1,34.3
1152,LenDale White\WhitLe01,2006,22,2-45,TEN,NFL,13,0,61,244,4.00,0,18.8
1153,Selvin Young\YounSe00,2008,25,,DEN,NFL,8,5,61,303,4.97,1,37.9
1154,Mike Alstott\AlstMi00,2006,33,2-35,TAM,NFL,16,15,60,171,2.85,3,10.7
1155,LeGarrette Blount\BlouLe00,2018,32,,DET,NFL,7,3,60,170,2.83,3,24.3
1156,Zack Crockett\CrocZa00,2005,33,3-79,OAK,NFL,16,10,60,208,3.47,1,13.0
1157,Najeh Davenport\DaveNa00,2006,27,4-135,PIT,NFL,13,0,60,221,3.68,1,17.0
1158,Kenneth Farrow\FarrKe02,2016,23,,SDG,NFL,13,2,60,192,3.20,0,14.8
1159,Tony Fisher\FishTo00,2005,26,,GNB,NFL,14,4,60,173,2.88,1,12.4
1160,Mike James\JameMi00,2013,22,6-189,TAM,NFL,8,3,60,295,4.92,0,36.9
1161,Julius Jones\JoneJu01,2010,29,2-43,2TM,NFL,12,2,60,223,3.72,0,18.6
1162,William Powell\PoweWi00,2012,24,,ARI,NFL,13,1,60,217,3.62,0,16.7
1163,Wendell Smallwood\SmalWe00,2018,24,5-153,PHI,NFL,8,4,60,257,4.28,1,32.1
1164,Jason Wright\WrigJa01,2007,25,,CLE,NFL,16,1,60,277,4.62,1,17.3
1165,Tavon Austin\AustTa00,2017,27,1-8,LAR,NFL,16,9,59,270,4.58,1,16.9
1166,Donald Brown\BrowDo00,2015,28,1-27,SDG,NFL,9,2,59,229,3.88,1,25.4
1167,Correll Buckhalter\BuckCo00,2010,32,4-121,DEN,NFL,15,0,59,147,2.49,2,9.8
1168,Shaun Draughn\DrauSh00,2012,25,,KAN,NFL,16,0,59,233,3.95,2,14.6
1169,DeShaun Foster\FostDe00,2004,24,2-34,CAR,NFL,4,3,59,255,4.32,2,63.8
1170,Maurice Hicks\HickMa00,2005,27,,SFO,NFL,14,3,59,308,5.22,3,22.0
1171,Travis Minor\MinoTr00,2001,22,3-85,MIA,NFL,16,0,59,281,4.76,2,17.6
1172,Marcel Reece\ReecMa00,2012,27,,OAK,NFL,16,14,59,271,4.59,0,16.9
1173,Javon Ringer\RingJa00,2011,24,5-173,TEN,NFL,12,0,59,185,3.14,1,15.4
1174,Ryan Torain\ToraRy00,2011,25,5-139,WAS,NFL,8,4,59,200,3.39,1,25.0
1175,Fred Jackson\JackFr02,2007,26,,BUF,NFL,8,1,58,300,5.17,0,37.5
1176,Brandon Jacobs\JacoBr00,2013,31,4-110,NYG,NFL,7,1,58,238,4.10,4,34.0
1177,Stanley Pritchett\PritSt00,2000,27,4-118,PHI,NFL,16,2,58,225,3.88,1,14.1
1178,Thomas Rawls\RawlTh00,2017,24,,SEA,NFL,12,3,58,157,2.71,0,13.1
1179,Jacquizz Rodgers\RodgJa00,2014,24,5-145,ATL,NFL,16,1,58,217,3.74,1,13.6
1180,Aaron Stecker\StecAa00,2004,29,,NOR,NFL,16,3,58,244,4.21,2,15.3
1181,Darius Walker\WalkDa00,2007,22,,HOU,NFL,4,2,58,264,4.55,1,66.0
1182,Keiland Williams\WillKe03,2011,25,,DET,NFL,15,0,58,195,3.36,2,13.0
1183,Ryan Williams\WillRy00,2012,22,2-38,ARI,NFL,5,3,58,164,2.83,0,32.8
1184,Richie Anderson\AndeRi00,2004,33,6-144,DAL,NFL,12,4,57,246,4.32,1,20.5
1185,Tashard Choice\ChoiTa00,2011,27,4-122,3TM,NFL,13,1,57,152,2.67,1,11.7
1186,Zack Crockett\CrocZa00,2001,29,3-79,OAK,NFL,16,0,57,145,2.54,6,9.1
1187,Olandis Gary\GaryOl00,2001,26,4-127,DEN,NFL,9,1,57,228,4.00,1,25.3
1188,Artose Pinner\PinnAr00,2004,26,4-99,DET,NFL,9,2,57,174,3.05,2,19.3
1189,Jacquizz Rodgers\RodgJa00,2011,21,5-145,ATL,NFL,16,0,57,205,3.60,1,12.8
1190,Darren Sproles\SproDa00,2014,31,4-130,PHI,NFL,15,0,57,329,5.77,6,21.9
1191,Michael Turner\TurnMi00,2005,23,5-154,SDG,NFL,16,0,57,335,5.88,3,20.9
1192,DeAndre Washington\WashDe00,2017,24,5-143,OAK,NFL,15,0,57,153,2.68,2,10.2
1193,Fozzy Whittaker\WhitFo00,2016,27,,CAR,NFL,16,0,57,265,4.65,0,16.6
1194,Brandon Bennett\BennBr00,2003,30,,CIN,NFL,16,0,56,173,3.09,0,10.8
1195,Ladell Betts\BettLa00,2009,30,2-56,WAS,NFL,10,2,56,210,3.75,2,21.0
1196,Brandon Bolden\BoldBr00,2012,22,,NWE,NFL,10,0,56,274,4.89,2,27.4
1197,Chris Brown\BrowCh03,2003,22,3-93,TEN,NFL,11,0,56,221,3.95,0,20.1
1198,Samkon Gado\GadoSa00,2006,24,,2TM,NFL,9,1,56,210,3.75,1,23.3
1199,Jonathan Grimes\GrimJo01,2015,26,,HOU,NFL,14,0,56,282,5.04,1,20.1
1200,Skip Hicks\HickSk00,2001,27,3-69,TEN,NFL,9,0,56,341,6.09,1,37.9
1201,Jalen Richard\RichJa01,2017,24,,OAK,NFL,16,1,56,275,4.91,1,17.2
1202,Khiry Robinson\RobiKh00,2015,26,,NOR,NFL,8,0,56,180,3.21,4,22.5
1203,Evan Royster\RoysEv00,2011,24,6-177,WAS,NFL,6,2,56,328,5.86,0,54.7
1204,Lee Suggs\SuggLe00,2003,23,4-115,CLE,NFL,7,0,56,289,5.16,2,41.3
1205,Jamal Anderson\AndeJa00,2001,29,7-201,ATL,NFL,3,3,55,190,3.45,1,63.3
1206,Montee Ball\BallMo00,2014,24,2-58,DEN,NFL,5,3,55,172,3.13,1,34.4
1207,Peyton Barber\BarbPe01,2016,22,,TAM,NFL,15,1,55,223,4.05,1,14.9
1208,Brandon Bolden\BoldBr00,2013,23,,NWE,NFL,12,2,55,271,4.93,3,22.6
1209,Verron Haynes\HaynVe00,2004,25,5-166,PIT,NFL,13,0,55,272,4.95,0,20.9
1210,Ronnie Hillman\HillRo00,2013,22,3-67,DEN,NFL,10,0,55,218,3.96,1,21.8
1211,Dexter McCluster\McClDe00,2015,26,2-36,TEN,NFL,11,2,55,247,4.49,1,22.5
1212,Ryan Moats\MoatRy00,2005,23,3-77,PHI,NFL,7,1,55,278,5.05,3,39.7
1213,Rod Smith\SmitRo06,2017,25,,DAL,NFL,15,1,55,232,4.22,4,15.5
1214,KaRon Coleman\ColeKa00,2000,22,,DEN,NFL,9,0,54,183,3.39,1,20.3
1215,Kevin Faulk\FaulKe00,2004,28,2-46,NWE,NFL,11,1,54,255,4.72,2,23.2
1216,Arian Foster\FostAr00,2009,23,,HOU,NFL,6,1,54,257,4.76,3,42.8
1217,Lamar Gordon\GordLa00,2005,25,3-84,PHI,NFL,14,4,54,182,3.37,1,13.0
1218,Stacey Mack\MackSt00,2000,25,,JAX,NFL,6,2,54,145,2.69,1,24.2
1219,Christine Michael\MichCh00,2015,25,2-62,2TM,NFL,8,2,54,243,4.50,0,30.4
1220,Patrick Pass\PassPa00,2005,28,7-239,NWE,NFL,12,4,54,245,4.54,3,20.4
1221,Clinton Portis\PortCl00,2010,29,2-51,WAS,NFL,5,5,54,227,4.20,2,45.4
1222,Joseph Randle\RandJo01,2013,22,5-151,DAL,NFL,13,2,54,164,3.04,2,12.6
1223,Khiry Robinson\RobiKh00,2013,24,,NOR,NFL,10,0,54,224,4.15,1,22.4
1224,Juwan Thompson\ThomJu01,2014,20,,DEN,NFL,15,0,54,272,5.04,3,18.1
1225,Mike Tolbert\TolbMi00,2012,27,,CAR,NFL,16,5,54,183,3.39,7,11.4
1226,Justin Watson\WatsJu00,2000,25,,STL,NFL,14,2,54,249,4.61,4,17.8
1227,Cadillac Williams\WillCa02,2007,25,1-5,TAM,NFL,4,4,54,208,3.85,3,52.0
1228,Tim Biakabutuka\BiakTi00,2001,27,1-8,CAR,NFL,5,4,53,230,4.34,1,46.0
1229,Ron Dayne\DaynRo00,2005,27,1-11,DEN,NFL,10,0,53,270,5.09,1,27.0
1230,Austin Ekeler\EkelAu00,2018,23,,LAC,NFL,7,1,53,305,5.75,0,43.6
1231,Samkon Gado\GadoSa00,2007,25,,2TM,NFL,8,2,53,150,2.83,4,18.8
1232,Dominic Rhodes\RhodDo00,2004,25,,IND,NFL,16,0,53,254,4.79,1,15.9
1233,Darren Sproles\SproDa00,2013,30,4-130,NOR,NFL,15,4,53,220,4.15,2,14.7
1234,LaBrandon Toefield\ToefLa00,2003,23,4-132,JAX,NFL,16,0,53,212,4.00,2,13.3
1235,Leon Washington\WashLe00,2011,29,4-117,SEA,NFL,16,1,53,248,4.68,1,15.5
1236,Kerwynn Williams\WillKe05,2014,23,7-230,ARI,NFL,5,0,53,246,4.64,0,49.2
1237,Nick Chubb\ChubNi00,2018,23,,CLE,NFL,8,1,52,318,6.12,3,39.8
1238,David Cobb\CobbDa00,2015,22,5-138,TEN,NFL,7,1,52,146,2.81,1,20.9
1239,Mike Davis\DaviMi01,2018,25,4-126,SEA,NFL,6,1,52,226,4.35,3,37.7
1240,Ron Dayne\DaynRo00,2004,26,1-11,NYG,NFL,14,2,52,179,3.44,1,12.8
1241,Heath Evans\EvanHe00,2005,27,3-82,2TM,NFL,12,3,52,192,3.69,0,16.0
1242,Kevin Faulk\FaulKe00,2002,26,2-46,NWE,NFL,15,0,52,271,5.21,2,18.1
1243,Nyheim Hines\HineNy00,2018,22,,IND,NFL,8,2,52,238,4.58,1,29.8
1244,Jerick McKinnon\McKiJe00,2015,23,3-96,MIN,NFL,16,0,52,271,5.21,2,16.9
1245,Isaac Redman\RedmIs20,2010,26,,PIT,NFL,16,0,52,247,4.75,0,15.4
1246,Pierre Thomas\ThomPi00,2007,23,,NOR,NFL,12,1,52,252,4.85,1,21.0
1247,Jordan Wilkins\WilkJo01,2018,24,,IND,NFL,8,3,52,235,4.52,0,29.4
1248,Marc Edwards\EdwaMa00,2001,27,2-55,NWE,NFL,16,13,51,141,2.76,1,8.8
1249,Kevin Faulk\FaulKe00,2005,29,2-46,NWE,NFL,8,2,51,145,2.84,0,18.1
1250,Ben Gay\GayxBe00,2001,21,,CLE,NFL,16,0,51,172,3.37,1,10.8
1251,Rashard Mendenhall\MendRa00,2012,25,1-23,PIT,NFL,6,4,51,182,3.57,0,30.3
1252,Lamar Miller\MillLa01,2012,21,4-97,MIA,NFL,13,1,51,250,4.90,1,19.2
1253,Joseph Randle\RandJo01,2014,23,5-151,DAL,NFL,16,0,51,343,6.73,3,21.4
1254,Javon Ringer\RingJa00,2010,23,5-173,TEN,NFL,16,0,51,239,4.69,2,14.9
1255,Charles Sims\SimsCh00,2016,26,3-69,TAM,NFL,7,2,51,149,2.92,1,21.3
1256,LaBrandon Toefield\ToefLa00,2004,24,4-132,JAX,NFL,14,0,51,169,3.31,0,12.1
1257,Fred Beasley\BeasFr00,2000,26,6-180,SFO,NFL,15,15,50,147,2.94,3,9.8
1258,Brandon Bennett\BennBr00,2001,28,,CIN,NFL,16,1,50,232,4.64,0,14.5
1259,Shawn Bryson\BrysSh00,2004,28,3-86,DET,NFL,16,1,50,264,5.28,0,16.5
1260,Corey Clement\ClemCo00,2018,24,,PHI,NFL,6,0,50,167,3.34,2,27.8
1261,Brock Forsey\ForsBr00,2003,23,6-206,CHI,NFL,9,2,50,191,3.82,2,21.2
1262,Toby Gerhart\GerhTo00,2012,25,2-51,MIN,NFL,16,0,50,169,3.38,1,10.6
1263,Nick Goings\GoinNi00,2002,24,,CAR,NFL,14,2,50,188,3.76,0,13.4
1264,J.J. Johnson\JohnJ.00,2000,26,2-39,MIA,NFL,13,1,50,168,3.36,1,12.9
1265,Michael Pittman\PittMi00,2006,31,4-95,TAM,NFL,16,3,50,245,4.90,1,15.3
1266,Darren Sproles\SproDa00,2010,27,4-130,SDG,NFL,16,3,50,267,5.34,0,16.7
1267,Robert Turbin\TurbRo00,2015,26,4-106,2TM,NFL,10,0,50,199,3.98,1,19.9
1268,Derrick Ward\WardDe01,2010,30,7-235,HOU,NFL,16,0,50,315,6.30,4,19.7
1269,DeShawn Wynn\WynnDe00,2007,24,7-228,GNB,NFL,7,4,50,203,4.06,4,29.0
1270,Jay Ajayi\AjayJa00,2015,22,5-149,MIA,NFL,9,0,49,187,3.82,1,20.8
1271,Chris Carson\CarsCh00,2017,23,7-249,SEA,NFL,4,3,49,208,4.24,0,52.0
1272,Mike Cloud\ClouMi00,2002,27,2-54,KAN,NFL,14,2,49,115,2.35,2,8.2
1273,Jonathan Dwyer\DwyeJo00,2013,24,6-188,PIT,NFL,15,0,49,197,4.02,0,13.1
1274,Arlen Harris\HarrAr00,2006,26,,DET,NFL,10,3,49,158,3.22,1,15.8
1275,Dennis Johnson\JohnDe02,2013,23,,HOU,NFL,8,1,49,183,3.73,0,22.9
1276,Dion Lewis\LewiDi00,2015,25,5-149,NWE,NFL,7,6,49,234,4.78,2,33.4
1277,Chris Ogbonnaya\OgboCh00,2013,27,7-211,CLE,NFL,16,7,49,240,4.90,0,15.0
1278,Cory Schlesinger\SchlCo00,2002,30,6-192,DET,NFL,16,14,49,139,2.84,2,8.7
1279,T.J. Yeldon\YeldT.00,2017,24,2-36,JAX,NFL,10,0,49,253,5.16,2,25.3
1280,Zack Crockett\CrocZa00,2003,31,3-79,OAK,NFL,16,7,48,145,3.02,7,9.1
1281,Zack Crockett\CrocZa00,2004,32,3-79,OAK,NFL,16,9,48,232,4.83,2,14.5
1282,DuJuan Harris\HarrDu01,2015,27,,2TM,NFL,4,1,48,189,3.94,0,47.3
1283,Noah Herron\HerrNo00,2005,23,7-244,2TM,NFL,7,0,48,123,2.56,2,17.6
1284,Felix Jones\JoneFe00,2013,26,1-22,PIT,NFL,16,2,48,184,3.83,0,11.5
1285,Chad Morton\MortCh00,2003,26,5-166,WAS,NFL,15,2,48,216,4.50,0,14.4
1286,Darren Sproles\SproDa00,2012,29,4-130,NOR,NFL,13,6,48,244,5.08,1,18.8
1287,Jonathan Stewart\StewJo00,2013,26,1-13,CAR,NFL,6,1,48,180,3.75,0,30.0
1288,James White\WhitJa02,2018,26,4-130,NWE,NFL,8,1,48,204,4.25,2,25.5
1289,Ricky Williams\WillRi01,2003,25,,IND,NFL,13,4,48,155,3.23,2,11.9
1290,Mike Bell\BellMi00,2010,27,,2TM,NFL,16,1,47,99,2.11,0,6.2
1291,Tashard Choice\ChoiTa00,2012,28,4-122,BUF,NFL,12,0,47,193,4.11,1,16.1
1292,Benny Cunningham\CunnBe01,2013,23,,STL,NFL,14,0,47,261,5.55,1,18.6
1293,Austin Ekeler\EkelAu00,2017,22,,LAC,NFL,16,0,47,260,5.53,2,16.3
1294,Mike Gillislee\GillMi00,2015,25,5-164,BUF,NFL,5,1,47,267,5.68,3,53.4
1295,Robert Holcombe\HolcRo00,2002,27,2-37,TEN,NFL,8,0,47,242,5.15,0,30.3
1296,Brian Leonard\LeonBr00,2013,29,2-52,TAM,NFL,16,1,47,182,3.87,0,11.4
1297,Bishop Sankey\SankBi00,2015,23,2-54,TEN,NFL,13,3,47,193,4.11,1,14.8
1298,Cory Schlesinger\SchlCo00,2001,29,6-192,DET,NFL,16,13,47,154,3.28,3,9.6
1299,Wendell Smallwood\SmalWe00,2017,23,5-153,PHI,NFL,8,3,47,174,3.70,1,21.8
1300,Robert Turbin\TurbRo00,2016,27,4-106,IND,NFL,15,0,47,164,3.49,7,10.9
