Rk,Player,Year,Age,Draft,Tm,Lg,G,GS,Tgt,Rec,Yds,Y/R,TD,Y/G,Ctch%,Y/Tgt
1,Jason Witten\WittJa00,2012,30,3-69,DAL,NFL,16,16,147,110,1039,9.45,3,64.9,74.8%,7.07
2,Tony Gonzalez\GonzTo00,2004,28,1-13,KAN,NFL,16,16,148,102,1258,12.33,7,78.6,68.9%,8.50
3,Dallas Clark\ClarDa00,2009,30,1-24,IND,NFL,16,16,133,100,1106,11.06,10,69.1,75.2%,8.32
4,Tony Gonzalez\GonzTo00,2007,31,1-13,KAN,NFL,16,16,153,99,1172,11.84,5,73.3,64.7%,7.66
5,Jimmy Graham\GrahJi00,2011,25,3-95,NOR,NFL,16,11,149,99,1310,13.23,11,81.9,66.4%,8.79
6,Tony Gonzalez\GonzTo00,2008,32,1-13,KAN,NFL,16,16,155,96,1058,11.02,10,66.1,61.9%,6.83
7,Jason Witten\WittJa00,2007,25,3-69,DAL,NFL,16,16,141,96,1145,11.93,7,71.6,68.1%,8.12
8,Delanie Walker\WalkHu00,2015,31,6-175,TEN,NFL,15,10,133,94,1088,11.57,6,72.5,70.7%,8.18
9,Jason Witten\WittJa00,2009,27,3-69,DAL,NFL,16,16,124,94,1030,10.96,2,64.4,75.8%,8.31
10,Jason Witten\WittJa00,2010,28,3-69,DAL,NFL,16,16,128,94,1002,10.66,9,62.6,73.4%,7.83
11,Tony Gonzalez\GonzTo00,2012,36,1-13,ATL,NFL,16,16,124,93,930,10.00,8,58.1,75.0%,7.50
12,Tony Gonzalez\GonzTo00,2000,24,1-13,KAN,NFL,16,16,150,93,1203,12.94,9,75.2,62.0%,8.02
13,Martellus Bennett\BennMa00,2014,27,2-61,CHI,NFL,16,15,128,90,916,10.18,6,57.3,70.3%,7.16
14,Rob Gronkowski\GronRo00,2011,22,2-42,NWE,NFL,16,16,124,90,1327,14.74,17,82.9,72.6%,10.70
15,Antonio Gates\GateAn00,2005,25,,SDG,NFL,15,15,140,89,1101,12.37,10,73.4,63.6%,7.86
16,Kellen Winslow\WinsKe01,2006,23,1-6,CLE,NFL,16,16,120,89,875,9.83,3,54.7,74.2%,7.29
17,Jordan Reed\ReedJo02,2015,25,3-85,WAS,NFL,14,9,114,87,952,10.94,11,68.0,76.3%,8.35
18,Jason Witten\WittJa00,2004,22,3-69,DAL,NFL,16,15,122,87,980,11.26,6,61.3,71.3%,8.03
19,Jimmy Graham\GrahJi00,2013,27,3-95,NOR,NFL,16,12,142,86,1215,14.13,16,75.9,60.6%,8.56
20,Dennis Pitta\PittDe00,2016,31,4-114,BAL,NFL,16,12,121,86,729,8.48,2,45.6,71.1%,6.02
21,Jimmy Graham\GrahJi00,2012,26,3-95,NOR,NFL,15,9,135,85,982,11.55,9,65.5,63.0%,7.27
22,Jimmy Graham\GrahJi00,2014,28,3-95,NOR,NFL,16,13,125,85,889,10.46,10,55.6,68.0%,7.11
23,Travis Kelce\KelcTr00,2016,27,3-63,KAN,NFL,16,15,117,85,1125,13.24,4,70.3,72.6%,9.62
24,Greg Olsen\OlseGr00,2014,29,1-31,CAR,NFL,16,16,123,84,1008,12.00,6,63.0,68.3%,8.20
25,Chris Cooley\CoolCh00,2008,26,3-81,WAS,NFL,16,16,111,83,849,10.23,1,53.1,74.8%,7.65
26,Tony Gonzalez\GonzTo00,2009,33,1-13,ATL,NFL,16,16,134,83,867,10.45,6,54.2,61.9%,6.47
27,Tony Gonzalez\GonzTo00,2013,37,1-13,ATL,NFL,16,16,121,83,859,10.35,8,53.7,68.6%,7.10
28,Travis Kelce\KelcTr00,2017,28,3-63,KAN,NFL,15,15,122,83,1038,12.51,8,69.2,68.0%,8.51
29,Brandon Pettigrew\PettBr00,2011,26,1-20,DET,NFL,16,16,126,83,777,9.36,5,48.6,65.9%,6.17
30,Kyle Rudolph\RudoKy00,2016,27,2-43,MIN,NFL,16,16,132,83,840,10.12,7,52.5,62.9%,6.36
31,Rob Gronkowski\GronRo00,2014,25,2-42,NWE,NFL,15,10,131,82,1124,13.71,12,74.9,62.6%,8.58
32,Eric Johnson\JohnEr00,2004,25,7-224,SFO,NFL,16,14,117,82,825,10.06,2,51.6,70.1%,7.05
33,Kellen Winslow\WinsKe01,2007,24,1-6,CLE,NFL,16,14,148,82,1106,13.49,5,69.1,55.4%,7.47
34,Antonio Gates\GateAn00,2004,24,,SDG,NFL,15,15,114,81,964,11.90,13,64.3,71.1%,8.46
35,Jason Witten\WittJa00,2008,26,3-69,DAL,NFL,16,16,121,81,952,11.75,4,59.5,66.9%,7.87
36,Jordan Cameron\CameJo00,2013,25,4-102,CLE,NFL,15,14,118,80,917,11.46,7,61.1,67.8%,7.77
37,Jack Doyle\DoylJa00,2017,27,,IND,NFL,15,15,108,80,690,8.63,4,46.0,74.1%,6.39
38,Tony Gonzalez\GonzTo00,2011,35,1-13,ATL,NFL,16,16,116,80,875,10.94,7,54.7,69.0%,7.54
39,Greg Olsen\OlseGr00,2016,31,1-31,CAR,NFL,16,16,129,80,1073,13.41,3,67.1,62.0%,8.32
40,Gary Barnidge\BarnGa01,2015,30,5-141,CLE,NFL,16,13,125,79,1043,13.20,9,65.2,63.2%,8.34
41,Antonio Gates\GateAn00,2009,29,,SDG,NFL,16,16,114,79,1157,14.65,8,72.3,69.3%,10.15
42,Aaron Hernandez\HernAa00,2011,22,4-113,NWE,NFL,14,12,113,79,910,11.52,7,65.0,69.9%,8.05
43,Brandon Myers\MyerBr00,2012,27,6-202,OAK,NFL,16,16,105,79,806,10.20,4,50.4,75.2%,7.68
44,Jason Witten\WittJa00,2011,29,3-69,DAL,NFL,16,16,117,79,942,11.92,5,58.9,67.5%,8.05
45,Vernon Davis\DaviVe00,2009,25,1-6,SFO,NFL,16,16,128,78,965,12.37,13,60.3,60.9%,7.54
46,Zach Ertz\ErtzZa00,2016,26,2-35,PHI,NFL,14,12,106,78,816,10.46,4,58.3,73.6%,7.70
47,Tony Gonzalez\GonzTo00,2005,29,1-13,KAN,NFL,16,16,116,78,905,11.60,2,56.6,67.2%,7.80
48,Dallas Clark\ClarDa00,2008,29,1-24,IND,NFL,15,15,107,77,848,11.01,6,56.5,72.0%,7.93
49,Chris Cooley\CoolCh00,2010,28,3-81,WAS,NFL,16,16,126,77,849,11.03,3,53.1,61.1%,6.74
50,Antonio Gates\GateAn00,2013,33,,SDG,NFL,16,15,114,77,872,11.32,4,54.5,67.5%,7.65
51,Greg Olsen\OlseGr00,2015,30,1-31,CAR,NFL,16,16,124,77,1104,14.34,7,69.0,62.1%,8.90
52,Kellen Winslow\WinsKe01,2009,26,1-6,TAM,NFL,16,14,127,77,884,11.48,5,55.3,60.6%,6.96
53,Jason Witten\WittJa00,2015,33,3-69,DAL,NFL,16,16,104,77,713,9.26,3,44.6,74.0%,6.86
54,Brent Celek\CeleBr00,2009,24,5-162,PHI,NFL,16,15,112,76,971,12.78,8,60.7,67.9%,8.67
55,Heath Miller\MillHe00,2009,27,1-30,PIT,NFL,16,16,98,76,789,10.38,6,49.3,77.6%,8.05
56,Zach Ertz\ErtzZa00,2015,25,2-35,PHI,NFL,15,7,112,75,853,11.37,2,56.9,67.0%,7.62
57,Antonio Gates\GateAn00,2007,27,,SDG,NFL,16,16,117,75,984,13.12,9,61.5,64.1%,8.41
58,Todd Heap\HeapTo00,2005,25,1-31,BAL,NFL,16,16,114,75,855,11.40,7,53.4,65.8%,7.50
59,Kellen Winslow\WinsKe01,2011,28,1-6,TAM,NFL,16,15,123,75,763,10.17,2,47.7,61.0%,6.20
60,Zach Ertz\ErtzZa00,2017,27,2-35,PHI,NFL,14,13,110,74,824,11.14,8,58.9,67.3%,7.49
61,Jeremy Shockey\ShocJe00,2002,22,1-14,NYG,NFL,15,14,128,74,894,12.08,2,59.6,57.8%,6.98
62,Delanie Walker\WalkHu00,2017,33,6-175,TEN,NFL,16,11,111,74,807,10.91,3,50.4,66.7%,7.27
63,Ben Watson\WatsBe00,2015,35,1-32,NOR,NFL,16,16,110,74,825,11.15,6,51.6,67.3%,7.50
64,Tony Gonzalez\GonzTo00,2006,30,1-13,KAN,NFL,15,15,104,73,900,12.33,5,60.0,70.2%,8.65
65,Tony Gonzalez\GonzTo00,2001,25,1-13,KAN,NFL,16,16,118,73,917,12.56,6,57.3,61.9%,7.77
66,Todd Heap\HeapTo00,2006,26,1-31,BAL,NFL,16,16,116,73,765,10.48,6,47.8,62.9%,6.59
67,Randy McMichael\McMiRa01,2004,25,4-114,MIA,NFL,16,16,118,73,791,10.84,4,49.4,61.9%,6.70
68,Greg Olsen\OlseGr00,2013,28,1-31,CAR,NFL,16,16,111,73,816,11.18,6,51.0,65.8%,7.35
69,Shannon Sharpe*\SharSh00,2001,33,7-192,BAL,NFL,16,15,114,73,811,11.11,2,50.7,64.0%,7.11
70,Jason Witten\WittJa00,2013,31,3-69,DAL,NFL,16,16,111,73,851,11.66,8,53.2,65.8%,7.67
71,Rob Gronkowski\GronRo00,2015,26,2-42,NWE,NFL,15,15,120,72,1176,16.33,11,78.4,60.0%,9.80
72,Travis Kelce\KelcTr00,2015,26,3-63,KAN,NFL,16,16,103,72,875,12.15,5,54.7,69.9%,8.50
73,Antonio Gates\GateAn00,2006,26,,SDG,NFL,16,16,120,71,924,13.01,9,57.8,59.2%,7.70
74,Tony Gonzalez\GonzTo00,2003,27,1-13,KAN,NFL,16,16,106,71,916,12.90,10,57.3,67.0%,8.64
75,Freddie Jones\JoneFr00,2000,26,2-45,SDG,NFL,16,16,126,71,766,10.79,5,47.9,56.3%,6.08
76,Heath Miller\MillHe00,2012,30,1-30,PIT,NFL,15,15,101,71,816,11.49,8,54.4,70.3%,8.08
77,Brandon Pettigrew\PettBr00,2010,25,1-20,DET,NFL,16,16,111,71,722,10.17,4,45.1,64.0%,6.50
78,Jermaine Wiggins\WiggJe00,2004,29,,MIN,NFL,14,13,92,71,705,9.93,4,50.4,77.2%,7.66
79,Owen Daniels\DaniOw00,2008,26,4-98,HOU,NFL,16,16,101,70,862,12.31,2,53.9,69.3%,8.53
80,Tony Gonzalez\GonzTo00,2010,34,1-13,ATL,NFL,16,16,108,70,656,9.37,6,41.0,64.8%,6.07
81,Frank Wycheck\WychFr00,2000,29,6-160,TEN,NFL,16,16,109,70,636,9.09,4,39.8,64.2%,5.83
82,Charles Clay\ClayCh00,2013,24,6-174,MIA,NFL,16,15,102,69,759,11.00,6,47.4,67.6%,7.44
83,Antonio Gates\GateAn00,2014,34,,SDG,NFL,16,14,98,69,821,11.90,12,51.3,70.4%,8.38
84,Rob Gronkowski\GronRo00,2017,28,2-42,NWE,NFL,14,14,105,69,1084,15.71,8,77.4,65.7%,10.32
85,Chad Lewis\LewiCh00,2000,29,,PHI,NFL,16,16,110,69,735,10.65,3,45.9,62.7%,6.68
86,Greg Olsen\OlseGr00,2012,27,1-31,CAR,NFL,16,16,104,69,843,12.22,5,52.7,66.3%,8.11
87,Jermaine Wiggins\WiggJe00,2005,30,,MIN,NFL,16,8,92,69,568,8.23,1,35.5,75.0%,6.17
88,Jason Witten\WittJa00,2016,34,3-69,DAL,NFL,16,16,95,69,673,9.75,3,42.1,72.6%,7.08
89,Todd Heap\HeapTo00,2002,22,1-31,BAL,NFL,16,16,122,68,836,12.29,6,52.3,55.7%,6.85
90,Ben Watson\WatsBe00,2010,30,1-32,CLE,NFL,16,16,102,68,763,11.22,3,47.7,66.7%,7.48
91,Vernon Davis\DaviVe00,2011,27,1-6,SFO,NFL,16,16,95,67,792,11.82,6,49.5,70.5%,8.34
92,Travis Kelce\KelcTr00,2014,25,3-63,KAN,NFL,16,11,87,67,862,12.87,5,53.9,77.0%,9.91
93,Shannon Sharpe*\SharSh00,2000,32,7-192,BAL,NFL,16,15,105,67,810,12.09,5,50.6,63.8%,7.71
94,Jacob Tamme\TammJa00,2010,25,4-127,IND,NFL,16,8,93,67,631,9.42,4,39.4,72.0%,6.78
95,Chris Cooley\CoolCh00,2007,25,3-81,WAS,NFL,16,16,110,66,786,11.91,8,49.1,60.0%,7.15
96,Heath Miller\MillHe00,2014,32,1-30,PIT,NFL,16,16,91,66,761,11.53,3,47.6,72.5%,8.36
97,Zach Miller\MillZa01,2009,24,2-38,OAK,NFL,15,15,99,66,805,12.20,3,53.7,66.7%,8.13
98,Jordan Reed\ReedJo02,2016,26,3-85,WAS,NFL,12,8,89,66,686,10.39,6,57.2,74.2%,7.71
99,Jeremy Shockey\ShocJe00,2006,26,1-14,NYG,NFL,15,15,115,66,623,9.44,7,41.5,57.4%,5.42
100,Kellen Winslow\WinsKe01,2010,27,1-6,TAM,NFL,16,11,98,66,730,11.06,5,45.6,67.3%,7.45
101,Jason Witten\WittJa00,2005,23,3-69,DAL,NFL,16,16,89,66,757,11.47,6,47.3,74.2%,8.51
102,Martellus Bennett\BennMa00,2013,26,2-61,CHI,NFL,16,15,94,65,759,11.68,5,47.4,69.1%,8.07
103,Alge Crumpler\CrumAl00,2005,28,2-35,ATL,NFL,16,16,118,65,877,13.49,5,54.8,55.1%,7.43
104,Jimmy Graham\GrahJi00,2016,30,3-95,SEA,NFL,16,15,95,65,923,14.20,6,57.7,68.4%,9.72
105,Dustin Keller\KellDu00,2011,27,1-30,NYJ,NFL,16,12,115,65,815,12.54,5,50.9,56.5%,7.09
106,Jeremy Shockey\ShocJe00,2005,25,1-14,NYG,NFL,15,15,121,65,891,13.71,7,59.4,53.7%,7.36
107,Julius Thomas\ThomJu00,2013,25,4-129,DEN,NFL,14,14,90,65,788,12.12,12,56.3,72.2%,8.76
108,Delanie Walker\WalkHu00,2016,32,6-175,TEN,NFL,15,10,102,65,800,12.31,7,53.3,63.7%,7.84
109,Kyle Brady\BradKy00,2000,28,1-9,JAX,NFL,16,15,94,64,729,11.39,3,45.6,68.1%,7.76
110,Evan Engram\EngrEv00,2017,23,1-23,NYG,NFL,15,11,115,64,722,11.28,6,48.1,55.7%,6.28
111,Antonio Gates\GateAn00,2011,31,,SDG,NFL,13,13,88,64,778,12.16,7,59.8,72.7%,8.84
112,Jermaine Gresham\GresJe00,2012,24,1-21,CIN,NFL,16,15,94,64,737,11.52,5,46.1,68.1%,7.84
113,Jason Witten\WittJa00,2006,24,3-69,DAL,NFL,16,15,90,64,754,11.78,1,47.1,71.1%,8.38
114,Jason Witten\WittJa00,2014,32,3-69,DAL,NFL,16,16,90,64,703,10.98,5,43.9,71.1%,7.81
115,Owen Daniels\DaniOw00,2007,25,4-98,HOU,NFL,16,16,94,63,768,12.19,3,48.0,67.0%,8.17
116,Larry Donnell\DonnLa00,2014,26,,NYG,NFL,16,12,92,63,623,9.89,6,38.9,68.5%,6.77
117,Tony Gonzalez\GonzTo00,2002,26,1-13,KAN,NFL,16,16,99,63,773,12.27,7,48.3,63.6%,7.81
118,Delanie Walker\WalkHu00,2014,30,6-175,TEN,NFL,15,14,106,63,890,14.13,4,59.3,59.4%,8.40
119,Jason Witten\WittJa00,2017,35,3-69,DAL,NFL,16,16,87,63,560,8.89,5,35.0,72.4%,6.44
120,Brent Celek\CeleBr00,2011,26,5-162,PHI,NFL,16,16,98,62,811,13.08,5,50.7,63.3%,8.28
121,Owen Daniels\DaniOw00,2012,30,4-98,HOU,NFL,15,14,104,62,716,11.55,6,47.7,59.6%,6.88
122,Jermaine Gresham\GresJe00,2014,26,1-21,CIN,NFL,15,15,79,62,460,7.42,5,30.7,78.5%,5.82
123,Randy McMichael\McMiRa01,2006,27,4-114,MIA,NFL,16,16,96,62,640,10.32,3,40.0,64.6%,6.67
124,Shannon Sharpe*\SharSh00,2003,35,7-192,DEN,NFL,15,15,94,62,770,12.42,8,51.3,66.0%,8.19
125,Eric Ebron\EbroEr00,2016,23,1-10,DET,NFL,13,13,85,61,711,11.66,1,54.7,71.8%,8.36
126,Zach Ertz\ErtzZa00,2018,28,2-35,PHI,NFL,8,8,84,61,644,10.56,3,80.5,72.6%,7.67
127,Jermichael Finley\FinlJe00,2012,25,3-91,GNB,NFL,16,14,87,61,667,10.93,2,41.7,70.1%,7.67
128,Dennis Pitta\PittDe00,2012,27,4-114,BAL,NFL,16,5,94,61,669,10.97,7,41.8,64.9%,7.12
129,Shannon Sharpe*\SharSh00,2002,34,7-192,DEN,NFL,13,13,88,61,686,11.25,3,52.8,69.3%,7.80
130,Jeremy Shockey\ShocJe00,2004,24,1-14,NYG,NFL,15,15,97,61,666,10.92,6,44.4,62.9%,6.87
131,L.J. Smith\SmitL.00,2005,25,2-61,PHI,NFL,16,16,107,61,682,11.18,3,42.6,57.0%,6.37
132,Ben Watson\WatsBe00,2017,37,1-32,BAL,NFL,16,12,79,61,522,8.56,4,32.6,77.2%,6.61
133,Antonio Gates\GateAn00,2008,28,,SDG,NFL,16,16,92,60,704,11.73,8,44.0,65.2%,7.65
134,Randy McMichael\McMiRa01,2005,26,4-114,MIA,NFL,16,16,104,60,582,9.70,5,36.4,57.7%,5.60
135,Heath Miller\MillHe00,2015,33,1-30,PIT,NFL,15,15,81,60,535,8.92,2,35.7,74.1%,6.60
136,Zach Miller\MillZa01,2010,25,2-38,OAK,NFL,15,15,92,60,685,11.42,5,45.7,65.2%,7.45
137,Greg Olsen\OlseGr00,2009,24,1-31,CHI,NFL,16,15,108,60,612,10.20,8,38.3,55.6%,5.67
138,Delanie Walker\WalkHu00,2013,29,6-175,TEN,NFL,15,11,86,60,571,9.52,6,38.1,69.8%,6.64
139,Frank Wycheck\WychFr00,2001,30,6-160,TEN,NFL,16,16,84,60,672,11.20,4,42.0,71.4%,8.00
140,Fred Davis\DaviFr01,2011,25,2-48,WAS,NFL,12,12,88,59,796,13.49,3,66.3,67.0%,9.05
141,Jack Doyle\DoylJa00,2016,26,,IND,NFL,16,14,75,59,584,9.90,5,36.5,78.7%,7.79
142,Brandon Pettigrew\PettBr00,2012,27,1-20,DET,NFL,14,11,102,59,567,9.61,3,40.5,57.8%,5.56
143,Jacob Tamme\TammJa00,2015,30,4-127,ATL,NFL,15,8,81,59,657,11.14,1,43.8,72.8%,8.11
144,Dallas Clark\ClarDa00,2007,28,1-24,IND,NFL,15,15,101,58,616,10.62,11,41.1,57.4%,6.10
145,Charles Clay\ClayCh00,2014,25,6-174,MIA,NFL,14,14,84,58,605,10.43,3,43.2,69.0%,7.20
146,Zach Ertz\ErtzZa00,2014,24,2-35,PHI,NFL,16,5,89,58,702,12.10,3,43.9,65.2%,7.89
147,Marcedes Lewis\LewiMa00,2010,26,1-28,JAX,NFL,16,16,89,58,700,12.07,10,43.8,65.2%,7.87
148,Heath Miller\MillHe00,2013,31,1-30,PIT,NFL,14,14,79,58,593,10.22,1,42.4,73.4%,7.51
149,Mychal Rivera\RiveMy00,2014,24,6-184,OAK,NFL,16,10,99,58,534,9.21,4,33.4,58.6%,5.39
150,Richard Rodgers\RodgRi00,2015,23,3-98,GNB,NFL,16,12,85,58,510,8.79,8,31.9,68.2%,6.00
151,Bo Scaife\ScaiBo00,2008,27,6-179,TEN,NFL,16,7,84,58,561,9.67,2,35.1,69.0%,6.68
152,Cameron Brate\BratCa00,2016,25,,TAM,NFL,15,10,81,57,660,11.58,8,44.0,70.4%,8.15
153,Brent Celek\CeleBr00,2012,27,5-162,PHI,NFL,15,14,88,57,684,12.00,1,45.6,64.8%,7.77
154,Byron Chamberlain\ChamBy00,2001,30,7-222,MIN,NFL,16,15,81,57,666,11.68,3,41.6,70.4%,8.22
155,Charles Clay\ClayCh00,2016,27,6-174,BUF,NFL,15,15,87,57,552,9.68,4,36.8,65.5%,6.34
156,Chris Cooley\CoolCh00,2006,24,3-81,WAS,NFL,16,16,95,57,734,12.88,6,45.9,60.0%,7.73
157,Jimmy Graham\GrahJi00,2017,31,3-95,SEA,NFL,16,13,96,57,520,9.12,10,32.5,59.4%,5.42
158,Todd Heap\HeapTo00,2003,23,1-31,BAL,NFL,16,16,112,57,693,12.16,3,43.3,50.9%,6.19
159,Kyle Rudolph\RudoKy00,2017,28,2-43,MIN,NFL,16,16,81,57,532,9.33,8,33.3,70.4%,6.57
160,Jeremy Shockey\ShocJe00,2007,27,1-14,NYG,NFL,14,14,93,57,619,10.86,3,44.2,61.3%,6.66
161,Alge Crumpler\CrumAl00,2006,29,2-35,ATL,NFL,16,16,103,56,780,13.93,8,48.8,54.4%,7.57
162,Vernon Davis\DaviVe00,2010,26,1-6,SFO,NFL,16,16,93,56,914,16.32,7,57.1,60.2%,9.83
163,Antonio Gates\GateAn00,2015,35,,SDG,NFL,11,4,85,56,630,11.25,5,57.3,65.9%,7.41
164,Jermaine Gresham\GresJe00,2011,23,1-21,CIN,NFL,14,13,92,56,596,10.64,6,42.6,60.9%,6.48
165,Zach Miller\MillZa01,2008,23,2-38,OAK,NFL,16,15,86,56,778,13.89,1,48.6,65.1%,9.05
166,Visanthe Shiancoe\ShiaVi00,2009,29,3-91,MIN,NFL,16,13,79,56,566,10.11,11,35.4,70.9%,7.16
167,Gary Barnidge\BarnGa01,2016,31,5-141,CLE,NFL,16,16,82,55,612,11.13,2,38.3,67.1%,7.46
168,Martellus Bennett\BennMa00,2012,25,2-61,NYG,NFL,16,16,89,55,626,11.38,5,39.1,61.8%,7.03
169,Martellus Bennett\BennMa00,2016,29,2-61,NWE,NFL,16,12,73,55,701,12.75,7,43.8,75.3%,9.60
170,John Carlson\CarlJo00,2008,24,2-38,SEA,NFL,16,9,80,55,627,11.40,5,39.2,68.8%,7.84
171,Jermichael Finley\FinlJe00,2009,22,3-91,GNB,NFL,13,10,72,55,676,12.29,5,52.0,76.4%,9.39
172,Jermichael Finley\FinlJe00,2011,24,3-91,GNB,NFL,16,13,92,55,767,13.95,8,47.9,59.8%,8.34
173,Rob Gronkowski\GronRo00,2012,23,2-42,NWE,NFL,11,11,79,55,790,14.36,11,71.8,69.6%,10.00
174,Freddie Jones\JoneFr00,2003,29,2-45,ARI,NFL,16,16,89,55,517,9.40,3,32.3,61.8%,5.81
175,Dustin Keller\KellDu00,2010,26,1-30,NYJ,NFL,16,13,100,55,687,12.49,5,42.9,55.0%,6.87
176,Erron Kinney\KinnEr00,2005,28,3-68,TEN,NFL,14,14,72,55,543,9.87,2,38.8,76.4%,7.54
177,Ben Troupe\TrouBe00,2005,23,2-40,TEN,NFL,15,11,80,55,530,9.64,4,35.3,68.8%,6.63
178,Jared Cook\CookJa02,2017,30,3-89,OAK,NFL,16,16,86,54,688,12.74,2,43.0,62.8%,8.00
179,Owen Daniels\DaniOw00,2011,29,4-98,HOU,NFL,15,15,85,54,677,12.54,3,45.1,63.5%,7.96
180,Ed Dickson\DickEd00,2011,24,3-70,BAL,NFL,16,16,89,54,528,9.78,5,33.0,60.7%,5.93
181,C.J. Fiedorowicz\FiedC.00,2016,25,3-65,HOU,NFL,15,15,89,54,559,10.35,4,37.3,60.7%,6.28
182,Coby Fleener\FleeCo00,2015,27,2-34,IND,NFL,16,11,84,54,491,9.09,3,30.7,64.3%,5.85
183,Bubba Franks\FranBu00,2002,24,1-14,GNB,NFL,16,15,71,54,442,8.19,7,27.6,76.1%,6.23
184,Greg Olsen\OlseGr00,2008,23,1-31,CHI,NFL,16,7,82,54,574,10.63,5,35.9,65.9%,7.00
185,Tim Wright\WrigTi01,2013,23,,TAM,NFL,16,8,76,54,571,10.57,5,35.7,71.1%,7.51
186,Martellus Bennett\BennMa00,2015,28,2-61,CHI,NFL,11,11,80,53,439,8.28,3,39.9,66.3%,5.49
187,Scott Chandler\ChanSc00,2013,28,4-129,BUF,NFL,16,7,81,53,655,12.36,2,40.9,65.4%,8.09
188,Eric Ebron\EbroEr00,2017,24,1-10,DET,NFL,16,9,86,53,574,10.83,4,35.9,61.6%,6.67
189,Antonio Gates\GateAn00,2016,36,,SDG,NFL,14,9,93,53,548,10.34,7,39.1,57.0%,5.89
190,Todd Heap\HeapTo00,2009,29,1-31,BAL,NFL,16,16,75,53,593,11.19,6,37.1,70.7%,7.91
191,Jay Riemersma\RiemJa00,2001,28,7-244,BUF,NFL,16,15,78,53,590,11.13,3,36.9,67.9%,7.56
192,Kyle Rudolph\RudoKy00,2012,23,2-43,MIN,NFL,16,16,93,53,493,9.30,9,30.8,57.0%,5.30
193,Jared Cook\CookJa02,2014,27,3-89,STL,NFL,16,6,99,52,634,12.19,3,39.6,52.5%,6.40
194,Vernon Davis\DaviVe00,2013,29,1-6,SFO,NFL,15,15,84,52,850,16.35,13,56.7,61.9%,10.12
195,Vernon Davis\DaviVe00,2007,23,1-6,SFO,NFL,14,14,85,52,509,9.79,4,36.4,61.2%,5.99
196,Tyler Eifert\EifeTy00,2015,25,1-21,CIN,NFL,13,12,74,52,615,11.83,13,47.3,70.3%,8.31
197,Coby Fleener\FleeCo00,2013,25,2-34,IND,NFL,16,12,87,52,608,11.69,4,38.0,59.8%,6.99
198,Jermaine Gresham\GresJe00,2010,22,1-21,CIN,NFL,15,10,83,52,471,9.06,4,31.4,62.7%,5.67
199,Marcedes Lewis\LewiMa00,2012,28,1-28,JAX,NFL,16,15,77,52,540,10.38,4,33.8,67.5%,7.01
200,Jacob Tamme\TammJa00,2012,27,4-127,DEN,NFL,16,8,85,52,555,10.67,2,34.7,61.2%,6.53
201,John Carlson\CarlJo00,2009,25,2-38,SEA,NFL,16,16,83,51,574,11.25,7,35.9,61.4%,6.92
202,Desmond Clark\ClarDe00,2001,24,6-179,DEN,NFL,16,4,76,51,566,11.10,6,35.4,67.1%,7.45
203,Charles Clay\ClayCh00,2015,26,6-174,BUF,NFL,13,13,77,51,528,10.35,3,40.6,66.2%,6.86
204,Jared Cook\CookJa02,2013,26,3-89,STL,NFL,16,13,85,51,671,13.16,5,41.9,60.0%,7.89
205,Coby Fleener\FleeCo00,2014,26,2-34,IND,NFL,16,12,92,51,774,15.18,8,48.4,55.4%,8.41
206,Aaron Hernandez\HernAa00,2012,23,4-113,NWE,NFL,10,10,83,51,483,9.47,5,48.3,61.4%,5.82
207,Billy Miller\MillBi00,2002,25,7-218,HOU,NFL,16,7,80,51,613,12.02,3,38.3,63.8%,7.66
208,Heath Miller\MillHe00,2011,29,1-30,PIT,NFL,16,16,74,51,631,12.37,2,39.4,68.9%,8.53
209,Coby Fleener\FleeCo00,2016,28,2-34,NOR,NFL,16,8,81,50,631,12.62,3,39.4,61.7%,7.79
210,Antonio Gates\GateAn00,2010,30,,SDG,NFL,10,10,65,50,782,15.64,10,78.2,76.9%,12.03
211,Ryan Griffin\GrifRy00,2016,26,6-201,HOU,NFL,16,5,74,50,442,8.84,2,27.6,67.6%,5.97
212,Lance Kendricks\KendLa00,2016,28,2-47,LAR,NFL,16,16,87,50,499,9.98,2,31.2,57.5%,5.74
213,Jordan Reed\ReedJo02,2014,24,3-85,WAS,NFL,11,2,65,50,465,9.30,0,42.3,76.9%,7.15
214,Austin Seferian-Jenkins\SefeAu00,2017,25,2-38,NYJ,NFL,13,10,74,50,357,7.14,3,27.5,67.6%,4.82
215,Jeremy Shockey\ShocJe00,2008,28,1-14,NOR,NFL,12,11,72,50,483,9.66,0,40.3,69.4%,6.71
216,L.J. Smith\SmitL.00,2006,26,2-61,PHI,NFL,16,15,75,50,611,12.22,5,38.2,66.7%,8.15
217,Dwayne Carswell\CarsDw00,2000,28,,DEN,NFL,16,16,64,49,495,10.10,3,30.9,76.6%,7.73
218,Charles Clay\ClayCh00,2017,28,6-174,BUF,NFL,13,13,74,49,558,11.39,2,42.9,66.2%,7.54
219,Jared Cook\CookJa02,2011,24,3-89,TEN,NFL,16,5,81,49,759,15.49,3,47.4,60.5%,9.37
220,Antonio Gates\GateAn00,2012,32,,SDG,NFL,15,15,80,49,538,10.98,7,35.9,61.3%,6.73
221,Garrett Graham\GrahGa00,2013,27,4-118,HOU,NFL,13,11,89,49,545,11.12,5,41.9,55.1%,6.12
222,Austin Hooper\HoopAu00,2017,23,3-81,ATL,NFL,16,8,65,49,526,10.73,3,32.9,75.4%,8.09
223,Randy McMichael\McMiRa01,2003,24,4-114,MIA,NFL,16,16,83,49,598,12.20,2,37.4,59.0%,7.20
224,Kyle Rudolph\RudoKy00,2015,26,2-43,MIN,NFL,16,16,73,49,495,10.10,5,30.9,67.1%,6.78
225,Tony Scheffler\ScheTo00,2007,24,2-61,DEN,NFL,16,7,65,49,549,11.20,5,34.3,75.4%,8.45
226,Ben Watson\WatsBe00,2012,32,1-32,CLE,NFL,16,14,82,49,501,10.22,3,31.3,59.8%,6.11
227,Ben Watson\WatsBe00,2006,26,1-32,NWE,NFL,13,13,91,49,643,13.12,3,49.5,53.8%,7.07
228,Cameron Brate\BratCa00,2017,26,,TAM,NFL,16,6,77,48,591,12.31,6,36.9,62.3%,7.68
229,Alge Crumpler\CrumAl00,2004,27,2-35,ATL,NFL,14,14,74,48,774,16.13,6,55.3,64.9%,10.46
230,Owen Daniels\DaniOw00,2014,32,4-98,BAL,NFL,15,13,79,48,527,10.98,4,35.1,60.8%,6.67
231,Fred Davis\DaviFr01,2009,23,2-48,WAS,NFL,16,10,76,48,509,10.60,6,31.8,63.2%,6.70
232,Jimmy Graham\GrahJi00,2015,29,3-95,SEA,NFL,11,11,74,48,605,12.60,2,55.0,64.9%,8.18
233,Eric Johnson\JohnEr00,2007,28,7-224,NOR,NFL,14,12,63,48,378,7.88,2,27.0,76.2%,6.00
234,Dustin Keller\KellDu00,2008,24,1-30,NYJ,NFL,16,6,78,48,535,11.15,3,33.4,61.5%,6.86
235,Donald Lee\LeexDo00,2007,27,5-156,GNB,NFL,15,12,63,48,575,11.98,6,38.3,76.2%,9.13
236,Heath Miller\MillHe00,2008,26,1-30,PIT,NFL,14,14,66,48,514,10.71,3,36.7,72.7%,7.79
237,Jeremy Shockey\ShocJe00,2009,29,1-14,NOR,NFL,13,12,67,48,569,11.85,3,43.8,71.6%,8.49
238,Jeremy Shockey\ShocJe00,2003,23,1-14,NYG,NFL,9,9,70,48,535,11.15,2,59.4,68.6%,7.64
239,Will Tye\TyexWi00,2016,25,,NYG,NFL,16,10,70,48,395,8.23,1,24.7,68.6%,5.64
240,Stephen Alexander\AlexSt00,2000,25,2-48,WAS,NFL,16,16,72,47,510,10.85,2,31.9,65.3%,7.08
241,Scott Chandler\ChanSc00,2014,29,4-129,BUF,NFL,16,5,70,47,497,10.57,3,31.1,67.1%,7.10
242,Dallas Clark\ClarDa00,2012,33,1-24,TAM,NFL,16,7,75,47,435,9.26,4,27.2,62.7%,5.80
243,Ken Dilger\DilgKe00,2000,29,2-48,IND,NFL,16,16,72,47,538,11.45,3,33.6,65.3%,7.47
244,Eric Ebron\EbroEr00,2015,22,1-10,DET,NFL,14,8,70,47,537,11.43,5,38.4,67.1%,7.67
245,Heath Miller\MillHe00,2007,25,1-30,PIT,NFL,16,16,61,47,566,12.04,7,35.4,77.0%,9.28
246,Zach Miller\MillZa02,2016,32,6-180,CHI,NFL,10,8,64,47,486,10.34,4,48.6,73.4%,7.59
247,Tony Moeaki\MoeaTo00,2010,23,3-93,KAN,NFL,15,15,73,47,556,11.83,3,37.1,64.4%,7.62
248,Brandon Myers\MyerBr00,2013,28,6-202,NYG,NFL,16,14,76,47,522,11.11,4,32.6,61.8%,6.87
249,Marcus Pollard\PollMa00,2001,29,,IND,NFL,16,16,73,47,739,15.72,8,46.2,64.4%,10.12
250,Visanthe Shiancoe\ShiaVi00,2010,30,3-91,MIN,NFL,16,9,79,47,530,11.28,2,33.1,59.5%,6.71
251,Owen Daniels\DaniOw00,2015,33,4-98,DEN,NFL,16,16,77,46,517,11.24,3,32.3,59.7%,6.71
252,Jermaine Gresham\GresJe00,2013,25,1-21,CIN,NFL,14,14,68,46,458,9.96,4,32.7,67.6%,6.74
253,Jeff King\KingJe00,2007,24,5-155,CAR,NFL,16,16,80,46,406,8.83,2,25.4,57.5%,5.08
254,Jim Kleinsasser\KleiJi00,2003,26,2-44,MIN,NFL,16,16,59,46,401,8.72,4,25.1,78.0%,6.80
255,Itula Mili\MiliIt00,2003,30,6-174,SEA,NFL,16,12,62,46,492,10.70,4,30.8,74.2%,7.94
256,Marcus Pollard\PollMa00,2005,33,,DET,NFL,16,16,79,46,516,11.22,3,32.3,58.2%,6.53
257,Bo Scaife\ScaiBo00,2007,26,6-179,TEN,NFL,16,15,78,46,421,9.15,1,26.3,59.0%,5.40
258,Julius Thomas\ThomJu00,2015,27,4-129,JAX,NFL,12,11,80,46,455,9.89,5,37.9,57.5%,5.69
259,Jermaine Wiggins\WiggJe00,2006,31,,MIN,NFL,16,3,67,46,386,8.39,1,24.1,68.7%,5.76
260,Stephen Alexander\AlexSt00,2002,27,2-48,SDG,NFL,14,14,76,45,510,11.33,1,36.4,59.2%,6.71
261,Dwayne Allen\AlleDw00,2012,22,3-64,IND,NFL,16,16,66,45,521,11.58,3,32.6,68.2%,7.89
262,Desmond Clark\ClarDe00,2006,29,6-179,CHI,NFL,16,16,80,45,626,13.91,6,39.1,56.3%,7.83
263,Hunter Henry\HenrHu00,2017,23,2-35,LAC,NFL,14,13,62,45,579,12.87,4,41.4,72.6%,9.34
264,Aaron Hernandez\HernAa00,2010,21,4-113,NWE,NFL,14,7,64,45,563,12.51,6,40.2,70.3%,8.80
265,Rob Housler\HousRo01,2012,24,3-69,ARI,NFL,15,9,68,45,417,9.27,0,27.8,66.2%,6.13
266,Freddie Jones\JoneFr00,2004,30,2-45,ARI,NFL,16,15,74,45,426,9.47,2,26.6,60.8%,5.76
267,Dustin Keller\KellDu00,2009,25,1-30,NYJ,NFL,16,12,82,45,522,11.60,2,32.6,54.9%,6.37
268,Billy Miller\MillBi00,2008,31,7-218,NOR,NFL,15,5,62,45,579,12.87,1,38.6,72.6%,9.34
269,Greg Olsen\OlseGr00,2011,26,1-31,CAR,NFL,16,13,89,45,540,12.00,5,33.8,50.6%,6.07
270,Jordan Reed\ReedJo02,2013,23,3-85,WAS,NFL,9,4,59,45,499,11.09,3,55.4,76.3%,8.46
271,Bo Scaife\ScaiBo00,2009,28,6-179,TEN,NFL,14,10,70,45,440,9.78,1,31.4,64.3%,6.29
272,Tony Scheffler\ScheTo00,2010,27,2-61,DET,NFL,15,4,72,45,378,8.40,1,25.2,62.5%,5.25
273,Jerramy Stevens\StevJe00,2005,26,1-28,SEA,NFL,16,11,68,45,554,12.31,5,34.6,66.2%,8.15
274,Desmond Clark\ClarDe00,2003,26,6-179,CHI,NFL,15,15,71,44,433,9.84,2,28.9,62.0%,6.10
275,Desmond Clark\ClarDe00,2007,30,6-179,CHI,NFL,16,16,67,44,545,12.39,4,34.1,65.7%,8.13
276,Jared Cook\CookJa02,2012,25,3-89,TEN,NFL,13,5,73,44,523,11.89,4,40.2,60.3%,7.16
277,Alge Crumpler\CrumAl00,2003,26,2-35,ATL,NFL,16,16,80,44,552,12.55,3,34.5,55.0%,6.90
278,Vernon Davis\DaviVe00,2016,32,1-6,WAS,NFL,16,14,59,44,583,13.25,2,36.4,74.6%,9.88
279,Freddie Jones\JoneFr00,2002,28,2-45,ARI,NFL,16,16,81,44,358,8.14,1,22.4,54.3%,4.42
280,Travis Kelce\KelcTr00,2018,29,3-63,KAN,NFL,8,8,70,44,642,14.59,4,80.3,62.9%,9.17
281,Zach Miller\MillZa01,2007,22,2-38,OAK,NFL,16,16,68,44,444,10.09,3,27.8,64.7%,6.53
282,Kyle Brady\BradKy00,2002,30,1-9,JAX,NFL,16,16,67,43,461,10.72,4,28.8,64.2%,6.88
283,Scott Chandler\ChanSc00,2012,27,4-129,BUF,NFL,15,13,74,43,571,13.28,6,38.1,58.1%,7.72
284,Vernon Davis\DaviVe00,2017,33,1-6,WAS,NFL,16,16,69,43,648,15.07,3,40.5,62.3%,9.39
285,Steve Heiden\HeidSt00,2005,29,3-69,CLE,NFL,15,13,60,43,401,9.33,3,26.7,71.7%,6.68
286,Jesse James\JameJe00,2017,23,5-160,PIT,NFL,16,14,63,43,372,8.65,3,23.3,68.3%,5.90
287,George Kittle\KittGe00,2017,24,5-146,SFO,NFL,15,7,63,43,515,11.98,2,34.3,68.3%,8.17
288,Itula Mili\MiliIt00,2002,29,6-174,SEA,NFL,16,12,64,43,508,11.81,2,31.8,67.2%,7.94
289,Marcus Pollard\PollMa00,2002,30,,IND,NFL,15,15,69,43,478,11.12,6,31.9,62.3%,6.93
290,Julius Thomas\ThomJu00,2014,26,4-129,DEN,NFL,13,10,62,43,489,11.37,12,37.6,69.4%,7.89
291,Wesley Walls\WallWe00,2001,35,2-56,CAR,NFL,14,14,73,43,452,10.51,5,32.3,58.9%,6.19
292,Kellen Winslow\WinsKe01,2008,25,1-6,CLE,NFL,10,8,83,43,428,9.95,3,42.8,51.8%,5.16
293,Kevin Boss\BossKe00,2009,25,5-153,NYG,NFL,15,15,69,42,567,13.50,5,37.8,60.9%,8.22
294,Brent Celek\CeleBr00,2010,25,5-162,PHI,NFL,16,15,79,42,511,12.17,4,31.9,53.2%,6.47
295,Alge Crumpler\CrumAl00,2007,30,2-35,ATL,NFL,14,10,70,42,444,10.57,5,31.7,60.0%,6.34
296,Rob Gronkowski\GronRo00,2010,21,2-42,NWE,NFL,16,11,59,42,546,13.00,10,34.1,71.2%,9.25
297,Lance Kendricks\KendLa00,2012,24,2-47,STL,NFL,16,14,64,42,519,12.36,4,32.4,65.6%,8.11
298,Tyler Kroft\KrofTy00,2017,25,3-85,CIN,NFL,16,16,62,42,404,9.62,7,25.3,67.7%,6.52
299,Chad Lewis\LewiCh00,2002,31,,PHI,NFL,16,16,67,42,398,9.48,3,24.9,62.7%,5.94
300,Heath Miller\MillHe00,2010,28,1-30,PIT,NFL,14,14,67,42,512,12.19,2,36.6,62.7%,7.64
301,Tony Scheffler\ScheTo00,2012,29,2-61,DET,NFL,15,4,85,42,504,12.00,1,33.6,49.4%,5.93
302,Visanthe Shiancoe\ShiaVi00,2008,28,3-91,MIN,NFL,16,15,59,42,596,14.19,7,37.3,71.2%,10.10
303,Will Tye\TyexWi00,2015,24,,NYG,NFL,13,7,62,42,464,11.05,3,35.7,67.7%,7.48
304,Stephen Alexander\AlexSt00,2004,29,2-48,DET,NFL,16,15,76,41,377,9.20,1,23.6,53.9%,4.96
305,Chris Baker\BakeCh00,2007,28,3-88,NYJ,NFL,15,15,61,41,409,9.98,3,27.3,67.2%,6.70
306,Desmond Clark\ClarDe00,2008,31,6-179,CHI,NFL,16,16,73,41,367,8.95,1,22.9,56.2%,5.03
307,Vernon Davis\DaviVe00,2012,28,1-6,SFO,NFL,16,16,61,41,548,13.37,5,34.3,67.2%,8.98
308,Joel Dreessen\DreeJo00,2012,30,6-198,DEN,NFL,16,15,58,41,356,8.68,5,22.3,70.7%,6.14
309,Anthony Fasano\FasaAn00,2012,28,2-53,MIA,NFL,16,16,69,41,332,8.10,5,20.8,59.4%,4.81
310,Daniel Fells\FellDa00,2010,27,,STL,NFL,16,6,65,41,391,9.54,2,24.4,63.1%,6.02
311,Erron Kinney\KinnEr00,2003,26,3-68,TEN,NFL,16,16,58,41,381,9.29,3,23.8,70.7%,6.57
312,George Kittle\KittGe00,2018,25,5-146,SFO,NFL,9,9,61,41,692,16.88,3,76.9,67.2%,11.34
313,Chad Lewis\LewiCh00,2001,30,,PHI,NFL,15,15,68,41,422,10.29,6,28.1,60.3%,6.21
314,Marcedes Lewis\LewiMa00,2008,24,1-28,JAX,NFL,16,16,74,41,489,11.93,2,30.6,55.4%,6.61
315,Greg Olsen\OlseGr00,2010,25,1-31,CHI,NFL,16,13,70,41,404,9.85,5,25.3,58.6%,5.77
316,Brandon Pettigrew\PettBr00,2013,28,1-20,DET,NFL,14,14,63,41,416,10.15,2,29.7,65.1%,6.60
317,Jeremy Shockey\ShocJe00,2010,30,1-14,NOR,NFL,13,11,59,41,408,9.95,3,31.4,69.5%,6.92
318,Alex Smith\SmitAl02,2005,23,3-71,TAM,NFL,16,10,61,41,367,8.95,2,22.9,67.2%,6.02
319,Julius Thomas\ThomJu00,2017,29,4-129,MIA,NFL,14,13,62,41,388,9.46,3,27.7,66.1%,6.26
320,Boo Williams\WillBo00,2003,24,,NOR,NFL,16,6,62,41,436,10.63,5,27.3,66.1%,7.03
321,Anthony Becht\BechAn00,2003,26,1-27,NYJ,NFL,16,16,58,40,356,8.90,4,22.3,69.0%,6.14
322,Owen Daniels\DaniOw00,2009,27,4-98,HOU,NFL,8,8,58,40,519,12.98,5,64.9,69.0%,8.95
323,Todd Heap\HeapTo00,2010,30,1-31,BAL,NFL,13,13,64,40,599,14.98,5,46.1,62.5%,9.36
324,Eric Johnson\JohnEr00,2001,22,7-224,SFO,NFL,16,14,64,40,362,9.05,3,22.6,62.5%,5.66
325,Billy Miller\MillBi00,2003,26,7-218,HOU,NFL,16,6,65,40,355,8.88,3,22.2,61.5%,5.46
326,Dennis Pitta\PittDe00,2011,26,4-114,BAL,NFL,16,2,56,40,405,10.13,3,25.3,71.4%,7.23
327,Marcus Pollard\PollMa00,2003,31,,IND,NFL,14,13,57,40,541,13.53,3,38.6,70.2%,9.49
328,Tony Scheffler\ScheTo00,2008,25,2-61,DEN,NFL,13,7,61,40,645,16.13,3,49.6,65.6%,10.57
329,Frank Wycheck\WychFr00,2002,31,6-160,TEN,NFL,15,15,66,40,346,8.65,2,23.1,60.6%,5.24
330,Greg Comella\ComeGr00,2001,26,,NYG,NFL,16,13,55,39,253,6.49,1,15.8,70.9%,4.60
331,Jared Cook\CookJa02,2015,28,3-89,STL,NFL,16,12,75,39,481,12.33,0,30.1,52.0%,6.41
332,Ken Dilger\DilgKe00,2004,33,2-48,TAM,NFL,16,14,55,39,345,8.85,3,21.6,70.9%,6.27
333,Tyler Eifert\EifeTy00,2013,23,1-21,CIN,NFL,15,15,60,39,445,11.41,2,29.7,65.0%,7.42
334,Anthony Fasano\FasaAn00,2010,26,2-53,MIA,NFL,15,15,60,39,528,13.54,4,35.2,65.0%,8.80
335,Rob Gronkowski\GronRo00,2013,24,2-42,NWE,NFL,7,6,66,39,592,15.18,4,84.6,59.1%,8.97
336,Jackie Harris\HarrJa00,2000,32,4-102,DAL,NFL,16,7,56,39,306,7.85,5,19.1,69.6%,5.46
337,Rob Housler\HousRo01,2013,25,3-69,ARI,NFL,13,10,57,39,454,11.64,1,34.9,68.4%,7.96
338,Jesse James\JameJe00,2016,22,5-160,PIT,NFL,16,13,60,39,338,8.67,3,21.1,65.0%,5.63
339,Donald Lee\LeexDo00,2008,28,5-156,GNB,NFL,16,14,50,39,303,7.77,5,18.9,78.0%,6.06
340,Marcedes Lewis\LewiMa00,2011,27,1-28,JAX,NFL,15,15,85,39,460,11.79,0,30.7,45.9%,5.41
341,Randy McMichael\McMiRa01,2002,23,4-114,MIA,NFL,16,16,68,39,485,12.44,4,30.3,57.4%,7.13
342,Randy McMichael\McMiRa01,2007,28,4-114,STL,NFL,16,15,67,39,429,11.00,3,26.8,58.2%,6.40
343,Heath Miller\MillHe00,2005,23,1-30,PIT,NFL,16,15,52,39,459,11.77,6,28.7,75.0%,8.83
344,Greg Olsen\OlseGr00,2007,22,1-31,CHI,NFL,14,4,66,39,391,10.03,2,27.9,59.1%,5.92
345,Niles Paul\PaulNi00,2014,25,5-155,WAS,NFL,16,7,52,39,507,13.00,1,31.7,75.0%,9.75
346,George Wrighster\WrigGe00,2006,25,4-104,JAX,NFL,16,10,63,39,353,9.05,3,22.1,61.9%,5.60
347,Jace Amaro\AmarJa00,2014,22,2-49,NYJ,NFL,14,4,53,38,345,9.08,2,24.6,71.7%,6.51
348,Jake Ballard\BallJa21,2011,24,,NYG,NFL,14,13,61,38,604,15.89,4,43.1,62.3%,9.90
349,Scott Chandler\ChanSc00,2011,26,4-129,BUF,NFL,14,9,46,38,389,10.24,6,27.8,82.6%,8.46
350,Greg Clark\ClarGr00,2000,28,3-77,SFO,NFL,15,15,51,38,342,9.00,2,22.8,74.5%,6.71
351,Ernie Conwell\ConwEr00,2001,29,2-59,STL,NFL,16,14,52,38,431,11.34,4,26.9,73.1%,8.29
352,Jared Cook\CookJa02,2018,31,3-89,OAK,NFL,8,7,50,38,494,13.00,3,61.8,76.0%,9.88
353,Owen Daniels\DaniOw00,2010,28,4-98,HOU,NFL,11,10,68,38,471,12.39,2,42.8,55.9%,6.93
354,Vernon Davis\DaviVe00,2015,31,1-6,2TM,NFL,15,9,58,38,395,10.39,0,26.3,65.5%,6.81
355,Daniel Graham\GrahDa00,2003,25,1-21,NWE,NFL,14,9,63,38,409,10.76,4,29.2,60.3%,6.49
356,Zach Miller\MillZa01,2012,27,2-38,SEA,NFL,16,15,53,38,396,10.42,3,24.8,71.7%,7.47
357,Mychal Rivera\RiveMy00,2013,23,6-184,OAK,NFL,16,3,60,38,407,10.71,4,25.4,63.3%,6.78
358,Trey Burton\BurtTr01,2016,25,,PHI,NFL,15,4,60,37,327,8.84,1,21.8,61.7%,5.45
359,Dallas Clark\ClarDa00,2005,26,1-24,IND,NFL,15,14,52,37,488,13.19,4,32.5,71.2%,9.38
360,Dallas Clark\ClarDa00,2010,31,1-24,IND,NFL,6,6,53,37,347,9.38,3,57.8,69.8%,6.55
361,Chris Cooley\CoolCh00,2004,22,3-81,WAS,NFL,16,9,63,37,314,8.49,6,19.6,58.7%,4.98
362,Ladarius Green\GreeLa00,2015,25,4-110,SDG,NFL,13,11,63,37,429,11.59,4,33.0,58.7%,6.81
363,Jermaine Gresham\GresJe00,2016,28,1-21,ARI,NFL,16,14,61,37,391,10.57,2,24.4,60.7%,6.41
364,Jim Kleinsasser\KleiJi00,2002,25,2-44,MIN,NFL,14,12,50,37,393,10.62,1,28.1,74.0%,7.86
365,Donald Lee\LeexDo00,2009,29,5-156,GNB,NFL,16,10,54,37,260,7.03,1,16.3,68.5%,4.81
366,Marcedes Lewis\LewiMa00,2007,23,1-28,JAX,NFL,16,16,57,37,391,10.57,2,24.4,64.9%,6.86
367,Jeb Putzier\PutzJe00,2005,26,6-191,DEN,NFL,16,4,58,37,481,13.00,0,30.1,63.8%,8.29
368,Mikhael Ricks\RickMi00,2003,29,2-59,DET,NFL,16,6,61,37,434,11.73,2,27.1,60.7%,7.11
369,Bo Scaife\ScaiBo00,2005,24,6-179,TEN,NFL,16,5,56,37,273,7.38,2,17.1,66.1%,4.88
370,Jeremy Shockey\ShocJe00,2011,31,1-14,CAR,NFL,15,13,62,37,455,12.30,4,30.3,59.7%,7.34
371,David Sloan\SloaDa00,2001,29,3-70,DET,NFL,15,15,69,37,409,11.05,7,27.3,53.6%,5.93
372,L.J. Smith\SmitL.00,2008,28,2-61,PHI,NFL,13,12,64,37,298,8.05,3,22.9,57.8%,4.66
373,Ben Utecht\UtecBe00,2006,25,,IND,NFL,15,15,53,37,377,10.19,0,25.1,69.8%,7.11
374,Ben Watson\WatsBe00,2011,31,1-32,CLE,NFL,13,11,70,37,410,11.08,2,31.5,52.9%,5.86
375,Anthony Becht\BechAn00,2001,24,1-27,NYJ,NFL,16,15,53,36,321,8.92,5,20.1,67.9%,6.06
376,Kyle Brady\BradKy00,2001,29,1-9,JAX,NFL,16,16,63,36,386,10.72,2,24.1,57.1%,6.13
377,Alge Crumpler\CrumAl00,2002,25,2-35,ATL,NFL,16,9,58,36,455,12.64,5,28.4,62.1%,7.84
378,Joel Dreessen\DreeJo00,2010,28,6-198,HOU,NFL,16,10,55,36,518,14.39,4,32.4,65.5%,9.42
379,Eric Ebron\EbroEr00,2018,25,1-10,IND,NFL,8,5,62,36,394,10.94,7,49.3,58.1%,6.35
380,Zach Ertz\ErtzZa00,2013,23,2-35,PHI,NFL,16,3,57,36,469,13.03,4,29.3,63.2%,8.23
381,Bubba Franks\FranBu00,2001,23,1-14,GNB,NFL,16,14,49,36,322,8.94,9,20.1,73.5%,6.57
382,Steve Heiden\HeidSt00,2006,30,3-69,CLE,NFL,16,6,46,36,249,6.92,2,15.6,78.3%,5.41
383,Hunter Henry\HenrHu00,2016,22,2-35,SDG,NFL,15,10,53,36,478,13.28,8,31.9,67.9%,9.02
384,Eric Johnson\JohnEr00,2002,23,7-224,SFO,NFL,12,10,65,36,321,8.92,0,26.8,55.4%,4.94
385,Jeb Putzier\PutzJe00,2004,25,6-191,DEN,NFL,16,5,54,36,572,15.89,2,35.8,66.7%,10.59
386,Bo Scaife\ScaiBo00,2010,29,6-179,TEN,NFL,14,13,52,36,318,8.83,4,22.7,69.2%,6.12
387,Visanthe Shiancoe\ShiaVi00,2011,31,3-91,MIN,NFL,16,14,70,36,409,11.36,3,25.6,51.4%,5.84
388,Jerramy Stevens\StevJe00,2008,29,1-28,TAM,NFL,15,3,59,36,397,11.03,2,26.5,61.0%,6.73
389,Ben Watson\WatsBe00,2007,27,1-32,NWE,NFL,12,8,49,36,389,10.81,6,32.4,73.5%,7.94
390,Dwayne Allen\AlleDw00,2016,26,3-64,IND,NFL,14,14,52,35,406,11.60,6,29.0,67.3%,7.81
391,Kevin Boss\BossKe00,2010,26,5-153,NYG,NFL,15,13,70,35,531,15.17,5,35.4,50.0%,7.59
392,Jordan Cameron\CameJo00,2015,27,4-102,MIA,NFL,16,16,70,35,386,11.03,3,24.1,50.0%,5.51
393,Todd Heap\HeapTo00,2008,28,1-31,BAL,NFL,16,16,64,35,403,11.51,3,25.2,54.7%,6.30
394,Zachary Hilton\HiltZa00,2005,25,,NOR,NFL,15,6,56,35,396,11.31,1,26.4,62.5%,7.07
395,Freddie Jones\JoneFr00,2001,27,2-45,SDG,NFL,14,9,60,35,388,11.09,4,27.7,58.3%,6.47
396,Dave Moore\MoorDa00,2001,32,7-191,TAM,NFL,16,16,53,35,285,8.14,4,17.8,66.0%,5.38
397,Alex Smith\SmitAl02,2006,24,3-71,TAM,NFL,14,7,53,35,250,7.14,3,17.9,66.0%,4.72
398,David Thomas\ThomDa02,2009,26,3-86,NOR,NFL,15,8,48,35,356,10.17,1,23.7,72.9%,7.42
399,Jed Weaver\WeavJe00,2003,27,7-208,SFO,NFL,16,15,53,35,437,12.49,1,27.3,66.0%,8.25
400,Jason Witten\WittJa00,2003,21,3-69,DAL,NFL,15,7,54,35,347,9.91,1,23.1,64.8%,6.43
401,Mark Campbell\CampMa00,2003,28,,BUF,NFL,16,11,50,34,339,9.97,1,21.2,68.0%,6.78
402,Dwayne Carswell\CarsDw00,2001,29,,DEN,NFL,16,16,56,34,299,8.79,4,18.7,60.7%,5.34
403,James Casey\CaseJa00,2012,28,5-152,HOU,NFL,16,9,45,34,330,9.71,3,20.6,75.6%,7.33
404,Byron Chamberlain\ChamBy00,2002,31,7-222,MIN,NFL,13,9,50,34,389,11.44,0,29.9,68.0%,7.78
405,Dallas Clark\ClarDa00,2011,32,1-24,IND,NFL,11,10,65,34,352,10.35,2,32.0,52.3%,5.42
406,Ernie Conwell\ConwEr00,2002,30,2-59,STL,NFL,16,11,48,34,419,12.32,2,26.2,70.8%,8.73
407,Owen Daniels\DaniOw00,2006,24,4-98,HOU,NFL,14,12,51,34,352,10.35,5,25.1,66.7%,6.90
408,Ken Dilger\DilgKe00,2002,31,2-48,TAM,NFL,16,15,48,34,329,9.68,2,20.6,70.8%,6.85
409,Anthony Fasano\FasaAn00,2008,24,2-53,MIA,NFL,16,16,53,34,454,13.35,7,28.4,64.2%,8.57
410,Bubba Franks\FranBu00,2004,26,1-14,GNB,NFL,16,14,50,34,361,10.62,7,22.6,68.0%,7.22
411,Bubba Franks\FranBu00,2000,22,1-14,GNB,NFL,16,13,55,34,363,10.68,1,22.7,61.8%,6.60
412,Eric Johnson\JohnEr00,2006,27,7-224,SFO,NFL,13,9,49,34,292,8.59,2,22.5,69.4%,5.96
413,Rob Konrad\KonrRo00,2002,26,2-43,MIA,NFL,16,12,45,34,233,6.85,3,14.6,75.6%,5.18
414,Kris Mangum\MangKr00,2004,31,7-228,CAR,NFL,15,10,58,34,323,9.50,3,21.5,58.6%,5.57
415,David Martin\MartDa00,2007,28,6-198,MIA,NFL,15,15,51,34,303,8.91,2,20.2,66.7%,5.94
416,Randy McMichael\McMiRa01,2009,30,4-114,STL,NFL,16,16,62,34,332,9.76,1,20.8,54.8%,5.35
417,Heath Miller\MillHe00,2006,24,1-30,PIT,NFL,16,16,55,34,393,11.56,5,24.6,61.8%,7.15
418,Zach Miller\MillZa02,2015,31,6-180,CHI,NFL,15,14,46,34,439,12.91,5,29.3,73.9%,9.54
419,Evan Moore\MoorEv00,2011,26,,CLE,NFL,16,4,46,34,324,9.53,4,20.3,73.9%,7.04
420,L.J. Smith\SmitL.00,2004,24,2-61,PHI,NFL,16,8,54,34,377,11.09,5,23.6,63.0%,6.98
421,Quinn Sypniewski\SypnQu00,2007,25,5-166,BAL,NFL,15,9,52,34,246,7.24,1,16.4,65.4%,4.73
422,Martellus Bennett\BennMa00,2010,23,2-61,DAL,NFL,16,11,47,33,260,7.88,0,16.3,70.2%,5.53
423,Kevin Boss\BossKe00,2008,24,5-153,NYG,NFL,15,15,55,33,384,11.64,6,25.6,60.0%,6.98
424,John Carlson\CarlJo00,2014,30,2-38,ARI,NFL,16,12,55,33,350,10.61,1,21.9,60.0%,6.36
425,Seth Devalve\DevaSe00,2017,24,4-138,CLE,NFL,16,4,58,33,395,11.97,1,24.7,56.9%,6.81
426,Crockett Gillmore\GillCr00,2015,24,3-99,BAL,NFL,10,10,47,33,412,12.48,4,41.2,70.2%,8.77
427,Jermaine Gresham\GresJe00,2017,29,1-21,ARI,NFL,14,14,46,33,322,9.76,2,23.0,71.7%,7.00
428,Austin Hooper\HoopAu00,2018,24,3-81,ATL,NFL,7,2,41,33,321,9.73,2,45.9,80.5%,7.83
429,Donald Lee\LeexDo00,2005,25,5-156,GNB,NFL,15,5,55,33,294,8.91,2,19.6,60.0%,5.35
430,Zach Miller\MillZa01,2013,28,2-38,SEA,NFL,14,12,56,33,387,11.73,5,27.6,58.9%,6.91
431,Tony Moeaki\MoeaTo00,2012,25,3-93,KAN,NFL,15,14,56,33,453,13.73,1,30.2,58.9%,8.09
432,Robert Royal\RoyaRo00,2008,29,5-160,BUF,NFL,15,7,57,33,351,10.64,1,23.4,57.9%,6.16
433,Ben Troupe\TrouBe00,2004,22,2-40,TEN,NFL,14,7,54,33,329,9.97,1,23.5,61.1%,6.09
434,Clive Walford\WalfCl00,2016,25,3-68,OAK,NFL,15,8,52,33,359,10.88,3,23.9,63.5%,6.90
435,Boo Williams\WillBo00,2004,25,,NOR,NFL,16,7,75,33,362,10.97,2,22.6,44.0%,4.83
436,Roland Williams\WillRo01,2001,26,4-98,OAK,NFL,16,15,53,33,298,9.03,3,18.6,62.3%,5.62
437,John Carlson\CarlJo00,2013,29,2-38,MIN,NFL,13,8,48,32,344,10.75,1,26.5,66.7%,7.17
438,Brent Celek\CeleBr00,2013,28,5-162,PHI,NFL,16,15,51,32,502,15.69,6,31.4,62.7%,9.84
439,Brent Celek\CeleBr00,2014,29,5-162,PHI,NFL,16,15,51,32,340,10.63,1,21.3,62.7%,6.67
440,Ken Dilger\DilgKe00,2001,30,2-48,IND,NFL,16,16,54,32,343,10.72,1,21.4,59.3%,6.35
441,Anthony Fasano\FasaAn00,2011,27,2-53,MIA,NFL,15,15,54,32,451,14.09,5,30.1,59.3%,8.35
442,Daniel Graham\GrahDa00,2008,30,1-21,DEN,NFL,16,16,50,32,389,12.16,4,24.3,64.0%,7.78
443,Doug Jolley\JollDo00,2002,23,2-55,OAK,NFL,16,3,37,32,409,12.78,2,25.6,86.5%,11.05
444,Lance Kendricks\KendLa00,2013,25,2-47,STL,NFL,15,13,46,32,258,8.06,4,17.2,69.6%,5.61
445,Marcedes Lewis\LewiMa00,2009,25,1-28,JAX,NFL,15,15,59,32,518,16.19,2,34.5,54.2%,8.78
446,David Njoku\NjokDa00,2017,21,1-29,CLE,NFL,16,5,60,32,386,12.06,4,24.1,53.3%,6.43
447,Andrew Quarless\QuarAn00,2013,25,5-154,GNB,NFL,16,10,53,32,312,9.75,2,19.5,60.4%,5.89
448,Jay Riemersma\RiemJa00,2002,29,7-244,BUF,NFL,16,15,48,32,350,10.94,0,21.9,66.7%,7.29
449,Mychal Rivera\RiveMy00,2015,25,6-184,OAK,NFL,16,0,46,32,280,8.75,1,17.5,69.6%,6.09
450,Dante Rosario\RosaDa00,2010,26,5-155,CAR,NFL,16,6,58,32,264,8.25,0,16.5,55.2%,4.55
451,Kyle Rudolph\RudoKy00,2018,29,2-43,MIN,NFL,8,8,43,32,321,10.03,2,40.1,74.4%,7.47
452,David Sloan\SloaDa00,2000,28,3-70,DET,NFL,15,10,60,32,379,11.84,2,25.3,53.3%,6.32
453,Alex Smith\SmitAl02,2007,25,3-71,TAM,NFL,14,14,53,32,385,12.03,3,27.5,60.4%,7.26
454,Maxx Williams\WillMa04,2015,21,2-55,BAL,NFL,14,7,48,32,268,8.38,1,19.1,66.7%,5.58
455,Chris Baker\BakeCh00,2006,27,3-88,NYJ,NFL,16,14,45,31,300,9.68,4,18.8,68.9%,6.67
456,John Carlson\CarlJo00,2010,26,2-38,SEA,NFL,15,13,58,31,318,10.26,1,21.2,53.4%,5.48
457,Dallas Clark\ClarDa00,2013,34,1-24,BAL,NFL,12,0,52,31,343,11.06,3,28.6,59.6%,6.60
458,Vernon Davis\DaviVe00,2008,24,1-6,SFO,NFL,16,16,49,31,358,11.55,2,22.4,63.3%,7.31
459,Anthony Fasano\FasaAn00,2009,25,2-53,MIA,NFL,14,14,53,31,339,10.94,2,24.2,58.5%,6.40
460,Jimmy Graham\GrahJi00,2010,24,3-95,NOR,NFL,15,5,44,31,356,11.48,5,23.7,70.5%,8.09
461,Doug Jolley\JollDo00,2003,24,2-55,OAK,NFL,15,9,54,31,250,8.06,1,16.7,57.4%,4.63
462,Reggie Kelly\KellRe00,2000,23,2-42,ATL,NFL,16,16,50,31,340,10.97,2,21.3,62.0%,6.80
463,Reggie Kelly\KellRe00,2008,31,2-42,CIN,NFL,16,15,42,31,207,6.68,0,12.9,73.8%,4.93
464,David Martin\MartDa00,2008,29,6-198,MIA,NFL,16,7,45,31,450,14.52,3,28.1,68.9%,10.00
465,David Njoku\NjokDa00,2018,22,1-29,CLE,NFL,8,7,52,31,297,9.58,2,37.1,59.6%,5.71
466,Jay Riemersma\RiemJa00,2000,27,7-244,BUF,NFL,12,12,60,31,372,12.00,5,31.0,51.7%,6.20
467,Tony Scheffler\ScheTo00,2009,26,2-61,DEN,NFL,15,9,50,31,416,13.42,2,27.7,62.0%,8.32
468,Antowain Smith\SmitAn00,2002,30,1-23,NWE,NFL,16,15,42,31,243,7.84,2,15.2,73.8%,5.79
469,Jerramy Stevens\StevJe00,2004,25,1-28,SEA,NFL,16,5,47,31,349,11.26,3,21.8,66.0%,7.43
470,Levine Toilolo\ToilLe00,2014,23,4-133,ATL,NFL,16,16,54,31,238,7.68,2,14.9,57.4%,4.41
471,Ben Utecht\UtecBe00,2007,26,,IND,NFL,14,13,37,31,364,11.74,1,26.0,83.8%,9.84
472,Wesley Walls\WallWe00,2000,34,2-56,CAR,NFL,8,8,49,31,422,13.61,2,52.8,63.3%,8.61
473,Kellen Winslow\WinsKe01,2013,30,1-6,NYJ,NFL,12,3,47,31,388,12.52,2,32.3,66.0%,8.26
474,Martellus Bennett\BennMa00,2017,30,2-61,2TM,NFL,9,7,44,30,286,9.53,0,31.8,68.2%,6.50
475,Dallas Clark\ClarDa00,2006,27,1-24,IND,NFL,12,12,57,30,367,12.23,4,30.6,52.6%,6.44
476,Jared Cook\CookJa02,2016,29,3-89,GNB,NFL,10,5,51,30,377,12.57,1,37.7,58.8%,7.39
477,Ed Dickson\DickEd00,2017,30,3-70,CAR,NFL,16,12,48,30,437,14.57,1,27.3,62.5%,9.10
478,Bubba Franks\FranBu00,2003,25,1-14,GNB,NFL,16,15,44,30,241,8.03,4,15.1,68.2%,5.48
479,Antonio Gates\GateAn00,2017,37,,LAC,NFL,16,4,52,30,316,10.53,3,19.8,57.7%,6.08
480,Daniel Graham\GrahDa00,2004,26,1-21,NWE,NFL,14,14,48,30,364,12.13,7,26.0,62.5%,7.58
481,Vance McDonald\McDoVa00,2015,25,2-55,SFO,NFL,14,11,46,30,326,10.87,3,23.3,65.2%,7.09
482,Randy McMichael\McMiRa01,2011,32,4-114,SDG,NFL,16,14,44,30,271,9.03,0,16.9,68.2%,6.16
483,Brandon Pettigrew\PettBr00,2009,24,1-20,DET,NFL,11,11,54,30,346,11.53,2,31.5,55.6%,6.41
484,Marcus Pollard\PollMa00,2000,28,,IND,NFL,16,14,42,30,439,14.63,3,27.4,71.4%,10.45
485,Marcel Reece\ReecMa00,2015,30,,OAK,NFL,15,7,37,30,269,8.97,3,17.9,81.1%,7.27
486,Richard Rodgers\RodgRi00,2016,24,3-98,GNB,NFL,16,6,47,30,271,9.03,2,16.9,63.8%,5.77
487,Kyle Rudolph\RudoKy00,2013,24,2-43,MIN,NFL,8,8,46,30,313,10.43,3,39.1,65.2%,6.80
488,Aaron Shea\SheaAa00,2000,24,4-110,CLE,NFL,15,8,51,30,302,10.07,2,20.1,58.8%,5.92
489,David Thomas\ThomDa02,2010,27,3-86,NOR,NFL,13,8,46,30,219,7.30,2,16.8,65.2%,4.76
490,Julius Thomas\ThomJu00,2016,28,4-129,JAX,NFL,9,6,51,30,281,9.37,4,31.2,58.8%,5.51
491,Dwayne Allen\AlleDw00,2014,24,3-64,IND,NFL,13,13,50,29,395,13.62,8,30.4,58.0%,7.90
492,Kyle Brady\BradKy00,2003,31,1-9,JAX,NFL,16,15,46,29,281,9.69,1,17.6,63.0%,6.11
493,Garrett Celek\CeleGa00,2016,28,,SFO,NFL,16,6,50,29,350,12.07,3,21.9,58.0%,7.00
494,Dallas Clark\ClarDa00,2003,24,1-24,IND,NFL,10,10,42,29,340,11.72,1,34.0,69.0%,8.10
495,Jared Cook\CookJa02,2010,23,3-89,TEN,NFL,16,1,45,29,361,12.45,1,22.6,64.4%,8.02
496,Chris Cooley\CoolCh00,2009,27,3-81,WAS,NFL,7,7,45,29,332,11.45,2,47.4,64.4%,7.38
497,Jeff Cumberland\CumbJe00,2012,25,,NYJ,NFL,15,12,53,29,359,12.38,3,23.9,54.7%,6.77
498,Larry Donnell\DonnLa00,2015,27,,NYG,NFL,8,8,41,29,223,7.69,2,27.9,70.7%,5.44
499,Rickey Dudley\DudlRi00,2000,28,1-9,OAK,NFL,16,16,49,29,350,12.07,4,21.9,59.2%,7.14
500,Tyler Eifert\EifeTy00,2016,26,1-21,CIN,NFL,8,2,47,29,394,13.59,5,49.3,61.7%,8.38
501,Rob Gronkowski\GronRo00,2018,29,2-42,NWE,NFL,7,7,43,29,448,15.45,1,64.0,67.4%,10.42
502,Will Heller\HellWi00,2009,28,,DET,NFL,16,9,50,29,296,10.21,3,18.5,58.0%,5.92
503,Doug Jolley\JollDo00,2005,26,2-55,NYJ,NFL,16,7,50,29,324,11.17,1,20.3,58.0%,6.48
504,Chad Lewis\LewiCh00,2004,33,,PHI,NFL,15,9,46,29,267,9.21,3,17.8,63.0%,5.80
505,Brandon Manumaleuna\ManuBr00,2003,23,4-129,STL,NFL,16,15,45,29,238,8.21,2,14.9,64.4%,5.29
506,Dave Moore\MoorDa00,2000,31,7-191,TAM,NFL,16,16,54,29,288,9.93,3,18.0,53.7%,5.33
507,Justin Peelle\PeelJu00,2007,28,4-103,MIA,NFL,16,10,47,29,228,7.86,2,14.3,61.7%,4.85
508,Marcus Pollard\PollMa00,2004,32,,IND,NFL,13,13,41,29,309,10.66,6,23.8,70.7%,7.54
509,Andrew Quarless\QuarAn00,2014,26,5-154,GNB,NFL,16,11,46,29,323,11.14,3,20.2,63.0%,7.02
510,Jordan Reed\ReedJo02,2018,28,3-85,WAS,NFL,7,5,47,29,306,10.55,1,43.7,61.7%,6.51
511,Bo Scaife\ScaiBo00,2006,25,6-179,TEN,NFL,14,12,56,29,370,12.76,2,26.4,51.8%,6.61
512,Delanie Walker\WalkHu00,2010,26,6-175,SFO,NFL,14,8,45,29,331,11.41,0,23.6,64.4%,7.36
513,Ben Watson\WatsBe00,2009,29,1-32,NWE,NFL,16,7,41,29,404,13.93,5,25.3,70.7%,9.85
514,Ben Watson\WatsBe00,2005,25,1-32,NWE,NFL,15,9,54,29,441,15.21,4,29.4,53.7%,8.17
515,Anthony Becht\BechAn00,2002,25,1-27,NYJ,NFL,16,15,44,28,243,8.68,5,15.2,63.6%,5.52
516,Adam Bergen\BergAd00,2005,22,,ARI,NFL,16,9,43,28,270,9.64,1,16.9,65.1%,6.28
517,Kevin Boss\BossKe00,2011,27,5-153,OAK,NFL,14,11,40,28,368,13.14,3,26.3,70.0%,9.20
518,Nick Boyle\BoylNi00,2017,24,5-171,BAL,NFL,15,11,37,28,203,7.25,0,13.5,75.7%,5.49
519,Joel Dreessen\DreeJo00,2011,29,6-198,HOU,NFL,16,10,39,28,353,12.61,6,22.1,71.8%,9.05
520,Christian Fauria\FaurCh00,2003,32,2-39,NWE,NFL,16,12,45,28,285,10.18,2,17.8,62.2%,6.33
521,Christian Fauria\FaurCh00,2000,29,2-39,SEA,NFL,15,10,39,28,237,8.46,2,15.8,71.8%,6.08
522,Daniel Graham\GrahDa00,2009,31,1-21,DEN,NFL,16,14,43,28,289,10.32,1,18.1,65.1%,6.72
523,Garrett Graham\GrahGa00,2012,26,4-118,HOU,NFL,15,9,39,28,263,9.39,3,17.5,71.8%,6.74
524,Jimmy Graham\GrahJi00,2018,32,3-95,GNB,NFL,7,6,49,28,370,13.21,1,52.9,57.1%,7.55
525,Steve Heiden\HeidSt00,2004,28,3-69,CLE,NFL,13,13,42,28,287,10.25,5,22.1,66.7%,6.83
526,Dustin Keller\KellDu00,2012,28,1-30,NYJ,NFL,8,5,36,28,317,11.32,2,39.6,77.8%,8.81
527,Lance Kendricks\KendLa00,2011,23,2-47,STL,NFL,15,10,58,28,352,12.57,0,23.5,48.3%,6.07
528,Itula Mili\MiliIt00,2000,27,6-174,SEA,NFL,16,6,47,28,288,10.29,3,18.0,59.6%,6.13
529,Logan Paulsen\PaulLo00,2013,26,,WAS,NFL,16,14,50,28,267,9.54,3,16.7,56.0%,5.34
530,Marcus Pollard\PollMa00,2007,35,,SEA,NFL,14,10,35,28,273,9.75,2,19.5,80.0%,7.80
531,Clive Walford\WalfCl00,2015,24,3-68,OAK,NFL,16,2,50,28,329,11.75,3,20.6,56.0%,6.58
532,Randal Williams\WillRa01,2006,28,,OAK,NFL,16,10,57,28,293,10.46,0,18.3,49.1%,5.14
533,Trey Burton\BurtTr01,2018,27,,CHI,NFL,7,7,38,27,343,12.70,4,49.0,71.1%,9.03
534,Brent Celek\CeleBr00,2008,23,5-162,PHI,NFL,16,7,38,27,318,11.78,1,19.9,71.1%,8.37
535,Brent Celek\CeleBr00,2015,30,5-162,PHI,NFL,16,13,35,27,398,14.74,3,24.9,77.1%,11.37
536,Desmond Clark\ClarDe00,2000,23,6-179,DEN,NFL,16,2,38,27,339,12.56,3,21.2,71.1%,8.92
537,Alge Crumpler\CrumAl00,2009,32,2-35,TEN,NFL,16,14,37,27,222,8.22,1,13.9,73.0%,6.00
538,Christian Fauria\FaurCh00,2002,31,2-39,NWE,NFL,16,13,40,27,253,9.37,7,15.8,67.5%,6.33
539,John Paul Foschi\FoscJo00,2009,27,,CIN,NFL,15,10,37,27,260,9.63,2,17.3,73.0%,7.03
540,Terry Hardy\HardTe00,2000,24,5-125,ARI,NFL,16,15,45,27,160,5.93,1,10.0,60.0%,3.56
541,Todd Heap\HeapTo00,2004,24,1-31,BAL,NFL,6,5,44,27,303,11.22,3,50.5,61.4%,6.89
542,Doug Jolley\JollDo00,2004,25,2-55,OAK,NFL,16,13,48,27,313,11.59,2,19.6,56.3%,6.52
543,Lance Kendricks\KendLa00,2014,26,2-47,STL,NFL,16,14,38,27,259,9.59,5,16.2,71.1%,6.82
544,Jeff King\KingJe00,2011,28,5-155,ARI,NFL,16,10,34,27,271,10.04,3,16.9,79.4%,7.97
545,David Martin\MartDa00,2005,26,6-198,GNB,NFL,12,8,39,27,224,8.30,3,18.7,69.2%,5.74
546,Billy Miller\MillBi00,2007,30,7-218,NOR,NFL,16,6,38,27,328,12.15,2,20.5,71.1%,8.63
547,Jordan Reed\ReedJo02,2017,27,3-85,WAS,NFL,6,5,35,27,211,7.81,2,35.2,77.1%,6.03
548,Mikhael Ricks\RickMi00,2002,28,2-59,DET,NFL,14,12,68,27,339,12.56,3,24.2,39.7%,4.99
549,Matt Schobel\SchoMa00,2002,24,3-67,CIN,NFL,16,10,36,27,212,7.85,2,13.3,75.0%,5.89
550,Visanthe Shiancoe\ShiaVi00,2007,27,3-91,MIN,NFL,16,15,43,27,323,11.96,1,20.2,62.8%,7.51
551,L.J. Smith\SmitL.00,2003,23,2-61,PHI,NFL,15,5,46,27,321,11.89,1,21.4,58.7%,6.98
552,Roland Williams\WillRo01,2002,27,4-98,OAK,NFL,16,12,40,27,213,7.89,0,13.3,67.5%,5.33
553,Ernie Conwell\ConwEr00,2003,31,2-59,NOR,NFL,10,10,44,26,290,11.15,2,29.0,59.1%,6.59
554,Jeff Cumberland\CumbJe00,2013,26,,NYJ,NFL,15,12,40,26,398,15.31,4,26.5,65.0%,9.95
555,Vernon Davis\DaviVe00,2014,30,1-6,SFO,NFL,14,14,50,26,245,9.42,2,17.5,52.0%,4.90
556,Jim Dray\DrayJi00,2013,27,7-233,ARI,NFL,16,15,32,26,215,8.27,2,13.4,81.3%,6.72
557,Joel Dreessen\DreeJo00,2009,27,6-198,HOU,NFL,16,11,39,26,320,12.31,1,20.0,66.7%,8.21
558,Anthony Fasano\FasaAn00,2015,31,2-53,TEN,NFL,16,11,42,26,289,11.12,2,18.1,61.9%,6.88
559,Coby Fleener\FleeCo00,2012,24,2-34,IND,NFL,12,10,48,26,281,10.81,2,23.4,54.2%,5.85
560,Clay Harbor\HarbCl00,2014,27,4-125,JAX,NFL,13,8,35,26,289,11.12,1,22.2,74.3%,8.26
561,O.J. Howard\HowaO.00,2017,23,1-19,TAM,NFL,14,14,39,26,432,16.62,6,30.9,66.7%,11.08
562,Tony McGee\McGeTo00,2000,29,2-37,CIN,NFL,14,14,49,26,309,11.88,1,22.1,53.1%,6.31
563,Sean McGrath\McGrSe00,2013,26,,KAN,NFL,16,9,40,26,302,11.62,2,18.9,65.0%,7.55
564,Dante Rosario\RosaDa00,2009,25,5-155,CAR,NFL,14,8,48,26,313,12.04,2,22.4,54.2%,6.52
565,Kyle Rudolph\RudoKy00,2011,22,2-43,MIN,NFL,15,8,39,26,249,9.58,3,16.6,66.7%,6.38
566,Tony Scheffler\ScheTo00,2011,28,2-61,DET,NFL,15,5,43,26,347,13.35,6,23.1,60.5%,8.07
567,Aaron Shea\SheaAa00,2004,28,4-110,CLE,NFL,15,8,48,26,252,9.69,4,16.8,54.2%,5.25
568,Dion Sims\SimsDi00,2016,25,4-106,MIA,NFL,14,11,35,26,256,9.85,4,18.3,74.3%,7.31
569,Jerramy Stevens\StevJe00,2002,23,1-28,SEA,NFL,12,1,42,26,252,9.69,3,21.0,61.9%,6.00
570,Tim Wright\WrigTi01,2014,24,,NWE,NFL,16,2,33,26,259,9.96,6,16.2,78.8%,7.85
571,Courtney Anderson\AndeCo00,2006,26,7-245,OAK,NFL,16,11,43,25,285,11.40,2,17.8,58.1%,6.63
572,Stephen Anderson\AndeSt01,2017,24,,HOU,NFL,15,5,52,25,342,13.68,1,22.8,48.1%,6.58
573,Mark Campbell\CampMa00,2002,27,,CLE,NFL,16,16,46,25,179,7.16,3,11.2,54.3%,3.89
574,Dallas Clark\ClarDa00,2004,25,1-24,IND,NFL,15,13,39,25,423,16.92,5,28.2,64.1%,10.85
575,Alge Crumpler\CrumAl00,2001,24,2-35,ATL,NFL,16,12,41,25,330,13.20,3,20.6,61.0%,8.05
576,Ed Dickson\DickEd00,2013,26,3-70,BAL,NFL,16,14,43,25,273,10.92,1,17.1,58.1%,6.35
577,Eric Ebron\EbroEr00,2014,21,1-10,DET,NFL,13,7,47,25,248,9.92,1,19.1,53.2%,5.28
578,Anthony Fasano\FasaAn00,2014,30,2-53,KAN,NFL,15,13,36,25,226,9.04,4,15.1,69.4%,6.28
579,Jermichael Finley\FinlJe00,2013,26,3-91,GNB,NFL,6,5,34,25,300,12.00,3,50.0,73.5%,8.82
580,Bubba Franks\FranBu00,2005,27,1-14,GNB,NFL,10,8,39,25,207,8.28,1,20.7,64.1%,5.31
581,Bubba Franks\FranBu00,2006,28,1-14,GNB,NFL,16,14,53,25,232,9.28,0,14.5,47.2%,4.38
582,Michael Gaines\GainMi00,2007,27,7-232,BUF,NFL,15,14,35,25,215,8.60,2,14.3,71.4%,6.14
583,Rob Gronkowski\GronRo00,2016,27,2-42,NWE,NFL,8,6,38,25,540,21.60,3,67.5,65.8%,14.21
584,Clay Harbor\HarbCl00,2012,25,4-125,PHI,NFL,14,9,39,25,186,7.44,2,13.3,64.1%,4.77
585,Tyler Higbee\HigbTy00,2017,24,4-110,LAR,NFL,16,16,45,25,295,11.80,1,18.4,55.6%,6.56
586,Lance Kendricks\KendLa00,2015,27,2-47,STL,NFL,15,12,36,25,245,9.80,2,16.3,69.4%,6.81
587,Jeff King\KingJe00,2009,26,5-155,CAR,NFL,16,15,33,25,200,8.00,3,12.5,75.8%,6.06
588,Erron Kinney\KinnEr00,2001,24,3-68,TEN,NFL,13,12,42,25,263,10.52,1,20.2,59.5%,6.26
589,Erron Kinney\KinnEr00,2004,27,3-68,TEN,NFL,9,9,30,25,193,7.72,3,21.4,83.3%,6.43
590,Marcedes Lewis\LewiMa00,2013,29,1-28,JAX,NFL,11,11,47,25,359,14.36,4,32.6,53.2%,7.64
591,Shad Meier\MeieSh00,2004,26,3-90,TEN,NFL,14,6,36,25,127,5.08,2,9.1,69.4%,3.53
592,Zach Miller\MillZa01,2011,26,2-38,SEA,NFL,15,15,44,25,233,9.32,0,15.5,56.8%,5.30
593,Pete Mitchell\MitcPe00,2002,31,4-122,JAX,NFL,16,11,36,25,246,9.84,2,15.4,69.4%,6.83
594,Pete Mitchell\MitcPe00,2000,29,4-122,NYG,NFL,14,5,37,25,245,9.80,1,17.5,67.6%,6.62
595,Tywan Mitchell\MitcTy00,2001,26,,ARI,NFL,16,4,40,25,196,7.84,2,12.3,62.5%,4.90
596,Logan Paulsen\PaulLo00,2012,25,,WAS,NFL,16,10,38,25,308,12.32,1,19.3,65.8%,8.11
597,Robert Royal\RoyaRo00,2007,28,5-160,BUF,NFL,16,15,38,25,248,9.92,3,15.5,65.8%,6.53
598,C.J. Uzomah\UzomC.00,2016,23,5-157,CIN,NFL,10,8,38,25,234,9.36,1,23.4,65.8%,6.16
599,Daniel Wilcox\WilcDa01,2004,27,,BAL,NFL,16,5,35,25,219,8.76,1,13.7,71.4%,6.26
600,Courtney Anderson\AndeCo00,2005,25,7-245,OAK,NFL,14,13,48,24,303,12.63,3,21.6,50.0%,6.31
601,Jordan Cameron\CameJo00,2014,26,4-102,CLE,NFL,10,9,48,24,424,17.67,2,42.4,50.0%,8.83
602,Desmond Clark\ClarDe00,2004,27,6-179,CHI,NFL,15,13,49,24,282,11.75,1,18.8,49.0%,5.76
603,Desmond Clark\ClarDe00,2005,28,6-179,CHI,NFL,16,16,49,24,229,9.54,2,14.3,49.0%,4.67
604,Alge Crumpler\CrumAl00,2008,31,2-35,TEN,NFL,15,15,41,24,257,10.71,1,17.1,58.5%,6.27
605,Owen Daniels\DaniOw00,2013,31,4-98,HOU,NFL,5,5,41,24,252,10.50,3,50.4,58.5%,6.15
606,Fred Davis\DaviFr01,2012,26,2-48,WAS,NFL,7,7,31,24,325,13.54,0,46.4,77.4%,10.48
607,Rhett Ellison\ElliRh00,2017,29,4-128,NYG,NFL,16,14,32,24,235,9.79,2,14.7,75.0%,7.34
608,Antonio Gates\GateAn00,2003,23,,SDG,NFL,15,11,42,24,389,16.21,2,25.9,57.1%,9.26
609,Daniel Graham\GrahDa00,2007,29,1-21,DEN,NFL,15,15,33,24,246,10.25,2,16.4,72.7%,7.45
610,Clay Harbor\HarbCl00,2013,26,4-125,JAX,NFL,16,7,35,24,292,12.17,2,18.3,68.6%,8.34
611,Todd Heap\HeapTo00,2011,31,1-31,ARI,NFL,10,4,36,24,283,11.79,1,28.3,66.7%,7.86
612,O.J. Howard\HowaO.00,2018,24,1-19,TAM,NFL,7,5,34,24,419,17.46,3,59.9,70.6%,12.32
613,Marcedes Lewis\LewiMa00,2017,33,1-28,JAX,NFL,16,16,48,24,318,13.25,5,19.9,50.0%,6.63
614,Vance McDonald\McDoVa00,2016,26,2-55,SFO,NFL,11,11,45,24,391,16.29,4,35.5,53.3%,8.69
615,Leonard Pope\PopeLe00,2011,28,3-72,KAN,NFL,16,10,34,24,247,10.29,1,15.4,70.6%,7.26
616,Marcellus Rivers\RiveMa00,2005,27,,HOU,NFL,16,5,35,24,168,7.00,0,10.5,68.6%,4.80
617,Kyle Rudolph\RudoKy00,2014,25,2-43,MIN,NFL,9,8,34,24,231,9.63,2,25.7,70.6%,6.79
618,Matt Schobel\SchoMa00,2003,25,3-67,CIN,NFL,15,1,30,24,332,13.83,2,22.1,80.0%,11.07
619,Dion Sims\SimsDi00,2014,23,4-106,MIA,NFL,14,2,36,24,284,11.83,2,20.3,66.7%,7.89
620,Kris Wilson\WilsKr00,2007,26,2-61,KAN,NFL,16,12,50,24,180,7.50,1,11.3,48.0%,3.60
621,Cameron Brate\BratCa00,2015,24,,TAM,NFL,14,4,30,23,288,12.52,3,20.6,76.7%,9.60
622,Trey Burton\BurtTr01,2017,26,,PHI,NFL,15,1,31,23,248,10.78,5,16.5,74.2%,8.00
623,Scott Chandler\ChanSc00,2015,30,4-129,NWE,NFL,15,4,42,23,259,11.26,4,17.3,54.8%,6.17
624,Jeff Cumberland\CumbJe00,2014,27,,NYJ,NFL,16,14,47,23,247,10.74,3,15.4,48.9%,5.26
625,Anthony Fasano\FasaAn00,2013,29,2-53,KAN,NFL,9,9,33,23,200,8.70,3,22.2,69.7%,6.06
626,Casey Fitzsimmons\FitzCa00,2003,23,,DET,NFL,16,11,40,23,160,6.96,2,10.0,57.5%,4.00
627,Chase Ford\FordCh00,2014,24,,MIN,NFL,11,5,35,23,258,11.22,1,23.5,65.7%,7.37
628,Michael Gaines\GainMi00,2008,28,7-232,DET,NFL,16,6,36,23,260,11.30,1,16.3,63.9%,7.22
629,Todd Heap\HeapTo00,2007,27,1-31,BAL,NFL,6,6,34,23,239,10.39,1,39.8,67.6%,7.03
630,Steve Heiden\HeidSt00,2008,32,3-69,CLE,NFL,14,11,42,23,249,10.83,0,17.8,54.8%,5.93
631,Chad Lewis\LewiCh00,2003,32,,PHI,NFL,16,14,40,23,293,12.74,1,18.3,57.5%,7.33
632,Kris Mangum\MangKr00,2005,32,7-228,CAR,NFL,14,9,35,23,202,8.78,2,14.4,65.7%,5.77
633,Vance McDonald\McDoVa00,2018,28,2-55,PIT,NFL,6,5,28,23,321,13.96,1,53.5,82.1%,11.46
634,Tony McGee\McGeTo00,2002,31,2-37,DAL,NFL,16,16,30,23,294,12.78,1,18.4,76.7%,9.80
635,Itula Mili\MiliIt00,2004,31,6-174,SEA,NFL,15,4,36,23,240,10.43,1,16.0,63.9%,6.67
636,Leonard Pope\PopeLe00,2007,24,3-72,ARI,NFL,13,11,34,23,238,10.35,5,18.3,67.6%,7.00
637,Robert Royal\RoyaRo00,2006,27,5-160,BUF,NFL,16,15,39,23,233,10.13,3,14.6,59.0%,5.97
638,Kaseem Sinceno\SincKa00,2000,24,,CHI,NFL,11,11,41,23,206,8.96,0,18.7,56.1%,5.02
639,Craig Stevens\StevCr00,2012,28,3-85,TEN,NFL,15,15,33,23,275,11.96,1,18.3,69.7%,8.33
640,Ben Watson\WatsBe00,2018,38,1-32,NOR,NFL,7,4,28,23,230,10.00,1,32.9,82.1%,8.21
641,Fred Baxter\BaxtFr00,2001,30,5-115,CHI,NFL,14,14,44,22,148,6.73,2,10.6,50.0%,3.36
642,Dan Campbell\CampDa00,2002,26,3-79,NYG,NFL,16,16,31,22,175,7.95,1,10.9,71.0%,5.65
643,Dwayne Carswell\CarsDw00,2004,32,,DEN,NFL,15,14,36,22,198,9.00,1,13.2,61.1%,5.50
644,Byron Chamberlain\ChamBy00,2000,29,7-222,DEN,NFL,15,0,32,22,283,12.86,1,18.9,68.8%,8.84
645,Ken Dilger\DilgKe00,2003,32,2-48,TAM,NFL,15,15,41,22,244,11.09,1,16.3,53.7%,5.95
646,Coby Fleener\FleeCo00,2017,29,2-34,NOR,NFL,11,0,30,22,295,13.41,2,26.8,73.3%,9.83
647,Virgil Green\GreeVi00,2016,28,7-204,DEN,NFL,12,11,37,22,237,10.77,1,19.8,59.5%,6.41
648,Jim Kleinsasser\KleiJi00,2005,28,2-44,MIN,NFL,16,16,28,22,171,7.77,0,10.7,78.6%,6.11
649,Johnny McWilliams\McWiJo00,2000,28,3-64,MIN,NFL,15,7,29,22,180,8.18,3,12.0,75.9%,6.21
650,Brandon Myers\MyerBr00,2014,29,6-202,TAM,NFL,14,6,32,22,190,8.64,0,13.6,68.8%,5.94
651,Nick O'Leary\OLeaNi00,2017,25,6-194,BUF,NFL,15,5,32,22,322,14.64,2,21.5,68.8%,10.06
652,L.J. Smith\SmitL.00,2007,27,2-61,PHI,NFL,10,9,43,22,236,10.73,1,23.6,51.2%,5.49
653,Jerramy Stevens\StevJe00,2006,27,1-28,SEA,NFL,11,6,48,22,231,10.50,4,21.0,45.8%,4.81
654,Jacob Tamme\TammJa00,2016,31,4-127,ATL,NFL,8,5,31,22,210,9.55,3,26.3,71.0%,6.77
655,Ben Watson\WatsBe00,2008,28,1-32,NWE,NFL,14,9,47,22,209,9.50,2,14.9,46.8%,4.45
656,Luke Willson\WillLu00,2014,24,5-158,SEA,NFL,15,10,40,22,362,16.45,3,24.1,55.0%,9.05
657,Stephen Alexander\AlexSt00,2005,30,2-48,DEN,NFL,16,15,36,21,170,8.10,1,10.6,58.3%,4.72
658,Chris Baker\BakeCh00,2008,29,3-88,NYJ,NFL,16,13,30,21,194,9.24,0,12.1,70.0%,6.47
659,Dan Campbell\CampDa00,2006,30,3-79,DET,NFL,16,11,32,21,308,14.67,4,19.3,65.6%,9.63
660,Dwayne Carswell\CarsDw00,2002,30,,DEN,NFL,16,7,29,21,189,9.00,1,11.8,72.4%,6.52
661,Garrett Celek\CeleGa00,2017,29,,SFO,NFL,16,13,33,21,336,16.00,4,21.0,63.6%,10.18
662,Fred Davis\DaviFr01,2010,24,2-48,WAS,NFL,16,9,30,21,316,15.05,3,19.8,70.0%,10.53
663,A.J. Derby\DerbA.00,2017,26,6-202,2TM,NFL,11,1,40,21,244,11.62,2,22.2,52.5%,6.10
664,Ed Dickson\DickEd00,2012,25,3-70,BAL,NFL,13,11,33,21,225,10.71,0,17.3,63.6%,6.82
665,Christian Fauria\FaurCh00,2001,30,2-39,SEA,NFL,16,11,40,21,188,8.95,1,11.8,52.5%,4.70
666,Daniel Fells\FellDa00,2009,26,,STL,NFL,14,4,35,21,273,13.00,3,19.5,60.0%,7.80
667,Darren Fells\FellDa01,2015,29,,ARI,NFL,14,12,28,21,311,14.81,3,22.2,75.0%,11.11
668,Jermichael Finley\FinlJe00,2010,23,3-91,GNB,NFL,5,5,26,21,301,14.33,1,60.2,80.8%,11.58
669,Andrew Glover\GlovAn00,2000,33,10-274,NOR,NFL,16,14,40,21,281,13.38,4,17.6,52.5%,7.03
670,Daniel Graham\GrahDa00,2006,28,1-21,NWE,NFL,12,11,34,21,235,11.19,2,19.6,61.8%,6.91
671,Reggie Kelly\KellRe00,2006,29,2-42,CIN,NFL,16,16,33,21,254,12.10,1,15.9,63.6%,7.70
672,Jeff King\KingJe00,2008,25,5-155,CAR,NFL,16,15,34,21,195,9.29,1,12.2,61.8%,5.74
673,Kris Mangum\MangKr00,2006,33,7-228,CAR,NFL,15,5,33,21,170,8.10,1,11.3,63.6%,5.15
674,David Martin\MartDa00,2006,27,6-198,GNB,NFL,11,4,36,21,198,9.43,2,18.0,58.3%,5.50
675,Zach Miller\MillZa02,2009,25,6-180,JAX,NFL,14,0,27,21,212,10.10,2,15.1,77.8%,7.85
676,Andrew Quarless\QuarAn00,2010,22,5-154,GNB,NFL,13,3,33,21,238,11.33,1,18.3,63.6%,7.21
677,Matt Schobel\SchoMa00,2004,26,3-67,CIN,NFL,16,1,33,21,201,9.57,4,12.6,63.6%,6.09
678,Austin Seferian-Jenkins\SefeAu00,2014,22,2-38,TAM,NFL,9,9,38,21,221,10.52,2,24.6,55.3%,5.82
679,Austin Seferian-Jenkins\SefeAu00,2015,23,2-38,TAM,NFL,7,3,39,21,338,16.10,4,48.3,53.8%,8.67
680,Alex Smith\SmitAl02,2008,26,3-71,TAM,NFL,14,12,38,21,250,11.90,3,17.9,55.3%,6.58
681,Tony Stewart\StewTo00,2003,24,5-147,CIN,NFL,16,7,33,21,212,10.10,0,13.3,63.6%,6.42
682,Delanie Walker\WalkHu00,2009,25,6-175,SFO,NFL,16,8,33,21,233,11.10,0,14.6,63.6%,7.06
683,Delanie Walker\WalkHu00,2012,28,6-175,SFO,NFL,16,4,39,21,344,16.38,3,21.5,53.8%,8.82
684,Delanie Walker\WalkHu00,2007,23,6-175,SFO,NFL,16,10,42,21,174,8.29,1,10.9,50.0%,4.14
685,Martellus Bennett\BennMa00,2008,21,2-61,DAL,NFL,16,7,27,20,283,14.15,4,17.7,74.1%,10.48
686,Eric Bjornson\BjorEr00,2000,29,4-110,NWE,NFL,8,6,33,20,152,7.60,2,19.0,60.6%,4.61
687,Jordan Cameron\CameJo00,2012,24,4-102,CLE,NFL,14,6,40,20,226,11.30,1,16.1,50.0%,5.65
688,Dan Campbell\CampDa00,2003,27,3-79,DAL,NFL,16,16,30,20,195,9.75,1,12.2,66.7%,6.50
689,John Davis\DaviJo00,2002,29,5-2,CHI,NFL,10,8,33,20,193,9.65,3,19.3,60.6%,5.85
690,Vernon Davis\DaviVe00,2006,22,1-6,SFO,NFL,10,8,42,20,265,13.25,3,26.5,47.6%,6.31
691,Justin Forsett\ForsJu00,2016,31,7-233,3TM,NFL,9,6,27,20,85,4.25,0,9.4,74.1%,3.15
692,Ryan Griffin\GrifRy00,2015,25,6-201,HOU,NFL,9,4,34,20,251,12.55,2,27.9,58.8%,7.38
693,Terry Jones\JoneTe00,2004,25,5-155,BAL,NFL,15,11,29,20,152,7.60,1,10.1,69.0%,5.24
694,Reggie Kelly\KellRe00,2007,30,2-42,CIN,NFL,15,15,27,20,211,10.55,0,14.1,74.1%,7.81
695,Joe Klopfenstein\KlopJo00,2006,23,2-46,STL,NFL,16,16,34,20,226,11.30,1,14.1,58.8%,6.65
696,Marcedes Lewis\LewiMa00,2016,32,1-28,JAX,NFL,10,10,30,20,169,8.45,1,16.9,66.7%,5.63
697,Randy McMichael\McMiRa01,2010,31,4-114,SDG,NFL,16,11,27,20,221,11.05,2,13.8,74.1%,8.19
698,Zach Miller\MillZa02,2017,33,6-180,CHI,NFL,8,6,35,20,236,11.80,2,29.5,57.1%,6.74
699,Zach Miller\MillZa02,2010,26,6-180,JAX,NFL,15,5,26,20,216,10.80,1,14.4,76.9%,8.31
700,Dennis Pitta\PittDe00,2013,28,4-114,BAL,NFL,4,1,33,20,169,8.45,1,42.3,60.6%,5.12
701,Leonard Pope\PopeLe00,2009,26,3-72,KAN,NFL,13,8,30,20,174,8.70,1,13.4,66.7%,5.80
702,Richard Rodgers\RodgRi00,2014,22,3-98,GNB,NFL,16,5,30,20,225,11.25,2,14.1,66.7%,7.50
703,Mike Sellers\SellMi00,2010,35,,WAS,NFL,16,8,40,20,224,11.20,0,14.0,50.0%,5.60
704,Jacob Tamme\TammJa00,2013,28,4-127,DEN,NFL,16,1,25,20,184,9.20,1,11.5,80.0%,7.36
705,Wesley Walls\WallWe00,2003,37,2-56,GNB,NFL,14,1,33,20,222,11.10,1,15.9,60.6%,6.73
706,Ben Watson\WatsBe00,2014,34,1-32,NOR,NFL,16,8,31,20,136,6.80,2,8.5,64.5%,4.39
707,Daniel Wilcox\WilcDa01,2005,28,,BAL,NFL,13,3,28,20,154,7.70,1,11.8,71.4%,5.50
708,Daniel Wilcox\WilcDa01,2006,29,,BAL,NFL,14,6,27,20,166,8.30,3,11.9,74.1%,6.15
709,Boo Williams\WillBo00,2001,22,,NOR,NFL,11,4,42,20,202,10.10,3,18.4,47.6%,4.81
710,Luke Willson\WillLu00,2013,23,5-158,SEA,NFL,16,7,28,20,272,13.60,1,17.0,71.4%,9.71
711,Steve Bush\BushSt00,2002,28,,ARI,NFL,16,12,27,19,121,6.37,1,7.6,70.4%,4.48
712,Mark Campbell\CampMa00,2005,30,,BUF,NFL,14,10,29,19,139,7.32,0,9.9,65.5%,4.79
713,Garrett Celek\CeleGa00,2015,27,,SFO,NFL,11,8,28,19,186,9.79,3,16.9,67.9%,6.64
714,Desmond Clark\ClarDe00,2009,32,6-179,CHI,NFL,11,7,34,19,145,7.63,2,13.2,55.9%,4.26
715,Charles Clay\ClayCh00,2018,29,6-174,BUF,NFL,8,7,31,19,169,8.89,0,21.1,61.3%,5.45
716,Kellen Davis\DaviKe01,2012,27,5-158,CHI,NFL,16,15,44,19,229,12.05,2,14.3,43.2%,5.20
717,Tyrone Davis\DaviTy00,2000,28,4-107,GNB,NFL,14,9,40,19,177,9.32,2,12.6,47.5%,4.43
718,Rhett Ellison\ElliRh00,2014,26,4-128,MIN,NFL,16,13,26,19,208,10.95,1,13.0,73.1%,8.00
719,Daniel Fells\FellDa00,2011,28,,DEN,NFL,16,15,31,19,256,13.47,3,16.0,61.3%,8.26
720,Ladarius Green\GreeLa00,2014,24,4-110,SDG,NFL,14,4,25,19,226,11.89,0,16.1,76.0%,9.04
721,Ryan Griffin\GrifRy00,2013,23,6-201,HOU,NFL,15,8,28,19,244,12.84,1,16.3,67.9%,8.71
722,Joey Haynos\HaynJo00,2009,25,,MIA,NFL,16,8,37,19,162,8.53,2,10.1,51.4%,4.38
723,Austin Hooper\HoopAu00,2016,22,3-81,ATL,NFL,14,3,27,19,271,14.26,3,19.4,70.4%,10.04
724,Jesse James\JameJe00,2018,24,5-160,PIT,NFL,7,4,24,19,283,14.89,1,40.4,79.2%,11.79
725,Terry Jones\JoneTe00,2003,24,5-155,BAL,NFL,16,13,25,19,159,8.37,3,9.9,76.0%,6.36
726,Jeff King\KingJe00,2010,27,5-155,CAR,NFL,16,16,32,19,121,6.37,2,7.6,59.4%,3.78
727,Erron Kinney\KinnEr00,2000,23,3-68,TEN,NFL,16,9,35,19,197,10.37,1,12.3,54.3%,5.63
728,Ben Koyack\KoyaBe00,2016,23,7-229,JAX,NFL,14,7,24,19,161,8.47,1,11.5,79.2%,6.71
729,Kris Mangum\MangKr00,2000,27,7-228,CAR,NFL,15,7,31,19,215,11.32,1,14.3,61.3%,6.94
730,Stanley Pritchett\PritSt00,2002,29,4-118,CHI,NFL,16,2,27,19,165,8.68,1,10.3,70.4%,6.11
731,Gijon Robinson\RobiGi21,2008,24,,IND,NFL,15,14,24,19,166,8.74,0,11.1,79.2%,6.92
732,Ricky Seals-Jones\SealRi00,2018,23,,ARI,NFL,8,5,39,19,216,11.37,1,27.0,48.7%,5.54
733,Geoff Swaim\SwaiGe00,2018,25,7-246,DAL,NFL,7,7,24,19,205,10.79,1,29.3,79.2%,8.54
734,Jacob Tamme\TammJa00,2011,26,4-127,IND,NFL,16,5,31,19,177,9.32,1,11.1,61.3%,5.71
735,Delanie Walker\WalkHu00,2011,27,6-175,SFO,NFL,15,7,35,19,198,10.42,3,13.2,54.3%,5.66
736,Wesley Walls\WallWe00,2002,36,2-56,CAR,NFL,15,14,36,19,241,12.68,4,16.1,52.8%,6.69
737,Ben Watson\WatsBe00,2013,33,1-32,NOR,NFL,15,7,30,19,226,11.89,2,15.1,63.3%,7.53
738,Stephen Alexander\AlexSt00,2006,31,2-48,DEN,NFL,16,14,35,18,160,8.89,2,10.0,51.4%,4.57
739,Mike Anderson\AndeMi00,2002,29,6-189,DEN,NFL,15,12,24,18,167,9.28,2,11.1,75.0%,6.96
740,Mark Andrews\AndrMa00,2018,22,,BAL,NFL,8,2,26,18,194,10.78,2,24.3,69.2%,7.46
741,Chris Baker\BakeCh00,2004,25,3-88,NYJ,NFL,16,0,29,18,182,10.11,4,11.4,62.1%,6.28
742,Chris Baker\BakeCh00,2005,26,3-88,NYJ,NFL,8,8,25,18,269,14.94,1,33.6,72.0%,10.76
743,Anthony Becht\BechAn00,2006,29,1-27,TAM,NFL,16,16,26,18,115,6.39,1,7.2,69.2%,4.42
744,Nick Boyle\BoylNi00,2015,22,5-171,BAL,NFL,11,2,23,18,153,8.50,0,13.9,78.3%,6.65
745,Kyle Brady\BradKy00,2005,33,1-9,JAX,NFL,16,14,26,18,157,8.72,1,9.8,69.2%,6.04
746,Mark Campbell\CampMa00,2006,31,,NOR,NFL,14,10,29,18,164,9.11,0,11.7,62.1%,5.66
747,Charles Clay\ClayCh00,2012,23,6-174,MIA,NFL,14,9,33,18,212,11.78,2,15.1,54.5%,6.42
748,Kellen Davis\DaviKe01,2011,26,5-158,CHI,NFL,16,15,35,18,206,11.44,5,12.9,51.4%,5.89
749,Jack Doyle\DoylJa00,2014,24,,IND,NFL,16,1,22,18,118,6.56,2,7.4,81.8%,5.36
750,Joseph Fauria\FaurJo00,2013,23,,DET,NFL,16,2,30,18,207,11.50,7,12.9,60.0%,6.90
751,Casey Fitzsimmons\FitzCa00,2009,29,,DET,NFL,12,1,27,18,128,7.11,0,10.7,66.7%,4.74
752,Zeron Flemister\FlemZe00,2001,25,,WAS,NFL,16,1,29,18,196,10.89,2,12.3,62.1%,6.76
753,Bryan Fletcher\FletBr00,2006,27,6-210,IND,NFL,15,3,25,18,202,11.22,2,13.5,72.0%,8.08
754,Bryan Fletcher\FletBr00,2007,28,6-210,IND,NFL,15,3,27,18,143,7.94,0,9.5,66.7%,5.30
755,Bryan Fletcher\FletBr00,2005,26,6-210,IND,NFL,16,12,27,18,202,11.22,3,12.6,66.7%,7.48
756,Bubba Franks\FranBu00,2007,29,1-14,GNB,NFL,8,1,32,18,132,7.33,3,16.5,56.3%,4.13
757,Dallas Goedert\GoedDa00,2018,23,,PHI,NFL,8,4,21,18,188,10.44,3,23.5,85.7%,8.95
758,Daniel Graham\GrahDa00,2010,32,1-21,DEN,NFL,16,16,37,18,148,8.22,0,9.3,48.6%,4.00
759,Garrett Graham\GrahGa00,2014,28,4-118,HOU,NFL,11,9,28,18,197,10.94,1,17.9,64.3%,7.04
760,Ladarius Green\GreeLa00,2016,26,4-110,PIT,NFL,6,2,34,18,304,16.89,1,50.7,52.9%,8.94
761,Jermaine Gresham\GresJe00,2015,27,1-21,ARI,NFL,15,12,32,18,223,12.39,1,14.9,56.3%,6.97
762,Demetrius Harris\HarrDe03,2017,26,,KAN,NFL,16,7,35,18,224,12.44,1,14.0,51.4%,6.40
763,Steve Heiden\HeidSt00,2003,27,3-69,CLE,NFL,9,9,31,18,134,7.44,0,14.9,58.1%,4.32
764,Lance Kendricks\KendLa00,2017,29,2-47,GNB,NFL,16,9,35,18,203,11.28,1,12.7,51.4%,5.80
765,Dan Kreider\KreiDa00,2002,25,,PIT,NFL,16,13,25,18,122,6.78,1,7.6,72.0%,4.88
766,Marcedes Lewis\LewiMa00,2014,30,1-28,JAX,NFL,8,8,31,18,206,11.44,2,25.8,58.1%,6.65
767,Anthony McCoy\McCoAn00,2012,25,6-185,SEA,NFL,16,5,28,18,291,16.17,3,18.2,64.3%,10.39
768,Mikhael Ricks\RickMi00,2001,27,2-59,KAN,NFL,16,0,30,18,252,14.00,1,15.8,60.0%,8.40
769,Mychal Rivera\RiveMy00,2016,26,6-184,OAK,NFL,13,2,25,18,192,10.67,1,14.8,72.0%,7.68
770,Dante Rosario\RosaDa00,2008,24,5-155,CAR,NFL,16,6,31,18,209,11.61,1,13.1,58.1%,6.74
771,Robert Royal\RoyaRo00,2005,26,5-160,WAS,NFL,15,14,35,18,131,7.28,1,8.7,51.4%,3.74
772,Tony Scheffler\ScheTo00,2006,23,2-61,DEN,NFL,13,5,37,18,286,15.89,4,22.0,48.6%,7.73
773,Matt Schobel\SchoMa00,2005,27,3-67,CIN,NFL,16,1,25,18,193,10.72,1,12.1,72.0%,7.72
774,Aaron Shea\SheaAa00,2005,29,4-110,CLE,NFL,12,4,32,18,153,8.50,1,12.8,56.3%,4.78
775,Dion Sims\SimsDi00,2015,24,4-106,MIA,NFL,13,4,25,18,127,7.06,1,9.8,72.0%,5.08
776,Jonnu Smith\SmitJo01,2017,22,3-100,TEN,NFL,16,13,30,18,157,8.72,2,9.8,60.0%,5.23
777,Jerramy Stevens\StevJe00,2007,28,1-28,TAM,NFL,14,3,21,18,189,10.50,4,13.5,85.7%,9.00
778,Jed Weaver\WeavJe00,2001,25,7-208,MIA,NFL,16,7,25,18,215,11.94,2,13.4,72.0%,8.60
779,Jermaine Wiggins\WiggJe00,2000,25,,2TM,NFL,15,2,28,18,207,11.50,2,13.8,64.3%,7.39
780,Martellus Bennett\BennMa00,2011,24,2-61,DAL,NFL,14,7,26,17,144,8.47,0,10.3,65.4%,5.54
781,Mark Bruener\BrueMa00,2000,28,1-27,PIT,NFL,16,16,34,17,192,11.29,3,12.0,50.0%,5.65
782,Mark Campbell\CampMa00,2004,29,,BUF,NFL,12,12,30,17,203,11.94,5,16.9,56.7%,6.77
783,Derek Carrier\CarrDe00,2015,25,,WAS,NFL,12,12,22,17,141,8.29,1,11.8,77.3%,6.41
784,John Davis\DaviJo00,2000,27,5-2,MIN,NFL,15,9,29,17,202,11.88,1,13.5,58.6%,6.97
785,Ed Dickson\DickEd00,2015,28,3-70,CAR,NFL,16,11,26,17,121,7.12,2,7.6,65.4%,4.65
786,Jim Dray\DrayJi00,2014,28,7-233,CLE,NFL,16,8,27,17,242,14.24,1,15.1,63.0%,8.96
787,Jason Dunn\DunnJa00,2004,31,2-54,KAN,NFL,16,0,25,17,120,7.06,3,7.5,68.0%,4.80
788,Evan Engram\EngrEv00,2018,24,1-23,NYG,NFL,5,5,26,17,145,8.53,2,29.0,65.4%,5.58
789,Darren Fells\FellDa01,2017,31,,DET,NFL,16,13,26,17,177,10.41,3,11.1,65.4%,6.81
790,C.J. Fiedorowicz\FiedC.00,2015,24,3-65,HOU,NFL,16,14,24,17,167,9.82,1,10.4,70.8%,6.96
791,Ladarius Green\GreeLa00,2013,23,4-110,SDG,NFL,16,10,30,17,376,22.12,3,23.5,56.7%,12.53
792,Demetrius Harris\HarrDe03,2016,25,,KAN,NFL,16,11,31,17,123,7.24,1,7.7,54.8%,3.97
793,Steve Heiden\HeidSt00,2002,26,3-69,CLE,NFL,16,6,19,17,105,6.18,1,6.6,89.5%,5.53
794,Will Heller\HellWi00,2012,31,,DET,NFL,16,5,23,17,150,8.82,1,9.4,73.9%,6.52
795,Jeff King\KingJe00,2012,29,5-155,ARI,NFL,16,12,29,17,129,7.59,0,8.1,58.6%,4.45
796,Jim Kleinsasser\KleiJi00,2010,33,2-44,MIN,NFL,16,7,21,17,148,8.71,0,9.3,81.0%,7.05
797,Kris Mangum\MangKr00,2003,30,7-228,CAR,NFL,16,11,29,17,199,11.71,0,12.4,58.6%,6.86
798,Sean McHugh\McHuSe00,2007,25,7-241,DET,NFL,15,12,29,17,252,14.82,0,16.8,58.6%,8.69
799,Billy Miller\MillBi00,2004,27,7-218,HOU,NFL,16,8,33,17,178,10.47,1,11.1,51.5%,5.39
800,Shawn Nelson\NelsSh00,2009,24,4-121,BUF,NFL,12,12,29,17,156,9.18,1,13.0,58.6%,5.38
801,Greg Olsen\OlseGr00,2017,32,1-31,CAR,NFL,7,7,38,17,191,11.24,1,27.3,44.7%,5.03
802,Marcellus Rivers\RiveMa00,2003,25,,NYG,NFL,12,6,22,17,155,9.12,0,12.9,77.3%,7.05
803,O.J. Santiago\SantO.00,2001,27,3-70,CLE,NFL,14,12,27,17,153,9.00,2,10.9,63.0%,5.67
804,Matt Spaeth\SpaeMa00,2008,25,3-77,PIT,NFL,16,13,26,17,136,8.00,0,8.5,65.4%,5.23
805,C.J. Uzomah\UzomC.00,2018,25,5-157,CIN,NFL,8,7,23,17,184,10.82,2,23.0,73.9%,8.00
806,James Whalen\WhalJa00,2002,25,5-157,DAL,NFL,16,6,29,17,152,8.94,0,9.5,58.6%,5.24
807,Luke Willson\WillLu00,2015,25,5-158,SEA,NFL,14,7,26,17,213,12.53,1,15.2,65.4%,8.19
808,George Wrighster\WrigGe00,2007,26,4-104,JAX,NFL,11,6,24,17,123,7.24,1,11.2,70.8%,5.13
809,Frank Wycheck\WychFr00,2003,32,6-160,TEN,NFL,10,6,29,17,165,9.71,2,16.5,58.6%,5.69
810,Jerell Adams\AdamJe01,2016,24,6-184,NYG,NFL,13,2,21,16,122,7.63,1,9.4,76.2%,5.81
811,Dwayne Allen\AlleDw00,2015,25,3-64,IND,NFL,13,12,29,16,109,6.81,1,8.4,55.2%,3.76
812,Anthony Becht\BechAn00,2005,28,1-27,TAM,NFL,16,16,25,16,112,7.00,0,7.0,64.0%,4.48
813,Anthony Becht\BechAn00,2000,23,1-27,NYJ,NFL,14,10,30,16,144,9.00,2,10.3,53.3%,4.80
814,Brent Celek\CeleBr00,2007,22,5-162,PHI,NFL,16,4,22,16,178,11.13,1,11.1,72.7%,8.09
815,Charles Clay\ClayCh00,2011,22,6-174,MIA,NFL,14,9,25,16,233,14.56,3,16.6,64.0%,9.32
816,Cam Cleeland\CleeCa00,2002,27,2-40,NWE,NFL,12,1,21,16,112,7.00,1,9.3,76.2%,5.33
817,Daniel Coats\CoatDa00,2009,25,,CIN,NFL,16,11,31,16,150,9.38,0,9.4,51.6%,4.84
818,A.J. Derby\DerbA.00,2016,25,6-202,2TM,NFL,10,3,20,16,160,10.00,0,16.0,80.0%,8.00
819,Rickey Dudley\DudlRi00,2002,30,1-9,TAM,NFL,14,3,26,16,192,12.00,3,13.7,61.5%,7.38
820,Gerald Everett\EverGe00,2017,23,2-44,LAR,NFL,16,2,32,16,244,15.25,2,15.3,50.0%,7.63
821,Christian Fauria\FaurCh00,2004,33,2-39,NWE,NFL,16,10,20,16,195,12.19,2,12.2,80.0%,9.75
822,Daniel Fells\FellDa00,2014,31,,NYG,NFL,16,9,20,16,188,11.75,4,11.8,80.0%,9.40
823,Mike Gesicki\GesiMi00,2018,23,,MIA,NFL,8,3,22,16,146,9.13,0,18.3,72.7%,6.64
824,Daniel Graham\GrahDa00,2005,27,1-21,NWE,NFL,11,9,25,16,235,14.69,3,21.4,64.0%,9.40
825,Todd Heap\HeapTo00,2001,21,1-31,BAL,NFL,12,6,23,16,206,12.88,1,17.2,69.6%,8.96
826,Josh Hill\HillJo02,2015,25,,NOR,NFL,16,7,30,16,120,7.50,2,7.5,53.3%,4.00
827,Josh Hill\HillJo02,2017,27,,NOR,NFL,16,11,22,16,125,7.81,1,7.8,72.7%,5.68
828,Reggie Kelly\KellRe00,2001,24,2-42,ATL,NFL,14,13,29,16,142,8.88,0,10.1,55.2%,4.90
829,Rob Konrad\KonrRo00,2003,27,2-43,MIA,NFL,14,12,19,16,166,10.38,0,11.9,84.2%,8.74
830,Marcedes Lewis\LewiMa00,2015,31,1-28,JAX,NFL,16,16,37,16,226,14.13,0,14.1,43.2%,6.11
831,Joel Makovicka\MakoJo00,2001,26,4-116,ARI,NFL,16,14,28,16,95,5.94,1,5.9,57.1%,3.39
832,Kris Mangum\MangKr00,2002,29,7-228,CAR,NFL,16,8,29,16,159,9.94,0,9.9,55.2%,5.48
833,Dave Moore\MoorDa00,2002,33,7-191,BUF,NFL,14,5,24,16,141,8.81,2,10.1,66.7%,5.88
834,Evan Moore\MoorEv00,2010,25,,CLE,NFL,12,4,26,16,322,20.13,1,26.8,61.5%,12.38
835,Brandon Myers\MyerBr00,2011,26,6-202,OAK,NFL,16,7,27,16,151,9.44,0,9.4,59.3%,5.59
836,Josh Norman\NormJo00,2002,22,,SDG,NFL,11,1,25,16,201,12.56,1,18.3,64.0%,8.04
837,Justin Peelle\PeelJu00,2006,27,4-103,MIA,NFL,15,10,18,16,116,7.25,1,7.7,88.9%,6.44
838,Justin Peelle\PeelJu00,2003,24,4-103,SDG,NFL,15,9,25,16,133,8.31,1,8.9,64.0%,5.32
839,Dennis Pitta\PittDe00,2014,29,4-114,BAL,NFL,3,3,21,16,125,7.81,0,41.7,76.2%,5.95
840,Leonard Pope\PopeLe00,2006,23,3-72,ARI,NFL,16,6,23,16,161,10.06,0,10.1,69.6%,7.00
841,Dante Rosario\RosaDa00,2014,30,5-155,CHI,NFL,16,3,22,16,116,7.25,0,7.3,72.7%,5.27
842,Luke Stocker\StocLu00,2012,24,4-104,TAM,NFL,16,11,27,16,165,10.31,1,10.3,59.3%,6.11
843,Ben Utecht\UtecBe00,2008,27,,CIN,NFL,10,6,28,16,123,7.69,0,12.3,57.1%,4.39
844,Blake Bell\BellBl00,2015,24,4-117,SFO,NFL,14,5,25,15,186,12.40,0,13.3,60.0%,7.44
845,Martellus Bennett\BennMa00,2009,22,2-61,DAL,NFL,14,6,30,15,159,10.60,0,11.4,50.0%,5.30
846,Adam Bergen\BergAd00,2006,23,,ARI,NFL,14,7,24,15,111,7.40,1,7.9,62.5%,4.63
847,Larry Donnell\DonnLa00,2016,28,,NYG,NFL,14,6,22,15,92,6.13,1,6.6,68.2%,4.18
848,Jack Doyle\DoylJa00,2018,28,,IND,NFL,3,3,22,15,150,10.00,1,50.0,68.2%,6.82
849,Tyler Eifert\EifeTy00,2018,28,1-21,CIN,NFL,4,2,19,15,179,11.93,1,44.8,78.9%,9.42
850,Michael Gaines\GainMi00,2006,26,7-232,CAR,NFL,16,9,29,15,146,9.73,0,9.1,51.7%,5.03
851,John Gilmore\GilmJo00,2008,29,6-196,TAM,NFL,16,10,21,15,147,9.80,1,9.2,71.4%,7.00
852,Daniel Graham\GrahDa00,2002,24,1-21,NWE,NFL,12,6,23,15,150,10.00,1,12.5,65.2%,6.52
853,Patrick Hape\HapePa00,2001,27,5-137,DEN,NFL,15,8,19,15,96,6.40,3,6.4,78.9%,5.05
854,Jackie Harris\HarrJa00,2001,33,4-102,DAL,NFL,13,12,25,15,141,9.40,2,10.8,60.0%,5.64
855,Jeff Heuerman\HeueJe00,2018,26,3-92,DEN,NFL,8,7,29,15,134,8.93,1,16.8,51.7%,4.62
856,Josh Hill\HillJo02,2016,26,,NOR,NFL,9,8,22,15,149,9.93,1,16.6,68.2%,6.77
857,Reggie Kelly\KellRe00,2004,27,2-42,CIN,NFL,16,15,21,15,85,5.67,0,5.3,71.4%,4.05
858,Reggie Kelly\KellRe00,2005,28,2-42,CIN,NFL,15,14,18,15,90,6.00,1,6.0,83.3%,5.00
859,Brian Kozlowski\KozlBr00,2001,31,,ATL,NFL,16,0,22,15,270,18.00,1,16.9,68.2%,12.27
860,Brian Kozlowski\KozlBr00,2000,30,,ATL,NFL,16,3,25,15,151,10.07,2,9.4,60.0%,6.04
861,Kris Mangum\MangKr00,2001,28,7-228,CAR,NFL,16,10,27,15,89,5.93,2,5.6,55.6%,3.30
862,Brandon Manumaleuna\ManuBr00,2008,28,4-129,SDG,NFL,16,11,19,15,127,8.47,2,7.9,78.9%,6.68
863,Brandon Manumaleuna\ManuBr00,2004,24,4-129,STL,NFL,16,16,21,15,174,11.60,1,10.9,71.4%,8.29
864,Ben Patrick\PatrBe00,2010,26,7-215,ARI,NFL,15,7,18,15,123,8.20,0,8.2,83.3%,6.83
865,Justin Peelle\PeelJu00,2008,29,4-103,ATL,NFL,16,11,23,15,159,10.60,2,9.9,65.2%,6.91
866,John Phillips\PhilJo00,2011,24,6-208,DAL,NFL,16,7,18,15,101,6.73,1,6.3,83.3%,5.61
867,Rod Rutledge\RutlRo00,2000,25,2-54,NWE,NFL,16,11,20,15,103,6.87,1,6.4,75.0%,5.15
868,Darnell Sanders\SandDa00,2003,24,4-122,CLE,NFL,16,12,21,15,95,6.33,1,5.9,71.4%,4.52
869,Derek Schouman\SchoDe00,2008,23,7-222,BUF,NFL,16,12,20,15,153,10.20,1,9.6,75.0%,7.65
870,Dion Sims\SimsDi00,2017,26,4-106,CHI,NFL,14,14,29,15,180,12.00,1,12.9,51.7%,6.21
871,Jerramy Stevens\StevJe00,2009,30,1-28,TAM,NFL,16,8,32,15,130,8.67,1,8.1,46.9%,4.06
872,Erik Swoope\SwooEr00,2016,24,,IND,NFL,16,4,22,15,297,19.80,1,18.6,68.2%,13.50
873,Maxx Williams\WillMa04,2017,23,2-55,BAL,NFL,11,8,18,15,86,5.73,1,7.8,83.3%,4.78
874,Luke Willson\WillLu00,2016,26,5-158,SEA,NFL,11,6,21,15,129,8.60,2,11.7,71.4%,6.14
875,Luke Willson\WillLu00,2017,27,5-158,SEA,NFL,16,7,22,15,153,10.20,4,9.6,68.2%,6.95
876,Kris Wilson\WilsKr00,2006,25,2-61,KAN,NFL,16,10,24,15,132,8.80,3,8.3,62.5%,5.50
877,Billy Bajema\BajeBi00,2010,28,7-249,STL,NFL,13,8,24,14,145,10.36,2,11.2,58.3%,6.04
878,Chris Baker\BakeCh00,2009,30,3-88,NWE,NFL,16,7,19,14,142,10.14,2,8.9,73.7%,7.47
879,Chris Baker\BakeCh00,2003,24,3-88,NYJ,NFL,16,0,18,14,137,9.79,0,8.6,77.8%,7.61
880,Marco Battaglia\BattMa00,2001,28,2-39,2TM,NFL,11,1,24,14,127,9.07,0,11.5,58.3%,5.29
881,Nick Boyle\BoylNi00,2018,25,5-171,BAL,NFL,8,6,27,14,136,9.71,0,17.0,51.9%,5.04
882,Kyle Brady\BradKy00,2004,32,1-9,JAX,NFL,11,8,23,14,103,7.36,1,9.4,60.9%,4.48
883,Brent Celek\CeleBr00,2016,31,5-162,PHI,NFL,16,8,19,14,155,11.07,0,9.7,73.7%,8.16
884,Anthony Fasano\FasaAn00,2006,22,2-53,DAL,NFL,16,5,24,14,126,9.00,0,7.9,58.3%,5.25
885,Anthony Fasano\FasaAn00,2007,23,2-53,DAL,NFL,16,5,21,14,143,10.21,1,8.9,66.7%,6.81
886,Darren Fells\FellDa01,2016,30,,ARI,NFL,14,7,18,14,154,11.00,1,11.0,77.8%,8.56
887,C.J. Fiedorowicz\FiedC.00,2017,26,3-65,HOU,NFL,5,5,22,14,127,9.07,0,25.4,63.6%,5.77
888,MarQueis Gray\GrayMa00,2016,27,,MIA,NFL,16,7,17,14,174,12.43,0,10.9,82.4%,10.24
889,Virgil Green\GreeVi00,2017,29,7-204,DEN,NFL,16,16,22,14,191,13.64,1,11.9,63.6%,8.68
890,Clay Harbor\HarbCl00,2015,28,4-125,JAX,NFL,15,3,20,14,149,10.64,1,9.9,70.0%,7.45
891,Josh Hill\HillJo02,2014,24,,NOR,NFL,16,3,20,14,176,12.57,5,11.0,70.0%,8.80
892,Bryan Johnson\JohnBr01,2004,26,,CHI,NFL,12,6,25,14,55,3.93,2,4.6,56.0%,2.20
893,Teyo Johnson\JohnTe00,2003,22,2-63,OAK,NFL,16,5,22,14,128,9.14,1,8.0,63.6%,5.82
894,Reggie Kelly\KellRe00,2002,25,2-42,ATL,NFL,16,16,20,14,162,11.57,0,10.1,70.0%,8.10
895,Dustin Lyman\LymaDu00,2002,26,3-87,CHI,NFL,12,3,20,14,121,8.64,2,10.1,70.0%,6.05
896,Brandon Manumaleuna\ManuBr00,2006,26,4-129,SDG,NFL,16,7,17,14,91,6.50,3,5.7,82.4%,5.35
897,Vance McDonald\McDoVa00,2017,27,2-55,PIT,NFL,10,7,24,14,188,13.43,1,18.8,58.3%,7.83
898,Tony McGee\McGeTo00,2001,30,2-37,CIN,NFL,11,9,30,14,148,10.57,1,13.5,46.7%,4.93
899,Billy Miller\MillBi00,2006,29,7-218,NOR,NFL,10,3,22,14,129,9.21,0,12.9,63.6%,5.86
900,James O'Shaughnessy\O'ShJa00,2017,25,5-173,JAX,NFL,16,1,24,14,149,10.64,1,9.3,58.3%,6.21
901,Sean Ryan\RyanSe00,2009,29,5-144,KAN,NFL,10,8,27,14,135,9.64,2,13.5,51.9%,5.00
902,Matt Schobel\SchoMa00,2006,28,3-67,PHI,NFL,16,4,20,14,214,15.29,2,13.4,70.0%,10.70
903,Aaron Shea\SheaAa00,2001,25,4-110,CLE,NFL,12,5,20,14,86,6.14,0,7.2,70.0%,4.30
904,Alex Smith\SmitAl02,2011,29,3-71,CLE,NFL,14,4,25,14,131,9.36,1,9.4,56.0%,5.24
905,Tony Stewart\StewTo00,2006,27,5-147,CIN,NFL,16,3,18,14,120,8.57,1,7.5,77.8%,6.67
906,Jacob Tamme\TammJa00,2014,29,4-127,DEN,NFL,15,0,28,14,109,7.79,2,7.3,50.0%,3.89
907,Jermaine Wiggins\WiggJe00,2001,26,,NWE,NFL,16,6,21,14,133,9.50,4,8.3,66.7%,6.33
908,Maxx Williams\WillMa04,2018,24,2-55,BAL,NFL,7,5,14,14,127,9.07,0,18.1,100.0%,9.07
909,Todd Yoder\YodeTo00,2004,26,,JAX,NFL,16,8,22,14,157,11.21,0,9.8,63.6%,7.14
910,Courtney Anderson\AndeCo00,2004,24,7-245,OAK,NFL,9,4,21,13,175,13.46,1,19.4,61.9%,8.33
911,Gary Barnidge\BarnGa01,2013,28,5-141,CLE,NFL,16,12,18,13,127,9.77,2,7.9,72.2%,7.06
912,Gary Barnidge\BarnGa01,2014,29,5-141,CLE,NFL,13,2,25,13,156,12.00,0,12.0,52.0%,6.24
913,Marco Battaglia\BattMa00,2000,27,2-39,CIN,NFL,16,10,36,13,105,8.08,0,6.6,36.1%,2.92
914,Anthony Becht\BechAn00,2004,27,1-27,NYJ,NFL,16,16,28,13,100,7.69,1,6.3,46.4%,3.57
915,Travis Beckum\BeckTr00,2010,23,3-100,NYG,NFL,16,2,18,13,116,8.92,2,7.3,72.2%,6.44
916,Jeremy Brigham\BrigJe00,2000,25,5-127,OAK,NFL,15,3,19,13,107,8.23,2,7.1,68.4%,5.63
917,Daniel Brown\BrowDa04,2017,25,,CHI,NFL,14,2,20,13,129,9.92,0,9.2,65.0%,6.45
918,Mark Bruener\BrueMa00,2002,30,1-27,PIT,NFL,12,12,18,13,66,5.08,1,5.5,72.2%,3.67
919,Dan Campbell\CampDa00,2001,25,3-79,NYG,NFL,16,12,25,13,148,11.38,1,9.3,52.0%,5.92
920,Brent Celek\CeleBr00,2017,32,5-162,PHI,NFL,16,10,24,13,130,10.00,1,8.1,54.2%,5.42
921,Cam Cleeland\CleeCa00,2001,26,2-40,NOR,NFL,9,7,22,13,138,10.62,4,15.3,59.1%,6.27
922,Ernie Conwell\ConwEr00,2005,33,2-59,NOR,NFL,8,8,29,13,165,12.69,1,20.6,44.8%,5.69
923,Rhett Ellison\ElliRh00,2018,30,4-128,NYG,NFL,7,6,17,13,117,9.00,1,16.7,76.5%,6.88
924,Jim Finn\FinnJi00,2005,29,7-253,NYG,NFL,16,13,24,13,98,7.54,0,6.1,54.2%,4.08
925,John Gilmore\GilmJo00,2010,31,6-196,TAM,NFL,16,11,18,13,160,12.31,1,10.0,72.2%,8.89
926,Ryan Griffin\GrifRy00,2017,27,6-201,HOU,NFL,7,6,26,13,158,12.15,1,22.6,50.0%,6.08
927,Ryan Hannam\HannRy00,2005,25,5-169,SEA,NFL,16,5,21,13,89,6.85,1,5.6,61.9%,4.24
928,Clay Harbor\HarbCl00,2011,24,4-125,PHI,NFL,16,3,19,13,163,12.54,1,10.2,68.4%,8.58
929,Cory Harkey\HarkCo00,2013,23,,STL,NFL,15,10,18,13,113,8.69,2,7.5,72.2%,6.28
930,Cooper Helfet\HelfCo00,2015,26,,SEA,NFL,13,2,22,13,130,10.00,0,10.0,59.1%,5.91
931,Will Heller\HellWi00,2007,26,,SEA,NFL,16,6,26,13,82,6.31,3,5.1,50.0%,3.15
932,Michael Hoomanawanui\HoomMi00,2010,22,5-132,STL,NFL,8,3,22,13,146,11.23,3,18.3,59.1%,6.64
933,Reggie Kelly\KellRe00,2003,26,2-42,CIN,NFL,12,11,21,13,81,6.23,1,6.8,61.9%,3.86
934,Erron Kinney\KinnEr00,2002,25,3-68,TEN,NFL,15,7,19,13,173,13.31,0,11.5,68.4%,9.11
935,Donald Lee\LeexDo00,2004,24,5-156,MIA,NFL,16,10,20,13,110,8.46,1,6.9,65.0%,5.50
936,Marcedes Lewis\LewiMa00,2006,22,1-28,JAX,NFL,15,3,21,13,126,9.69,1,8.4,61.9%,6.00
937,Mike Lucky\LuckMi00,2001,26,7-229,DAL,NFL,16,5,21,13,96,7.38,1,6.0,61.9%,4.57
938,Brandon Manumaleuna\ManuBr00,2005,25,4-129,STL,NFL,14,14,20,13,129,9.92,1,9.2,65.0%,6.45
939,David Martin\MartDa00,2001,22,6-198,GNB,NFL,14,1,20,13,144,11.08,1,10.3,65.0%,7.20
940,David Martin\MartDa00,2003,24,6-198,GNB,NFL,16,3,17,13,79,6.08,2,4.9,76.5%,4.65
941,Anthony McCoy\McCoAn00,2011,24,6-185,SEA,NFL,16,9,24,13,146,11.23,0,9.1,54.2%,6.08
942,Shad Meier\MeieSh00,2003,25,3-90,TEN,NFL,15,6,19,13,159,12.23,0,10.6,68.4%,8.37
943,Niles Paul\PaulNi00,2017,28,5-155,WAS,NFL,14,8,19,13,94,7.23,0,6.7,68.4%,4.95
944,Logan Paulsen\PaulLo00,2014,27,,WAS,NFL,16,12,16,13,78,6.00,1,4.9,81.3%,4.88
945,Jeb Putzier\PutzJe00,2006,27,6-191,HOU,NFL,14,5,22,13,125,9.62,0,8.9,59.1%,5.68
946,Austin Seferian-Jenkins\SefeAu00,2016,24,2-38,2TM,NFL,9,2,20,13,154,11.85,1,17.1,65.0%,7.70
947,Mike Seidman\SeidMi00,2004,23,3-76,CAR,NFL,16,6,13,13,123,9.46,2,7.7,100.0%,9.46
948,Alex Smith\SmitAl02,2012,30,3-71,CLE,NFL,12,2,18,13,47,3.62,0,3.9,72.2%,2.61
949,Levine Toilolo\ToilLe00,2016,25,4-133,ATL,NFL,16,11,19,13,264,20.31,2,16.5,68.4%,13.89
950,Ben Troupe\TrouBe00,2006,24,2-40,TEN,NFL,10,9,29,13,150,11.54,2,15.0,44.8%,5.17
951,Nick Vannett\VannNi00,2018,25,3-94,SEA,NFL,6,3,21,13,126,9.69,0,21.0,61.9%,6.00
952,Boo Williams\WillBo00,2002,23,,NOR,NFL,16,3,31,13,143,11.00,2,8.9,41.9%,4.61
953,Brandon Williams\WillBr04,2017,30,,IND,NFL,14,10,17,13,121,9.31,0,8.6,76.5%,7.12
954,George Wrighster\WrigGe00,2003,22,4-104,JAX,NFL,15,1,20,13,150,11.54,2,10.0,65.0%,7.50
955,George Wrighster\WrigGe00,2005,24,4-104,JAX,NFL,16,6,23,13,120,9.23,2,7.5,56.5%,5.22
956,Gary Barnidge\BarnGa01,2009,24,5-141,CAR,NFL,16,3,21,12,242,20.17,0,15.1,57.1%,11.52
957,Jeremy Brigham\BrigJe00,2001,26,5-127,OAK,NFL,14,3,17,12,85,7.08,1,6.1,70.6%,5.00
958,Luther Broughton\BrouLu00,2000,26,5-155,PHI,NFL,15,1,18,12,104,8.67,0,6.9,66.7%,5.78
959,Mark Bruener\BrueMa00,2001,29,1-27,PIT,NFL,9,9,19,12,98,8.17,0,10.9,63.2%,5.16
960,Mark Campbell\CampMa00,2000,25,,CLE,NFL,16,10,16,12,80,6.67,1,5.0,75.0%,5.00
961,Mark Campbell\CampMa00,2008,33,,NOR,NFL,9,4,16,12,121,10.08,2,13.4,75.0%,7.56
962,Daniel Coats\CoatDa00,2007,23,,CIN,NFL,15,3,16,12,122,10.17,0,8.1,75.0%,7.63
963,Jack Doyle\DoylJa00,2015,25,,IND,NFL,16,2,14,12,72,6.00,1,4.5,85.7%,5.14
964,Eric Edwards\EdwaEr00,2005,25,,ARI,NFL,16,9,17,12,133,11.08,1,8.3,70.6%,7.82
965,Anthony Fasano\FasaAn00,2017,33,2-53,MIA,NFL,16,6,16,12,107,8.92,1,6.7,75.0%,6.69
966,Casey Fitzsimmons\FitzCa00,2008,28,,DET,NFL,14,1,28,12,85,7.08,1,6.1,42.9%,3.04
967,Michael Gaines\GainMi00,2005,25,7-232,CAR,NFL,11,6,16,12,155,12.92,2,14.1,75.0%,9.69
968,Antonio Gates\GateAn00,2018,38,,LAC,NFL,7,0,21,12,123,10.25,1,17.6,57.1%,5.86
969,Chris Gragg\GragCh00,2015,25,7-222,BUF,NFL,13,4,20,12,150,12.50,0,11.5,60.0%,7.50
970,Virgil Green\GreeVi00,2015,27,7-204,DEN,NFL,16,5,15,12,173,14.42,1,10.8,80.0%,11.53
971,James Hanna\HannJa00,2013,24,6-186,DAL,NFL,16,8,15,12,73,6.08,0,4.6,80.0%,4.87
972,Ben Hartsock\HartBe00,2007,27,3-68,TEN,NFL,16,9,19,12,138,11.50,0,8.6,63.2%,7.26
973,Steve Heiden\HeidSt00,2007,31,3-69,CLE,NFL,16,6,21,12,104,8.67,0,6.5,57.1%,4.95
974,Cooper Helfet\HelfCo00,2014,25,,SEA,NFL,10,2,24,12,185,15.42,2,18.5,50.0%,7.71
975,Will Heller\HellWi00,2004,23,,TAM,NFL,10,2,16,12,98,8.17,1,9.8,75.0%,6.13
976,Christopher Herndon\HernCh00,2018,22,,NYJ,NFL,8,5,18,12,161,13.42,3,20.1,66.7%,8.94
977,Michael Hoomanawanui\HoomMi00,2013,25,5-132,NWE,NFL,13,10,19,12,136,11.33,1,10.5,63.2%,7.16
978,Rob Housler\HousRo01,2011,23,3-69,ARI,NFL,12,2,26,12,133,11.08,0,11.1,46.2%,5.12
979,David LaFleur\LaFlDa00,2000,26,1-22,DAL,NFL,15,10,21,12,109,9.08,1,7.3,57.1%,5.19
980,Evan Moore\MoorEv00,2009,24,,CLE,NFL,5,0,23,12,158,13.17,0,31.6,52.2%,6.87
981,Brandon Myers\MyerBr00,2015,30,6-202,TAM,NFL,11,6,17,12,127,10.58,0,11.5,70.6%,7.47
982,Brandon Myers\MyerBr00,2010,25,6-202,OAK,NFL,15,3,16,12,80,6.67,0,5.3,75.0%,5.00
983,Greg Olsen\OlseGr00,2018,33,1-31,CAR,NFL,4,4,18,12,142,11.83,2,35.5,66.7%,7.89
984,Bear Pascoe\PascBe00,2011,25,6-184,NYG,NFL,16,11,16,12,136,11.33,0,8.5,75.0%,8.50
985,Bear Pascoe\PascBe00,2013,27,6-184,NYG,NFL,16,6,20,12,81,6.75,0,5.1,60.0%,4.05
986,Ben Patrick\PatrBe00,2009,25,7-215,ARI,NFL,9,7,16,12,146,12.17,2,16.2,75.0%,9.13
987,Justin Peelle\PeelJu00,2009,30,4-103,ATL,NFL,15,8,15,12,115,9.58,2,7.7,80.0%,7.67
988,Marcus Pollard\PollMa00,2006,34,,DET,NFL,15,5,17,12,100,8.33,0,6.7,70.6%,5.88
989,Richard Rodgers\RodgRi00,2017,25,3-98,GNB,NFL,15,1,19,12,160,13.33,1,10.7,63.2%,8.42
990,Ricky Seals-Jones\SealRi00,2017,22,,ARI,NFL,10,1,28,12,201,16.75,3,20.1,42.9%,7.18
991,Adam Shaheen\ShahAd00,2017,23,2-45,CHI,NFL,13,7,14,12,127,10.58,3,9.8,85.7%,9.07
992,Visanthe Shiancoe\ShiaVi00,2006,26,3-91,NYG,NFL,16,4,14,12,81,6.75,0,5.1,85.7%,5.79
993,David Sloan\SloaDa00,2002,30,3-70,NOR,NFL,16,14,25,12,127,10.58,0,7.9,48.0%,5.08
994,Lee Smith\SmitLe00,2015,28,5-159,OAK,NFL,15,15,13,12,70,5.83,1,4.7,92.3%,5.38
995,Neal Sterling\SterNe00,2016,24,7-220,JAX,NFL,10,1,16,12,110,9.17,0,11.0,75.0%,6.88
996,Craig Stevens\StevCr00,2015,31,3-85,TEN,NFL,16,11,16,12,121,10.08,2,7.6,75.0%,7.56
997,Luke Stocker\StocLu00,2011,23,4-104,TAM,NFL,14,9,17,12,92,7.67,0,6.6,70.6%,5.41
998,Jonathan Stupar\StupJo00,2010,26,,BUF,NFL,16,3,13,12,111,9.25,0,6.9,92.3%,8.54
999,Levine Toilolo\ToilLe00,2017,26,4-133,ATL,NFL,15,12,14,12,122,10.17,1,8.1,85.7%,8.71
1000,Jerame Tuman\TumaJe00,2003,27,5-136,PIT,NFL,16,12,19,12,113,9.42,0,7.1,63.2%,5.95
1001,Nick Vannett\VannNi00,2017,24,3-94,SEA,NFL,15,4,15,12,124,10.33,1,8.3,80.0%,8.27
1002,Stephen Anderson\AndeSt01,2016,23,,HOU,NFL,13,0,16,11,93,8.45,1,7.2,68.8%,5.81
1003,Cameron Brate\BratCa00,2018,27,,TAM,NFL,7,1,17,11,114,10.36,3,16.3,64.7%,6.71
1004,Steve Bush\BushSt00,2003,29,,ARI,NFL,16,4,17,11,71,6.45,1,4.4,64.7%,4.18
1005,John Davis\DaviJo00,2001,28,5-2,CHI,NFL,16,7,17,11,68,6.18,0,4.3,64.7%,4.00
1006,Ed Dickson\DickEd00,2010,23,3-70,BAL,NFL,15,3,23,11,152,13.82,1,10.1,47.8%,6.61
1007,Joel Dreessen\DreeJo00,2008,26,6-198,HOU,NFL,16,3,17,11,77,7.00,0,4.8,64.7%,4.53
1008,Rhett Ellison\ElliRh00,2015,27,4-128,MIN,NFL,15,9,19,11,124,11.27,1,8.3,57.9%,6.53
1009,Tim Euhus\EuhuTi00,2004,24,4-109,BUF,NFL,12,5,15,11,98,8.91,2,8.2,73.3%,6.53
1010,Chase Ford\FordCh00,2013,23,,MIN,NFL,9,0,16,11,133,12.09,0,14.8,68.8%,8.31
1011,Xavier Grimble\GrimXa00,2016,24,,PIT,NFL,13,2,21,11,118,10.73,2,9.1,52.4%,5.62
1012,Terry Hardy\HardTe00,2001,25,5-125,ARI,NFL,8,6,22,11,79,7.18,2,9.9,50.0%,3.59
1013,Tyler Higbee\HigbTy00,2016,23,4-110,LAR,NFL,16,7,29,11,85,7.73,1,5.3,37.9%,2.93
1014,Michael Hoomanawanui\HoomMi00,2015,27,5-132,2TM,NFL,14,8,16,11,76,6.91,3,5.4,68.8%,4.75
1015,Tory Humphrey\HumpTo00,2008,25,,GNB,NFL,16,7,17,11,162,14.73,0,10.1,64.7%,9.53
1016,Nate Jackson\JackNa00,2008,29,,DEN,NFL,10,3,17,11,84,7.64,1,8.4,64.7%,4.94
1017,Terry Jones\JoneTe00,2002,23,5-155,BAL,NFL,14,6,21,11,106,9.64,1,7.6,52.4%,5.05
1018,Joe Klopfenstein\KlopJo00,2008,25,2-46,STL,NFL,16,10,19,11,123,11.18,0,7.7,57.9%,6.47
1019,Tyler Kroft\KrofTy00,2015,23,3-85,CIN,NFL,16,6,15,11,129,11.73,1,8.1,73.3%,8.60
1020,Donald Lee\LeexDo00,2010,30,5-156,GNB,NFL,15,6,12,11,73,6.64,3,4.9,91.7%,6.08
1021,Donald Lee\LeexDo00,2011,31,5-156,CIN,NFL,9,4,13,11,115,10.45,0,12.8,84.6%,8.85
1022,Dustin Lyman\LymaDu00,2003,27,3-87,CHI,NFL,9,1,13,11,80,7.27,0,8.9,84.6%,6.15
1023,Dustin Lyman\LymaDu00,2004,28,3-87,CHI,NFL,16,10,23,11,73,6.64,1,4.6,47.8%,3.17
1024,John Madsen\MadsJo00,2006,23,,OAK,NFL,15,1,19,11,146,13.27,1,9.7,57.9%,7.68
1025,Randy McMichael\McMiRa01,2008,29,4-114,STL,NFL,4,4,21,11,139,12.64,0,34.8,52.4%,6.62
1026,Troy Niklas\NiklTr00,2017,25,2-52,ARI,NFL,15,11,23,11,132,12.00,1,8.8,47.8%,5.74
1027,Ben Patrick\PatrBe00,2008,24,7-215,ARI,NFL,10,3,18,11,104,9.45,0,10.4,61.1%,5.78
1028,Logan Paulsen\PaulLo00,2011,24,,WAS,NFL,16,6,19,11,138,12.55,0,8.6,57.9%,7.26
1029,Justin Peelle\PeelJu00,2005,26,4-103,SDG,NFL,16,4,20,11,38,3.45,1,2.4,55.0%,1.90
1030,Justin Perillo\PeriJu00,2015,24,,GNB,NFL,9,0,13,11,102,9.27,1,11.3,84.6%,7.85
1031,Konrad Reuland\ReulKo00,2012,25,,NYJ,NFL,16,3,16,11,83,7.55,0,5.2,68.8%,5.19
1032,Jeff Robinson\RobiJe00,2001,31,4-98,STL,NFL,16,6,13,11,108,9.82,1,6.8,84.6%,8.31
1033,Robert Royal\RoyaRo00,2009,30,5-160,CLE,NFL,13,11,26,11,134,12.18,1,10.3,42.3%,5.15
1034,Matt Schobel\SchoMa00,2007,29,3-67,PHI,NFL,15,6,21,11,108,9.82,1,7.2,52.4%,5.14
1035,Austin Seferian-Jenkins\SefeAu00,2018,26,2-38,JAX,NFL,5,5,20,11,90,8.18,1,18.0,55.0%,4.50
1036,Craig Stevens\StevCr00,2010,26,3-85,TEN,NFL,15,13,23,11,122,11.09,2,8.1,47.8%,5.30
1037,Tony Stewart\StewTo00,2008,29,5-147,OAK,NFL,16,4,15,11,81,7.36,0,5.1,73.3%,5.40
1038,Justin Swift\SwifJu00,2001,26,7-238,SFO,NFL,16,2,11,11,66,6.00,1,4.1,100.0%,6.00
1039,David Thomas\ThomDa02,2012,29,3-86,NOR,NFL,15,7,17,11,86,7.82,4,5.7,64.7%,5.06
1040,David Thomas\ThomDa02,2006,23,3-86,NWE,NFL,15,3,16,11,159,14.45,1,10.6,68.8%,9.94
1041,Ian Thomas\ThomIa00,2018,22,,CAR,NFL,7,3,17,11,87,7.91,0,12.4,64.7%,5.12
1042,Levine Toilolo\ToilLe00,2013,22,4-133,ATL,NFL,16,3,15,11,55,5.00,2,3.4,73.3%,3.67
1043,Ernest Wilford\WilfEr00,2009,30,4-120,JAX,NFL,15,7,21,11,123,11.18,1,8.2,52.4%,5.86
1044,Roland Williams\WillRo01,2000,25,4-98,STL,NFL,16,11,25,11,102,9.27,3,6.4,44.0%,4.08
1045,Dwayne Allen\AlleDw00,2017,27,3-64,NWE,NFL,16,8,22,10,86,8.60,1,5.4,45.5%,3.91
1046,Cam Cleeland\CleeCa00,2003,28,2-40,STL,NFL,16,10,16,10,145,14.50,0,9.1,62.5%,9.06
1047,Ernie Conwell\ConwEr00,2004,32,2-59,NOR,NFL,16,11,19,10,102,10.20,1,6.4,52.6%,5.37
1048,Zack Crockett\CrocZa00,2006,34,3-79,OAK,NFL,16,9,17,10,53,5.30,0,3.3,58.8%,3.12
1049,Jason Croom\CrooJa00,2018,24,,BUF,NFL,8,0,16,10,95,9.50,1,11.9,62.5%,5.94
1050,Vernon Davis\DaviVe00,2018,34,1-6,WAS,NFL,7,6,13,10,170,17.00,1,24.3,76.9%,13.08
1051,Seth Devalve\DevaSe00,2016,23,4-138,CLE,NFL,12,2,12,10,127,12.70,2,10.6,83.3%,10.58
1052,Ed Dickson\DickEd00,2016,29,3-70,CAR,NFL,16,8,19,10,134,13.40,1,8.4,52.6%,7.05
1053,Ed Dickson\DickEd00,2014,27,3-70,CAR,NFL,16,10,17,10,115,11.50,1,7.2,58.8%,6.76
1054,Greg Estandia\EstaGr01,2008,26,,JAX,NFL,16,1,15,10,113,11.30,0,7.1,66.7%,7.53
1055,Gerald Everett\EverGe00,2018,24,2-44,LAR,NFL,8,0,16,10,98,9.80,0,12.3,62.5%,6.13
1056,Derek Fine\FineDe00,2008,25,4-132,BUF,NFL,10,5,12,10,94,9.40,1,9.4,83.3%,7.83
1057,Casey Fitzsimmons\FitzCa00,2004,24,,DET,NFL,16,2,14,10,103,10.30,0,6.4,71.4%,7.36
1058,Casey Fitzsimmons\FitzCa00,2005,25,,DET,NFL,14,2,17,10,45,4.50,1,3.2,58.8%,2.65
1059,Zeron Flemister\FlemZe00,2002,26,,WAS,NFL,15,7,26,10,146,14.60,2,9.7,38.5%,5.62
1060,Chris Gedney\GednCh00,2000,30,3-61,ARI,NFL,13,3,16,10,75,7.50,0,5.8,62.5%,4.69
1061,Crockett Gillmore\GillCr00,2014,23,3-99,BAL,NFL,15,1,15,10,121,12.10,1,8.1,66.7%,8.07
1062,John Gilmore\GilmJo00,2002,23,6-196,CHI,NFL,8,4,14,10,130,13.00,0,16.3,71.4%,9.29
1063,Ryan Griffin\GrifRy00,2018,28,6-201,HOU,NFL,6,6,25,10,140,14.00,0,23.3,40.0%,5.60
1064,Ryan Griffin\GrifRy00,2014,24,6-201,HOU,NFL,16,2,16,10,91,9.10,1,5.7,62.5%,5.69
1065,Steve Heiden\HeidSt00,2009,33,3-69,CLE,NFL,7,6,17,10,73,7.30,1,10.4,58.8%,4.29
1066,Ryan Hewitt\HewiRy00,2014,23,,CIN,NFL,16,11,15,10,86,8.60,0,5.4,66.7%,5.73
1067,Reggie Kelly\KellRe00,2010,33,2-42,CIN,NFL,16,14,13,10,42,4.20,0,2.6,76.9%,3.23
1068,Jim Kleinsasser\KleiJi00,2009,32,2-44,MIN,NFL,16,8,16,10,70,7.00,0,4.4,62.5%,4.38
1069,Brian Kozlowski\KozlBr00,2003,33,,ATL,NFL,16,9,27,10,87,8.70,0,5.4,37.0%,3.22
1070,Tyler Kroft\KrofTy00,2016,24,3-85,CIN,NFL,14,11,12,10,92,9.20,0,6.6,83.3%,7.67
1071,Donald Lee\LeexDo00,2006,26,5-156,GNB,NFL,15,2,21,10,150,15.00,0,10.0,47.6%,7.14
1072,Brandon Manumaleuna\ManuBr00,2007,27,4-129,SDG,NFL,16,12,15,10,86,8.60,1,5.4,66.7%,5.73
1073,Itula Mili\MiliIt00,2006,33,6-174,SEA,NFL,10,2,18,10,69,6.90,0,6.9,55.6%,3.83
1074,David Morgan\MorgDa01,2017,24,6-188,MIN,NFL,15,6,12,10,95,9.50,1,6.3,83.3%,7.92
1075,Michael Palmer\PalmMi00,2011,23,,ATL,NFL,16,2,16,10,72,7.20,1,4.5,62.5%,4.50
1076,Niles Paul\PaulNi00,2018,29,5-155,JAX,NFL,6,1,13,10,98,9.80,0,16.3,76.9%,7.54
1077,Justin Peelle\PeelJu00,2010,31,4-103,ATL,NFL,13,8,15,10,96,9.60,1,7.4,66.7%,6.40
1078,Justin Peelle\PeelJu00,2004,25,4-103,SDG,NFL,16,4,20,10,84,8.40,2,5.3,50.0%,4.20
1079,Brandon Pettigrew\PettBr00,2014,29,1-20,DET,NFL,14,9,15,10,70,7.00,0,5.0,66.7%,4.67
1080,John Phillips\PhilJo00,2015,28,6-208,SDG,NFL,16,5,11,10,69,6.90,1,4.3,90.9%,6.27
1081,John Phillips\PhilJo00,2016,29,6-208,2TM,NFL,16,7,15,10,72,7.20,1,4.5,66.7%,4.80
1082,Leonard Pope\PopeLe00,2010,27,3-72,KAN,NFL,16,6,19,10,76,7.60,2,4.8,52.6%,4.00
1083,MyCole Pruitt\PruiMy00,2015,23,5-143,MIN,NFL,16,3,16,10,89,8.90,0,5.6,62.5%,5.56
1084,Walter Rasby\RasbWa00,2000,28,,DET,NFL,16,8,15,10,78,7.80,1,4.9,66.7%,5.20
1085,Walter Rasby\RasbWa00,2001,29,,WAS,NFL,16,11,27,10,128,12.80,2,8.0,37.0%,4.74
1086,Jay Riemersma\RiemJa00,2003,30,7-244,PIT,NFL,11,7,23,10,138,13.80,1,12.5,43.5%,6.00
1087,Dante Rosario\RosaDa00,2012,28,5-155,SDG,NFL,13,2,18,10,95,9.50,3,7.3,55.6%,5.28
1088,Tom Santi\SantTo00,2008,23,6-196,IND,NFL,6,2,13,10,64,6.40,1,10.7,76.9%,4.92
1089,Visanthe Shiancoe\ShiaVi00,2003,23,3-91,NYG,NFL,16,7,23,10,56,5.60,2,3.5,43.5%,2.43
1090,Tony Stewart\StewTo00,2009,30,5-147,OAK,NFL,15,4,15,10,78,7.80,0,5.2,66.7%,5.20
1091,Tony Stewart\StewTo00,2004,25,5-147,CIN,NFL,16,9,25,10,48,4.80,1,3.0,40.0%,1.92
1092,Justin Swift\SwifJu00,2002,27,7-238,SFO,NFL,16,4,15,10,63,6.30,0,3.9,66.7%,4.20
1093,Jeff Thomason\ThomJe00,2000,31,,PHI,NFL,16,5,14,10,46,4.60,5,2.9,71.4%,3.29
1094,Jeff Thomason\ThomJe00,2002,33,,PHI,NFL,16,3,12,10,128,12.80,2,8.0,83.3%,10.67
1095,C.J. Uzomah\UzomC.00,2017,24,5-157,CIN,NFL,14,4,15,10,92,9.20,1,6.6,66.7%,6.13
1096,Aaron Walker\WalkAa00,2004,24,5-161,SFO,NFL,16,4,15,10,115,11.50,0,7.2,66.7%,7.67
1097,Delanie Walker\WalkHu00,2008,24,6-175,SFO,NFL,15,2,16,10,155,15.50,1,10.3,62.5%,9.69
1098,Darren Waller\WallDa01,2016,24,6-204,BAL,NFL,12,3,17,10,85,8.50,2,7.1,58.8%,5.00
1099,Jed Weaver\WeavJe00,2000,24,7-208,MIA,NFL,16,0,15,10,179,17.90,0,11.2,66.7%,11.93
1100,Jermaine Wiggins\WiggJe00,2002,27,,2TM,NFL,14,1,15,10,62,6.20,1,4.4,66.7%,4.13
