Rk,Player,Year,Age,Draft,Tm,Lg,G,GS
1,Bradley Pinion\PiniBr00,2015,21,5-165,SFO,NFL,16,0
2,Roberto Aguayo\AguaRo00,2016,22,2-59,TAM,NFL,16,0
3,Connor Barth\barthco01,2008,22,,KAN,NFL,10,0
4,Corey Bojorquez\BojoCo00,2018,22,,BUF,NFL,8,0
5,Kyle Brindza\BrinKy00,2015,22,,TAM,NFL,4,0
6,David Buehler\BuehDa44,2009,22,5-172,DAL,NFL,16,0
7,Harrison Butker\ButkHa00,2017,22,7-233,KAN,NFL,13,0
8,Billy Cundiff\cundibil01,2002,22,,DAL,NFL,16,0
9,Michael Dickson\DickMi00,2018,22,,SEA,NFL,7,0
10,Paul Edinger\edingpau01,2000,22,6-174,CHI,NFL,16,0
11,Jake Elliott\ElliJa03,2017,22,5-153,PHI,NFL,15,0
12,Hayden Epstein\epstehay01,2002,22,7-247,2TM,NFL,15,0
13,Andrew Franks\FranAn01,2015,22,,MIA,NFL,16,0
14,Graham Gano\GanoGr44,2009,22,,WAS,NFL,4,0
15,Zane Gonzalez\GonzZa00,2017,22,7-224,CLE,NFL,16,0
16,Stephen Gostkowski\GostSt20,2006,22,4-118,NWE,NFL,16,0
17,Garrett Hartley\HartGa00,2008,22,,NOR,NFL,8,0
18,Johnny Hekker\HekkJo00,2012,22,,STL,NFL,16,0
19,Chas Henry\HenrCh02,2011,22,,PHI,NFL,16,0
20,Sebastian Janikowski\janikseb01,2000,22,1-17,OAK,NFL,14,0
21,Eddie Johnson\JohnEd22,2003,22,6-180,MIN,NFL,14,0
22,Chris Jones\JoneCh02,2011,22,,DAL,NFL,2,0
23,Nate Kaeding\kaedinat01,2004,22,3-65,SDG,NFL,16,0
24,Brett Kern\KernBr20,2008,22,,DEN,NFL,16,0
25,Andy Lee\LeexAn20,2004,22,6-188,SFO,NFL,16,0
26,Wil Lutz\LutzWi00,2016,22,,NOR,NFL,16,0
27,Robert Malone\MaloRo00,2010,22,,TAM,NFL,12,0
28,Seth Marler\marleset01,2003,22,,JAX,NFL,16,0
29,Pat McAfee\McAfPa44,2009,22,7-222,IND,NFL,16,0
30,Cody Parkey\ParkCo03,2014,22,,PHI,NFL,16,0
31,Bradley Pinion\PiniBr00,2016,22,5-165,SFO,NFL,16,0
32,Ryan Plackemeier\PlacRy20,2006,22,7-239,SEA,NFL,16,0
33,Josh Scobee\scobejos01,2004,22,5-137,JAX,NFL,16,0
34,JK Scott\ScotJK00,2018,22,,GNB,NFL,7,0
35,Blair Walsh\WalsBl00,2012,22,6-175,MIN,NFL,16,0
36,Ryan Allen\AlleRy01,2013,23,,NWE,NFL,16,0
37,Jake Arians\arianjak01,2001,23,,BUF,NFL,10,0
38,Mike Badgley\BadgMi00,2018,23,,LAC,NFL,2,0
39,Dan Bailey\BailDa00,2011,23,,DAL,NFL,16,0
40,Jason Baker\BakeJa20,2001,23,,SFO,NFL,16,0
41,John Baker\BakeJo21,2000,23,,STL,NFL,15,0
42,Connor Barth\barthco01,2009,23,,TAM,NFL,9,0
43,Durant Brooks\BrooDu20,2008,23,6-168,WAS,NFL,6,0
44,David Buehler\BuehDa44,2010,23,5-172,DAL,NFL,16,0
45,Randy Bullock\BullRa00,2012,23,5-161,HOU,NFL,,
46,Harrison Butker\ButkHa00,2018,23,7-233,KAN,NFL,8,0
47,Drew Butler\ButlDr00,2012,23,,PIT,NFL,16,0
48,Jorrick Calvin\CalvJo99,2010,23,6-201,PHI,NFL,12,0
49,Daniel Carlson\CarlDa00,2018,23,,2TM,NFL,4,0
50,Dan Carpenter\CarpDa44,2008,23,,MIA,NFL,16,0
51,Chandler Catanzaro\CataCh00,2014,23,,ARI,NFL,16,0
52,Jeff Chandler\chandjef01,2002,23,4-102,SFO,NFL,6,0
53,Dustin Colquitt\ColqDu20,2005,23,3-99,KAN,NFL,16,0
54,Logan Cooke\CookLo00,2018,23,,JAX,NFL,8,0
55,Travis Coons\CoonTr00,2015,23,,CLE,NFL,16,0
56,Mason Crosby\CrosMa20,2007,23,6-193,GNB,NFL,16,0
57,Billy Cundiff\cundibil01,2003,23,,DAL,NFL,15,0
58,Matt Darr\DarrMa00,2015,23,,MIA,NFL,16,0
59,Riley Dixon\DixoRi00,2016,23,7-228,DEN,NFL,16,0
60,Matt Dodge\DodgMa99,2010,23,7-221,NYG,NFL,16,0
61,Ryan Donahue\DonaRy00,2011,23,,DET,NFL,8,0
62,Travis Dorsch\DorsTr20,2002,23,4-109,CIN,NFL,1,0
63,Paul Edinger\edingpau01,2001,23,6-174,CHI,NFL,16,0
64,Jake Elliott\ElliJa03,2018,23,5-153,PHI,NFL,8,0
65,Paul Ernster\ErnsPa20,2005,23,7-239,DEN,NFL,1,0
66,Ka'imi Fairbairn\FairKa01,2017,23,,HOU,NFL,16,0
67,Brandon Fields\FielBr20,2007,23,7-225,MIA,NFL,16,0
68,Nick Folk\FolkNi20,2007,23,6-178,DAL,NFL,16,0
69,Andrew Franks\FranAn01,2016,23,,MIA,NFL,16,0
70,Andrew Furney\FurnAn00,2014,23,,NYJ,NFL,0,
71,Graham Gano\GanoGr44,2010,23,,WAS,NFL,16,0
72,Zane Gonzalez\GonzZa00,2018,23,7-224,CLE,NFL,2,0
73,Stephen Gostkowski\GostSt20,2007,23,4-118,NWE,NFL,16,0
74,Bill Gramatica\gramabil01,2001,23,4-98,ARI,NFL,13,0
75,Matt Haack\HaacMa00,2017,23,,MIA,NFL,16,0
76,Nick Harris\HarrNi20,2001,23,4-120,CIN,NFL,16,0
77,Garrett Hartley\HartGa00,2009,23,,NOR,NFL,5,0
78,Steven Hauschka\HausSt00,2008,23,,BAL,NFL,8,0
79,Johnny Hekker\HekkJo00,2013,23,,STL,NFL,16,0
80,Chas Henry\HenrCh02,2012,23,,PHI,NFL,3,0
81,Kris Heppner\heppnkri01,2000,23,,2TM,NFL,8,0
82,Reggie Hodges\HodgRe20,2005,23,6-210,2TM,NFL,8,0
83,Sebastian Janikowski\janikseb01,2001,23,1-17,OAK,NFL,15,0
84,Craig Jarrett\JarrCr20,2002,23,6-194,WAS,NFL,4,0
85,J.R. Jenkins\JenkJ.20,2002,23,,BAL,NFL,7,0
86,Chris Jones\JoneCh02,2012,23,,DAL,NFL,4,0
87,Nate Kaeding\kaedinat01,2005,23,3-65,SDG,NFL,16,0
88,Jeremy Kapinos\KapiJe20,2007,23,,NYJ,NFL,1,0
89,Drew Kaser\KaseDr00,2016,23,6-179,SDG,NFL,16,0
90,Brett Kern\KernBr20,2009,23,,2TM,NFL,16,0
91,Michael Koenen\koenemic01,2005,23,,ATL,NFL,16,0
92,Younghoe Koo\KooxYo00,2017,23,,LAC,NFL,4,0
93,Andy Lee\LeexAn20,2005,23,6-188,SFO,NFL,16,0
94,Rian Lindell\linderia01,2000,23,,SEA,NFL,12,0
95,Wil Lutz\LutzWi00,2017,23,,NOR,NFL,16,0
96,Robert Malone\MaloRo00,2011,23,,DET,NFL,1,0
97,Sam Martin\MartSa01,2013,23,5-165,DET,NFL,16,0
98,Tim Masthay\MastTi99,2010,23,,GNB,NFL,16,0
99,Pat McAfee\McAfPa44,2010,23,7-222,IND,NFL,15,0
100,Brandon McManus\McMaBr01,2014,23,,DEN,NFL,15,0
101,Taylor Mehlhaff\MehlTa99,2008,23,6-178,NOR,NFL,3,0
102,Thomas Morstead\MorsTh00,2009,23,5-164,NOR,NFL,16,0
103,Patrick Murray\MurrPa01,2014,23,,TAM,NFL,16,0
104,Brad Nortman\NortBr00,2012,23,6-207,CAR,NFL,16,0
105,Mike Nugent\nugenmik01,2005,23,2-47,NYJ,NFL,16,0
106,Pat O'Donnell\ODonPa00,2014,23,6-191,CHI,NFL,16,0
107,Cody Parkey\ParkCo03,2015,23,,PHI,NFL,3,0
108,Sam Paulescu\PaulSa20,2007,23,,DEN,NFL,1,0
109,Bradley Pinion\PiniBr00,2017,23,5-165,SFO,NFL,16,0
110,Ryan Plackemeier\PlacRy20,2007,23,7-239,SEA,NFL,16,0
111,John Potter\PottJo00,2013,23,7-251,WAS,NFL,3,0
112,Matt Prater\PratMa20,2007,23,,2TM,NFL,4,0
113,Ryan Quigley\QuigRy00,2013,23,,NYJ,NFL,14,0
114,Dave Rayner\raynedav01,2005,23,6-202,IND,NFL,14,0
115,Jeff Reed\reedxjef01,2002,23,,PIT,NFL,6,0
116,Aldrick Rosas\RosaAl00,2017,23,,NYG,NFL,16,0
117,Nick Rose\RoseNi00,2017,23,,2TM,NFL,10,0
118,Rigoberto Sanchez\SancRi00,2017,23,,IND,NFL,16,0
119,Jason Sanders\SandJa00,2018,23,,MIA,NFL,8,0
120,Cairo Santos\SantCa01,2014,23,,KAN,NFL,16,0
121,Mike Scifres\ScifMi20,2003,23,5-149,SDG,NFL,6,0
122,Josh Scobee\scobejos01,2005,23,5-137,JAX,NFL,16,0
123,Daniel Sepulveda\SepuDa20,2007,23,4-112,PIT,NFL,16,0
124,Hunter Smith\SmitHu21,2000,23,7-210,IND,NFL,16,0
125,Ryan Succop\SuccRy44,2009,23,7-256,KAN,NFL,16,0
126,Johnny Townsend\TownJo01,2018,23,,OAK,NFL,8,0
127,Justin Tucker\TuckJu00,2012,23,,BAL,NFL,16,0
128,Colby Wadman\WadmCo00,2018,23,,DEN,NFL,4,0
129,Blair Walsh\WalsBl00,2013,23,6-175,MIN,NFL,16,0
130,Brad Wing\WingBr00,2014,23,,PIT,NFL,16,0
131,Ryan Allen\AlleRy01,2014,24,,NWE,NFL,16,0
132,Bryan Anger\AngeBr00,2012,24,3-70,JAX,NFL,16,0
133,Dan Bailey\BailDa00,2012,24,,DAL,NFL,16,0
134,Jason Baker\BakeJa20,2002,24,,2TM,NFL,13,0
135,John Baker\BakeJo21,2001,24,,STL,NFL,16,0
136,Brooks Barnard\BarnBr20,2003,24,,NWE,NFL,1,0
137,Connor Barth\barthco01,2010,24,,TAM,NFL,16,0
138,Brent Bartholomew\BartBr20,2000,24,6-192,CHI,NFL,7,0
139,Jordan Berry\BerrJo00,2015,24,,PIT,NFL,16,0
140,Josh Bidwell\BidwJo20,2000,24,4-133,GNB,NFL,16,0
141,Matthew Bosher\BoshMa00,2011,24,6-192,ATL,NFL,16,0
142,Chris Boswell\BoswCh00,2015,24,,PIT,NFL,12,0
143,Danny Boyd\boydxdan01,2002,24,,JAX,NFL,4,0
144,Josh Brown\brownjos01,2003,24,7-222,SEA,NFL,16,0
145,Kris Brown\brownkri01,2000,24,7-228,PIT,NFL,16,0
146,David Buehler\BuehDa44,2011,24,5-172,DAL,NFL,4,0
147,Randy Bullock\BullRa00,2013,24,5-161,HOU,NFL,16,0
148,Barry Cantrell\CantBa20,2000,24,,DAL,NFL,2,0
149,Dan Carpenter\CarpDa44,2009,24,,MIA,NFL,16,0
150,Todd Carter\CartTo21,2010,24,,CAR,NFL,1,0
151,Chandler Catanzaro\CataCh00,2015,24,,ARI,NFL,16,0
152,Jeff Chandler\chandjef01,2003,24,4-102,SFO,NFL,2,0
153,Jadeveon Clowney\ClowJa00,2017,24,1-1,HOU,NFL,16,16
154,Dustin Colquitt\ColqDu20,2006,24,3-99,KAN,NFL,16,0
155,Mason Crosby\CrosMa20,2008,24,6-193,GNB,NFL,16,0
156,Billy Cundiff\cundibil01,2004,24,,DAL,NFL,16,0
157,Trevor Daniel\DaniTr00,2018,24,,HOU,NFL,8,0
158,Matt Darr\DarrMa00,2016,24,,MIA,NFL,16,0
159,Riley Dixon\DixoRi00,2017,24,7-228,DEN,NFL,16,0
160,Tim Duncan\duncatim0,2003,24,,ARI,NFL,5,0
161,Paul Edinger\edingpau01,2002,24,6-174,CHI,NFL,16,0
162,Lac Edwards\EdwaLa01,2016,24,7-235,NYJ,NFL,16,0
163,Paul Ernster\ErnsPa20,2006,24,7-239,DEN,NFL,16,0
164,Ka'imi Fairbairn\FairKa01,2018,24,,HOU,NFL,8,0
165,Brandon Fields\FielBr20,2008,24,7-225,MIA,NFL,16,0
166,Nick Folk\FolkNi20,2008,24,6-178,DAL,NFL,16,0
167,Nate Freese\FreeNa00,2014,24,7-229,DET,NFL,3,0
168,Derrick Frost\FrosDe20,2004,24,,CLE,NFL,16,0
169,Graham Gano\GanoGr44,2011,24,,WAS,NFL,16,0
170,Jordan Gay\GayxJo00,2014,24,,BUF,NFL,16,0
171,Kenny Golladay\GollKe00,2017,24,3-96,DET,NFL,11,5
172,Stephen Gostkowski\GostSt20,2008,24,4-118,NWE,NFL,16,0
173,Robbie Gould\gouldrob01,2005,24,,CHI,NFL,13,0
174,Shayne Graham\grahasha01,2001,24,,BUF,NFL,6,0
175,Bill Gramatica\gramabil01,2002,24,4-98,ARI,NFL,16,0
176,Matt Haack\HaacMa00,2018,24,,MIA,NFL,8,0
177,Jeff Hall\HallJe20,2000,24,6-181,STL,NFL,3,0
178,Nick Harris\HarrNi20,2002,24,4-120,CIN,NFL,15,0
179,Garrett Hartley\HartGa00,2010,24,,NOR,NFL,14,0
180,Brett Hartmann\HartBr01,2011,24,,HOU,NFL,12,0
181,Steven Hauschka\HausSt00,2009,24,,BAL,NFL,9,0
182,Johnny Hekker\HekkJo00,2014,24,,STL,NFL,16,0
183,Alex Henery\HeneAl00,2011,24,4-120,PHI,NFL,16,0
184,Zach Hocker\HockZa00,2015,24,7-228,2TM,NFL,8,0
185,Jaret Holmes\holmejar01,2000,24,,NYG,NFL,4,0
186,Dustin Hopkins\HopkDu00,2014,24,6-177,NOR,NFL,0,
187,Kevin Huber\HubeKe20,2009,24,5-142,CIN,NFL,16,0
188,Sebastian Janikowski\janikseb01,2002,24,1-17,OAK,NFL,16,0
189,Chris Jones\JoneCh02,2013,24,,DAL,NFL,16,0
190,Donnie Jones\JoneDo21,2004,24,7-224,SEA,NFL,6,0
191,Greg Joseph\JoseGr00,2018,24,,CLE,NFL,6,0
192,Nate Kaeding\kaedinat01,2006,24,3-65,SDG,NFL,16,0
193,Jeremy Kapinos\KapiJe20,2008,24,,GNB,NFL,4,0
194,Drew Kaser\KaseDr00,2017,24,6-179,LAC,NFL,16,0
195,Brett Kern\KernBr20,2010,24,,TEN,NFL,16,0
196,Marquette King\KingMa00,2012,24,,OAK,NFL,,
197,Chris Kluwe\KluwCh20,2005,24,,MIN,NFL,15,0
198,Sam Koch\KochSa20,2006,24,6-203,BAL,NFL,16,0
199,Michael Koenen\koenemic01,2006,24,,ATL,NFL,16,0
200,Kyle Larson\LarsKy20,2004,24,,CIN,NFL,16,0
201,Shane Lechler\LechSh20,2000,24,5-142,OAK,NFL,16,0
202,Andy Lee\LeexAn20,2006,24,6-188,SFO,NFL,16,0
203,Rian Lindell\linderia01,2001,24,,SEA,NFL,16,0
204,Jeff Locke\LockJe00,2013,24,5-155,MIN,NFL,16,0
205,Wil Lutz\LutzWi00,2018,24,,NOR,NFL,7,0
206,Robert Malone\MaloRo00,2012,24,,NYJ,NFL,16,0
207,Sam Martin\MartSa01,2014,24,5-165,DET,NFL,16,0
208,Tim Masthay\MastTi99,2011,24,,GNB,NFL,16,0
209,Pat McAfee\McAfPa44,2011,24,7-222,IND,NFL,16,0
210,Matthew McCrane\McCrMa00,2018,24,,OAK,NFL,3,0
211,Brandon McManus\McMaBr01,2015,24,,DEN,NFL,16,0
212,Justin Medlock\MedlJu20,2007,24,5-160,KAN,NFL,1,0
213,Zoltan Mesko\MeskZo99,2010,24,5-150,NWE,NFL,16,0
214,Thomas Morstead\MorsTh00,2010,24,5-164,NOR,NFL,16,0
215,Jason Myers\MyerJa00,2015,24,,JAX,NFL,16,0
216,Dallas Neil\NeilDa20,2000,24,,ATL,NFL,6,0
217,Brad Nortman\NortBr00,2013,24,6-207,CAR,NFL,16,0
218,Nick Novak\novaknic01,2005,24,,2TM,NFL,10,0
219,Mike Nugent\nugenmik01,2006,24,2-47,NYJ,NFL,16,0
220,Pat O'Donnell\ODonPa00,2015,24,6-191,CHI,NFL,15,0
221,Cedric Oglesby\oglesced01,2001,24,,ARI,NFL,3,0
222,Michael Palardy\PalaMi00,2016,24,,CAR,NFL,7,0
223,Cody Parkey\ParkCo03,2016,24,,CLE,NFL,14,0
224,Sam Paulescu\PaulSa20,2008,24,,DAL,NFL,10,0
225,Aaron Pettrey\PettAa00,2010,24,,CIN,NFL,2,0
226,Bradley Pinion\PiniBr00,2018,24,5-165,SFO,NFL,9,0
227,Ryan Plackemeier\PlacRy20,2008,24,7-239,2TM,NFL,11,0
228,Owen Pochman\pochmowe01,2001,24,7-216,NYG,NFL,10,0
229,Adam Podlesh\PodlAd20,2007,24,4-101,JAX,NFL,16,0
230,Shawn Powell\PoweSh00,2012,24,,BUF,NFL,13,0
231,Matt Prater\PratMa20,2008,24,,DEN,NFL,16,0
232,Ryan Quigley\QuigRy00,2014,24,,NYJ,NFL,16,0
233,Neil Rackers\rackenei01,2000,24,6-169,CIN,NFL,16,0
234,Dave Rayner\raynedav01,2006,24,6-202,GNB,NFL,16,0
235,Jeff Reed\reedxjef01,2003,24,,PIT,NFL,16,0
236,Wade Richey\richewad01,2000,24,,SFO,NFL,16,0
237,Aldrick Rosas\RosaAl00,2018,24,,NYG,NFL,8,0
238,Rigoberto Sanchez\SancRi00,2018,24,,IND,NFL,8,0
239,Cairo Santos\SantCa01,2015,24,,KAN,NFL,16,0
240,Colton Schmidt\SchmCo00,2014,24,,BUF,NFL,16,0
241,Ricky Schmitt\SchmRi00,2009,24,,SFO,NFL,1,0
242,Mike Scifres\ScifMi20,2004,24,5-149,SDG,NFL,16,0
243,Josh Scobee\scobejos01,2006,24,5-137,JAX,NFL,16,0
244,Hunter Smith\SmitHu21,2001,24,7-210,IND,NFL,16,0
245,Chad Stanley\StanCh20,2000,24,,SFO,NFL,16,0
246,Kevin Stemke\StemKe20,2002,24,,OAK,NFL,2,0
247,Caleb Sturgis\SturCa00,2013,24,5-166,MIA,NFL,16,0
248,Ryan Succop\SuccRy44,2010,24,7-256,KAN,NFL,16,0
249,Shaun Suisham\suishsha01,2005,24,,DAL,NFL,3,0
250,Matt Szymanski\SzymMa00,2012,24,,KAN,NFL,,
251,Justin Tucker\TuckJu00,2013,24,,BAL,NFL,16,0
252,Justin Vogel\VogeJu00,2017,24,,GNB,NFL,16,0
253,Blair Walsh\WalsBl00,2014,24,6-175,MIN,NFL,16,0
254,Tress Way\WayxTr00,2014,24,,WAS,NFL,16,0
255,Steve Weatherford\WeatSt20,2006,24,,NOR,NFL,16,0
256,Matt Wile\WileMa01,2016,24,,2TM,NFL,4,0
257,Rodney Williams\WillRo23,2001,24,7-252,NYG,NFL,15,0
258,Brad Wing\WingBr00,2015,24,,NYG,NFL,16,0
259,Dave Zastudil\ZastDa20,2002,24,4-112,BAL,NFL,16,0
260,Matt Allen\AlleMa20,2002,25,,NYG,NFL,14,0
261,Ryan Allen\AlleRy01,2015,25,,NWE,NFL,16,0
262,Bryan Anger\AngeBr00,2013,25,3-70,JAX,NFL,16,0
263,Dan Bailey\BailDa00,2013,25,,DAL,NFL,16,0
264,Jason Baker\BakeJa20,2003,25,,KAN,NFL,16,0
265,Connor Barth\barthco01,2011,25,,TAM,NFL,16,0
266,Jordan Berry\BerrJo00,2016,25,,PIT,NFL,16,0
267,Josh Bidwell\BidwJo20,2001,25,4-133,GNB,NFL,16,0
268,Matthew Bosher\BoshMa00,2012,25,6-192,ATL,NFL,16,0
269,Chris Boswell\BoswCh00,2016,25,,PIT,NFL,15,0
270,Josh Brown\brownjos01,2004,25,7-222,SEA,NFL,16,0
271,Kris Brown\brownkri01,2001,25,7-228,PIT,NFL,16,0
272,Randy Bullock\BullRa00,2014,25,5-161,HOU,NFL,16,0
273,Drew Butler\ButlDr00,2014,25,,ARI,NFL,15,0
274,Dan Carpenter\CarpDa44,2010,25,,MIA,NFL,16,0
275,Chandler Catanzaro\CataCh00,2016,25,,ARI,NFL,16,0
276,Jeff Chandler\chandjef01,2004,25,4-102,2TM,NFL,5,0
277,Britton Colquitt\ColqBr00,2010,25,,DEN,NFL,16,0
278,Dustin Colquitt\ColqDu20,2007,25,3-99,KAN,NFL,16,0
279,Brett Conway\conwabre01,2000,25,3-90,3TM,NFL,4,0
280,Travis Coons\CoonTr00,2017,25,,LAC,NFL,3,0
281,Mason Crosby\CrosMa20,2009,25,6-193,GNB,NFL,16,0
282,Billy Cundiff\cundibil01,2005,25,,DAL,NFL,6,0
283,Phil Dawson\dawsophi01,2000,25,,CLE,NFL,16,0
284,Riley Dixon\DixoRi00,2018,25,7-228,NYG,NFL,8,0
285,King Dunlap\DunlKi20,2010,25,7-230,PHI,NFL,14,5
286,Paul Edinger\edingpau01,2003,25,6-174,CHI,NFL,16,0
287,Lac Edwards\EdwaLa01,2017,25,7-235,NYJ,NFL,16,0
288,Aaron Elling\ellinaar01,2003,25,,MIN,NFL,16,0
289,Paul Ernster\ErnsPa20,2007,25,7-239,2TM,NFL,2,0
290,Jay Feely\feelyjay01,2001,25,,ATL,NFL,16,0
291,Sam Ficken\FickSa00,2017,25,,LAR,NFL,2,0
292,Brandon Fields\FielBr20,2009,25,7-225,MIA,NFL,16,0
293,Filip Filipovic\FiliFi20,2002,25,,DAL,NFL,9,0
294,Ryan Flinn\FlinRy20,2005,25,,GNB,NFL,2,0
295,Nick Folk\FolkNi20,2009,25,6-178,DAL,NFL,14,0
296,Kai Forbath\ForbKa00,2012,25,,WAS,NFL,11,0
297,Todd France\franctod01,2005,25,,2TM,NFL,4,0
298,Derrick Frost\FrosDe20,2005,25,,WAS,NFL,14,0
299,Graham Gano\GanoGr44,2012,25,,CAR,NFL,6,0
300,Jordan Gay\GayxJo00,2015,25,,BUF,NFL,14,0
301,Stephen Gostkowski\GostSt20,2009,25,4-118,NWE,NFL,16,0
302,Robbie Gould\gouldrob01,2006,25,,CHI,NFL,16,0
303,Toby Gowin\gowintob01,2000,25,,NOR,NFL,16,0
304,Shayne Graham\grahasha01,2002,25,,CAR,NFL,11,0
305,Bill Gramatica\gramabil01,2003,25,4-98,ARI,NFL,4,0
306,Martin Gramatica\gramamar01,2000,25,3-80,TAM,NFL,16,0
307,Chris Hanson\HansCh20,2001,25,,JAX,NFL,16,0
308,Nick Harris\HarrNi20,2003,25,4-120,2TM,NFL,16,0
309,Steven Hauschka\HausSt00,2010,25,,DEN,NFL,4,0
310,Johnny Hekker\HekkJo00,2015,25,,STL,NFL,16,0
311,Alex Henery\HeneAl00,2012,25,4-120,PHI,NFL,16,0
312,Jaret Holmes\holmejar01,2001,25,,JAX,NFL,4,0
313,Dustin Hopkins\HopkDu00,2015,25,6-177,WAS,NFL,15,0
314,Kevin Huber\HubeKe20,2010,25,5-142,CIN,NFL,16,0
315,Sebastian Janikowski\janikseb01,2003,25,1-17,OAK,NFL,16,0
316,Chris Jones\JoneCh02,2014,25,,DAL,NFL,16,0
317,Donnie Jones\JoneDo21,2005,25,7-224,MIA,NFL,16,0
318,Nate Kaeding\kaedinat01,2007,25,3-65,SDG,NFL,16,0
319,Jeremy Kapinos\KapiJe20,2009,25,,GNB,NFL,16,0
320,Drew Kaser\KaseDr00,2018,25,6-179,LAC,NFL,4,0
321,Brett Kern\KernBr20,2011,25,,TEN,NFL,16,0
322,Marquette King\KingMa00,2013,25,,OAK,NFL,16,0
323,Chris Kluwe\KluwCh20,2006,25,,MIN,NFL,16,0
324,Micah Knorr\knorrmic01,2000,25,,DAL,NFL,14,0
325,Sam Koch\KochSa20,2007,25,6-203,BAL,NFL,16,0
326,Marshall Koehn\KoehMa00,2017,25,,CIN,NFL,1,0
327,Michael Koenen\koenemic01,2007,25,,ATL,NFL,16,0
328,Josh Lambo\LambJo00,2015,25,,SDG,NFL,16,0
329,Spencer Lanning\LannSp00,2013,25,,CLE,NFL,16,0
330,Kyle Larson\LarsKy20,2005,25,,CIN,NFL,16,0
331,Shane Lechler\LechSh20,2001,25,5-142,OAK,NFL,16,0
332,Andy Lee\LeexAn20,2007,25,6-188,SFO,NFL,16,0
333,Rian Lindell\linderia01,2002,25,,SEA,NFL,16,0
334,Rhys Lloyd\LloyRh44,2007,25,,2TM,NFL,3,0
335,Jeff Locke\LockJe00,2014,25,5-155,MIN,NFL,16,0
336,Robert Malone\MaloRo00,2013,25,,NYJ,NFL,2,0
337,Sam Martin\MartSa01,2015,25,5-165,DET,NFL,16,0
338,Tim Masthay\MastTi99,2012,25,,GNB,NFL,16,0
339,Pat McAfee\McAfPa44,2012,25,7-222,IND,NFL,16,0
340,Mat McBriar\McBrMa20,2004,25,,DAL,NFL,16,0
341,Brandon McManus\McMaBr01,2016,25,,DEN,NFL,16,0
342,Zoltan Mesko\MeskZo99,2011,25,5-150,NWE,NFL,16,0
343,Brian Moorman\MoorBr24,2001,25,,BUF,NFL,16,0
344,Thomas Morstead\MorsTh00,2011,25,5-164,NOR,NFL,16,0
345,Nick Murphy\MurpNi20,2004,25,,2TM,NFL,5,0
346,Patrick Murray\MurrPa01,2016,25,,CLE,NFL,2,0
347,Jason Myers\MyerJa00,2016,25,,JAX,NFL,16,0
348,Brad Nortman\NortBr00,2014,25,6-207,CAR,NFL,16,0
349,Nick Novak\novaknic01,2006,25,,WAS,NFL,6,0
350,Mike Nugent\nugenmik01,2007,25,2-47,NYJ,NFL,16,0
351,Pat O'Donnell\ODonPa00,2016,25,6-191,CHI,NFL,16,0
352,Michael Palardy\PalaMi00,2017,25,,CAR,NFL,16,0
353,Cody Parkey\ParkCo03,2017,25,,MIA,NFL,16,0
354,Sam Paulescu\PaulSa20,2009,25,,2TM,NFL,6,0
355,Adam Podlesh\PodlAd20,2008,25,4-101,JAX,NFL,11,0
356,Daniel Pope\PopeDa20,2000,25,,CIN,NFL,16,0
357,Shawn Powell\PoweSh00,2013,25,,2TM,NFL,7,0
358,Matt Prater\PratMa20,2009,25,,DEN,NFL,16,0
359,Ryan Quigley\QuigRy00,2015,25,,NYJ,NFL,15,0
360,Neil Rackers\rackenei01,2001,25,6-169,CIN,NFL,16,0
361,Dave Rayner\raynedav01,2007,25,6-202,2TM,NFL,11,0
362,Jeff Reed\reedxjef01,2004,25,,PIT,NFL,16,0
363,Wade Richey\richewad01,2001,25,,SDG,NFL,16,0
364,Jon Ryan\RyanJo21,2006,25,,GNB,NFL,16,0
365,B.J. Sander\SandB.20,2005,25,3-87,GNB,NFL,14,0
366,Cairo Santos\SantCa01,2016,25,,KAN,NFL,16,0
367,Colton Schmidt\SchmCo00,2015,25,,BUF,NFL,16,0
368,Jake Schum\SchuJa00,2014,25,,2TM,NFL,0,
369,Mike Scifres\ScifMi20,2005,25,5-149,SDG,NFL,16,0
370,Josh Scobee\scobejos01,2007,25,5-137,JAX,NFL,8,0
371,Daniel Sepulveda\SepuDa20,2009,25,4-112,PIT,NFL,16,0
372,Hunter Smith\SmitHu21,2002,25,7-210,IND,NFL,16,0
373,Chad Stanley\StanCh20,2001,25,,ARI,NFL,4,0
374,Clint Stitser\StitCl00,2010,25,,CIN,NFL,5,0
375,Caleb Sturgis\SturCa00,2014,25,5-166,MIA,NFL,16,0
376,Ryan Succop\SuccRy44,2011,25,7-256,KAN,NFL,16,0
377,Shaun Suisham\suishsha01,2006,25,,2TM,NFL,8,0
378,Brett Swain\SwaiBr00,2010,25,7-217,GNB,NFL,16,1
379,Justin Tucker\TuckJu00,2014,25,,BAL,NFL,16,0
380,Blair Walsh\WalsBl00,2015,25,6-175,MIN,NFL,16,0
381,Tress Way\WayxTr00,2015,25,,WAS,NFL,16,0
382,Steve Weatherford\WeatSt20,2007,25,,NOR,NFL,16,0
383,Brad Wing\WingBr00,2016,25,,NYG,NFL,16,0
384,Dave Zastudil\ZastDa20,2003,25,4-112,BAL,NFL,16,0
385,Greg Zuerlein\ZuerGr00,2012,25,6-171,STL,NFL,16,0
386,David Akers\akersdav01,2000,26,,PHI,NFL,16,0
387,Ryan Allen\AlleRy01,2016,26,,NWE,NFL,16,0
388,Bryan Anger\AngeBr00,2014,26,3-70,JAX,NFL,16,0
389,Dan Bailey\BailDa00,2014,26,,DAL,NFL,16,0
390,Jason Baker\BakeJa20,2004,26,,3TM,NFL,10,0
391,Connor Barth\barthco01,2012,26,,TAM,NFL,15,0
392,Scott Bentley\bentlsco01,2000,26,,2TM,NFL,7,0
393,Jordan Berry\BerrJo00,2017,26,,PIT,NFL,16,0
394,Josh Bidwell\BidwJo20,2002,26,4-133,GNB,NFL,16,0
395,Matthew Bosher\BoshMa00,2013,26,6-192,ATL,NFL,16,0
396,Chris Boswell\BoswCh00,2017,26,,PIT,NFL,16,0
397,Josh Brown\brownjos01,2005,26,7-222,SEA,NFL,16,0
398,Kris Brown\brownkri01,2002,26,7-228,HOU,NFL,16,0
399,Randy Bullock\BullRa00,2015,26,5-161,2TM,NFL,11,0
400,Drew Butler\ButlDr00,2015,26,,ARI,NFL,16,0
401,Dan Carpenter\CarpDa44,2011,26,,MIA,NFL,14,0
402,Chandler Catanzaro\CataCh00,2017,26,,NYJ,NFL,16,0
403,Britton Colquitt\ColqBr00,2011,26,,DEN,NFL,16,0
404,Dustin Colquitt\ColqDu20,2008,26,3-99,KAN,NFL,14,0
405,T.J. Conley\ConlT.00,2011,26,,NYJ,NFL,16,0
406,Brett Conway\conwabre01,2001,26,3-90,WAS,NFL,16,0
407,Jose Cortez\cortejos01,2001,26,,SFO,NFL,16,0
408,Mason Crosby\CrosMa20,2010,26,6-193,GNB,NFL,16,0
409,Billy Cundiff\cundibil01,2006,26,,NOR,NFL,5,0
410,Phil Dawson\dawsophi01,2001,26,,CLE,NFL,16,0
411,Paul Edinger\edingpau01,2004,26,6-174,CHI,NFL,16,0
412,Lac Edwards\EdwaLa01,2018,26,7-235,NYJ,NFL,8,0
413,Aaron Elling\ellinaar01,2004,26,,2TM,NFL,8,0
414,Paul Ernster\ErnsPa20,2008,26,7-239,PIT,NFL,3,0
415,Jay Feely\feelyjay01,2002,26,,ATL,NFL,16,0
416,Sam Ficken\FickSa00,2018,26,,LAR,NFL,2,0
417,Brandon Fields\FielBr20,2010,26,7-225,MIA,NFL,16,0
418,Nick Folk\FolkNi20,2010,26,6-178,NYJ,NFL,16,0
419,Kai Forbath\ForbKa00,2013,26,,WAS,NFL,13,0
420,Derrick Frost\FrosDe20,2006,26,,WAS,NFL,16,0
421,Graham Gano\GanoGr44,2013,26,,CAR,NFL,16,0
422,Jordan Gay\GayxJo00,2016,26,,BUF,NFL,3,0
423,Stephen Gostkowski\GostSt20,2010,26,4-118,NWE,NFL,8,0
424,Robbie Gould\gouldrob01,2007,26,,CHI,NFL,16,0
425,Toby Gowin\gowintob01,2001,26,,NOR,NFL,16,0
426,Shayne Graham\grahasha01,2003,26,,CIN,NFL,16,0
427,Bill Gramatica\gramabil01,2004,26,4-98,MIA,NFL,1,0
428,Martin Gramatica\gramamar01,2001,26,3-80,TAM,NFL,14,0
429,Andy Groom\GrooAn20,2005,26,,WAS,NFL,2,0
430,John Hall\hallxjoh01,2000,26,,NYJ,NFL,15,0
431,Chris Hanson\HansCh20,2002,26,,JAX,NFL,16,0
432,Nick Harris\HarrNi20,2004,26,4-120,DET,NFL,16,0
433,Garrett Hartley\HartGa00,2012,26,,NOR,NFL,16,0
434,Steven Hauschka\HausSt00,2011,26,,SEA,NFL,16,0
435,Johnny Hekker\HekkJo00,2016,26,,LAR,NFL,16,0
436,Alex Henery\HeneAl00,2013,26,4-120,PHI,NFL,16,0
437,Jon Hilbert\hilbejon01,2001,26,,DAL,NFL,8,0
438,Reggie Hodges\HodgRe20,2008,26,6-210,NYJ,NFL,12,0
439,Dustin Hopkins\HopkDu00,2016,26,6-177,WAS,NFL,16,0
440,Kevin Huber\HubeKe20,2011,26,5-142,CIN,NFL,16,0
441,Sebastian Janikowski\janikseb01,2004,26,1-17,OAK,NFL,16,0
442,Cameron Johnston\JohnCa02,2018,26,,PHI,NFL,8,0
443,Chris Jones\JoneCh02,2015,26,,DAL,NFL,16,0
444,Donnie Jones\JoneDo21,2006,26,7-224,MIA,NFL,16,0
445,Nate Kaeding\kaedinat01,2008,26,3-65,SDG,NFL,16,0
446,Jeremy Kapinos\KapiJe20,2010,26,,2TM,NFL,5,0
447,Brett Kern\KernBr20,2012,26,,TEN,NFL,16,0
448,Marquette King\KingMa00,2014,26,,OAK,NFL,16,0
449,Chris Kluwe\KluwCh20,2007,26,,MIN,NFL,16,0
450,Micah Knorr\knorrmic01,2001,26,,DAL,NFL,16,0
451,Sam Koch\KochSa20,2008,26,6-203,BAL,NFL,16,0
452,Michael Koenen\koenemic01,2008,26,,ATL,NFL,16,0
453,Bill LaFleur\LaFlBi20,2002,26,,SFO,NFL,5,0
454,Josh Lambo\LambJo00,2016,26,,SDG,NFL,16,0
455,Spencer Lanning\LannSp00,2014,26,,CLE,NFL,16,0
456,Kyle Larson\LarsKy20,2006,26,,CIN,NFL,16,0
457,Shane Lechler\LechSh20,2002,26,5-142,OAK,NFL,14,0
458,Andy Lee\LeexAn20,2008,26,6-188,SFO,NFL,16,0
459,Pat Lee\LeexPa99,2010,26,2-60,GNB,NFL,11,1
460,Rian Lindell\linderia01,2003,26,,BUF,NFL,16,0
461,Steve Lindsey\LindSt20,2000,26,,2TM,NFL,16,0
462,Rhys Lloyd\LloyRh44,2008,26,,CAR,NFL,16,0
463,Jeff Locke\LockJe00,2015,26,5-155,MIN,NFL,16,0
464,Ryan Longwell\longwrya01,2000,26,,GNB,NFL,16,0
465,Sam Martin\MartSa01,2016,26,5-165,DET,NFL,16,0
466,Tim Masthay\MastTi99,2013,26,,GNB,NFL,16,0
467,Brad Maynard\MaynBr20,2000,26,3-95,NYG,NFL,16,0
468,Pat McAfee\McAfPa44,2013,26,7-222,IND,NFL,16,0
469,Mat McBriar\McBrMa20,2005,26,,DAL,NFL,16,0
470,Brandon McManus\McMaBr01,2017,26,,DEN,NFL,16,0
471,Zoltan Mesko\MeskZo99,2012,26,5-150,NWE,NFL,16,0
472,Brian Moorman\MoorBr24,2002,26,,BUF,NFL,16,0
473,Thomas Morstead\MorsTh00,2012,26,5-164,NOR,NFL,16,0
474,Nick Murphy\MurpNi20,2005,26,,PHI,NFL,1,0
475,Patrick Murray\MurrPa01,2017,26,,TAM,NFL,12,0
476,Jason Myers\MyerJa00,2017,26,,JAX,NFL,6,0
477,Brad Nortman\NortBr00,2015,26,6-207,CAR,NFL,16,0
478,Mike Nugent\nugenmik01,2008,26,2-47,NYJ,NFL,1,0
479,Pat O'Donnell\ODonPa00,2017,26,6-191,CHI,NFL,16,0
480,Michael Palardy\PalaMi00,2018,26,,CAR,NFL,7,0
481,Cody Parkey\ParkCo03,2018,26,,CHI,NFL,7,0
482,Sam Paulescu\PaulSa20,2010,26,,WAS,NFL,3,0
483,Owen Pochman\pochmowe01,2003,26,7-216,SFO,NFL,6,0
484,Adam Podlesh\PodlAd20,2009,26,4-101,JAX,NFL,16,0
485,Daniel Pope\PopeDa20,2001,26,,NYJ,NFL,1,0
486,Matt Prater\PratMa20,2010,26,,DEN,NFL,12,0
487,Ryan Quigley\QuigRy00,2016,26,,ARI,NFL,6,0
488,Neil Rackers\rackenei01,2002,26,6-169,CIN,NFL,16,0
489,Dave Rayner\raynedav01,2008,26,6-202,CIN,NFL,2,0
490,Kasey Redfern\RedfKa00,2017,26,,DET,NFL,1,0
491,Jeff Reed\reedxjef01,2005,26,,PIT,NFL,16,0
492,Wade Richey\richewad01,2002,26,,SDG,NFL,12,0
493,Jon Ryan\RyanJo21,2007,26,,GNB,NFL,16,0
494,Cairo Santos\SantCa01,2017,26,,2TM,NFL,5,0
495,Colton Schmidt\SchmCo00,2016,26,,BUF,NFL,16,0
496,Jake Schum\SchuJa00,2015,26,,TAM,NFL,16,0
497,Mike Scifres\ScifMi20,2006,26,5-149,SDG,NFL,16,0
498,Josh Scobee\scobejos01,2008,26,5-137,JAX,NFL,16,0
499,Tim Seder\sedertim01,2000,26,,DAL,NFL,15,0
500,Daniel Sepulveda\SepuDa20,2010,26,4-112,PIT,NFL,12,0
501,Hunter Smith\SmitHu21,2003,26,7-210,IND,NFL,16,0
502,Chad Stanley\StanCh20,2002,26,,HOU,NFL,16,0
503,Kevin Stemke\StemKe20,2004,26,,STL,NFL,6,0
504,Caleb Sturgis\SturCa00,2015,26,5-166,PHI,NFL,13,0
505,Ryan Succop\SuccRy44,2012,26,7-256,KAN,NFL,16,0
506,Shaun Suisham\suishsha01,2007,26,,WAS,NFL,16,0
507,Justin Tucker\TuckJu00,2015,26,,BAL,NFL,16,0
508,James Tuthill\tuthijam01,2002,26,,2TM,NFL,12,0
509,Lawrence Tynes\tyneslaw01,2004,26,,KAN,NFL,16,0
510,Blair Walsh\WalsBl00,2016,26,6-175,MIN,NFL,9,0
511,Tress Way\WayxTr00,2016,26,,WAS,NFL,16,0
512,Steve Weatherford\WeatSt20,2008,26,,3TM,NFL,14,0
513,Matt Wile\WileMa01,2018,26,,MIN,NFL,8,0
514,Brad Wing\WingBr00,2017,26,,NYG,NFL,16,0
515,Dave Zastudil\ZastDa20,2004,26,4-112,BAL,NFL,13,0
516,Greg Zuerlein\ZuerGr00,2013,26,6-171,STL,NFL,16,0
517,David Akers\akersdav01,2001,27,,PHI,NFL,16,0
518,Dwayne Allen\AlleDw00,2017,27,3-64,NWE,NFL,16,8
519,Ryan Allen\AlleRy01,2017,27,,NWE,NFL,16,0
520,Bryan Anger\AngeBr00,2015,27,3-70,JAX,NFL,16,0
521,Dan Bailey\BailDa00,2015,27,,DAL,NFL,16,0
522,Jason Baker\BakeJa20,2005,27,,CAR,NFL,16,0
523,Jordan Berry\BerrJo00,2018,27,,PIT,NFL,7,0
524,Josh Bidwell\BidwJo20,2003,27,4-133,GNB,NFL,16,0
525,Rob Bironas\bironrob01,2005,27,,TEN,NFL,16,0
526,Matthew Bosher\BoshMa00,2014,27,6-192,ATL,NFL,16,0
527,Chris Boswell\BoswCh00,2018,27,,PIT,NFL,7,0
528,Josh Brown\brownjos01,2006,27,7-222,SEA,NFL,16,0
529,Kris Brown\brownkri01,2003,27,7-228,HOU,NFL,16,0
530,Matt Bryant\bryanmat01,2002,27,,NYG,NFL,16,0
531,Randy Bullock\BullRa00,2016,27,5-161,3TM,NFL,5,0
532,Drew Butler\ButlDr00,2016,27,,ARI,NFL,7,0
533,Dan Carpenter\CarpDa44,2012,27,,MIA,NFL,14,0
534,Chandler Catanzaro\CataCh00,2018,27,,TAM,NFL,7,0
535,Stephen Cheek\CheeSt20,2004,27,,KAN,NFL,12,0
536,Britton Colquitt\ColqBr00,2012,27,,DEN,NFL,16,0
537,Dustin Colquitt\ColqDu20,2009,27,3-99,KAN,NFL,16,0
538,Brett Conway\conwabre01,2002,27,3-90,WAS,NFL,1,0
539,Jose Cortez\cortejos01,2002,27,,2TM,NFL,14,0
540,Brandon Coutu\CoutBr00,2011,27,7-235,BUF,NFL,1,0
541,Mason Crosby\CrosMa20,2011,27,6-193,GNB,NFL,16,0
542,Phil Dawson\dawsophi01,2002,27,,CLE,NFL,16,0
543,Paul Edinger\edingpau01,2005,27,6-174,MIN,NFL,16,0
544,Aaron Elling\ellinaar01,2005,27,,BAL,NFL,9,0
545,Jay Feely\feelyjay01,2003,27,,ATL,NFL,16,0
546,Brandon Fields\FielBr20,2011,27,7-225,MIA,NFL,16,0
547,Nick Folk\FolkNi20,2011,27,6-178,NYJ,NFL,16,0
548,Kai Forbath\ForbKa00,2014,27,,WAS,NFL,16,0
549,Derrick Frost\FrosDe20,2007,27,,WAS,NFL,16,0
550,Graham Gano\GanoGr44,2014,27,,CAR,NFL,16,0
551,Stephen Gostkowski\GostSt20,2011,27,4-118,NWE,NFL,16,0
552,Robbie Gould\gouldrob01,2008,27,,CHI,NFL,16,0
553,Toby Gowin\gowintob01,2002,27,,NOR,NFL,15,0
554,Shayne Graham\grahasha01,2004,27,,CIN,NFL,16,0
555,Martin Gramatica\gramamar01,2002,27,3-80,TAM,NFL,16,0
556,John Hall\hallxjoh01,2001,27,,NYJ,NFL,16,0
557,Chris Hanson\HansCh20,2003,27,,JAX,NFL,5,0
558,Nick Harris\HarrNi20,2005,27,4-120,DET,NFL,16,0
559,Garrett Hartley\HartGa00,2013,27,,NOR,NFL,14,0
560,Steven Hauschka\HausSt00,2012,27,,SEA,NFL,16,0
561,Johnny Hekker\HekkJo00,2017,27,,LAR,NFL,16,0
562,Alex Henery\HeneAl00,2014,27,4-120,DET,NFL,2,0
563,Jon Hilbert\hilbejon01,2002,27,,CAR,NFL,1,0
564,Reggie Hodges\HodgRe20,2009,27,6-210,2TM,NFL,12,0
565,Dustin Hopkins\HopkDu00,2017,27,6-177,WAS,NFL,8,0
566,Kevin Huber\HubeKe20,2012,27,5-142,CIN,NFL,16,0
567,Sebastian Janikowski\janikseb01,2005,27,1-17,OAK,NFL,16,0
568,Dirk Johnson\JohnDi20,2002,27,,NOR,NFL,1,0
569,Chris Jones\JoneCh02,2016,27,,DAL,NFL,16,0
570,Donnie Jones\JoneDo21,2007,27,7-224,STL,NFL,16,0
571,Nate Kaeding\kaedinat01,2009,27,3-65,SDG,NFL,16,0
572,Jeremy Kapinos\KapiJe20,2011,27,,PIT,NFL,8,0
573,Brett Kern\KernBr20,2013,27,,TEN,NFL,16,0
574,Marquette King\KingMa00,2015,27,,OAK,NFL,16,0
575,Chris Kluwe\KluwCh20,2008,27,,MIN,NFL,16,0
576,Micah Knorr\knorrmic01,2002,27,,2TM,NFL,15,0
577,Sam Koch\KochSa20,2009,27,6-203,BAL,NFL,16,0
578,Michael Koenen\koenemic01,2009,27,,ATL,NFL,16,0
579,Bill LaFleur\LaFlBi20,2003,27,,SFO,NFL,16,0
580,Josh Lambo\LambJo00,2017,27,,JAX,NFL,10,0
581,Spencer Lanning\LannSp00,2015,27,,CHI,NFL,1,0
582,Kyle Larson\LarsKy20,2007,27,,CIN,NFL,16,0
583,Shane Lechler\LechSh20,2003,27,5-142,OAK,NFL,16,0
584,Andy Lee\LeexAn20,2009,27,6-188,SFO,NFL,16,0
585,Rian Lindell\linderia01,2004,27,,BUF,NFL,16,0
586,Rhys Lloyd\LloyRh44,2009,27,,CAR,NFL,16,0
587,Jeff Locke\LockJe00,2016,27,5-155,MIN,NFL,16,0
588,Ryan Longwell\longwrya01,2001,27,,GNB,NFL,16,0
589,Olindo Mare\marexoli01,2000,27,,MIA,NFL,16,0
590,Sam Martin\MartSa01,2017,27,5-165,DET,NFL,10,0
591,Tim Masthay\MastTi99,2014,27,,GNB,NFL,16,0
592,Brad Maynard\MaynBr20,2001,27,3-95,CHI,NFL,16,0
593,Pat McAfee\McAfPa44,2014,27,7-222,IND,NFL,16,0
594,Mat McBriar\McBrMa20,2006,27,,DAL,NFL,16,0
595,Brandon McManus\McMaBr01,2018,27,,DEN,NFL,8,0
596,Zoltan Mesko\MeskZo99,2013,27,5-150,2TM,NFL,8,0
597,Brian Moorman\MoorBr24,2003,27,,BUF,NFL,16,0
598,Thomas Morstead\MorsTh00,2013,27,5-164,NOR,NFL,16,0
599,Jason Myers\MyerJa00,2018,27,,NYJ,NFL,8,0
600,Joe Nedney\nednejoe01,2000,27,,2TM,NFL,15,0
601,Brad Nortman\NortBr00,2016,27,6-207,JAX,NFL,16,0
602,Nick Novak\novaknic01,2008,27,,KAN,NFL,6,0
603,Mike Nugent\nugenmik01,2009,27,2-47,2TM,NFL,6,0
604,Pat O'Donnell\ODonPa00,2018,27,6-191,CHI,NFL,7,0
605,Dimitri Patterson\PattDi20,2010,27,,PHI,NFL,16,9
606,Adam Podlesh\PodlAd20,2010,27,4-101,JAX,NFL,16,0
607,Matt Prater\PratMa20,2011,27,,DEN,NFL,16,0
608,Ryan Quigley\QuigRy00,2017,27,,MIN,NFL,16,0
609,Neil Rackers\rackenei01,2003,27,6-169,ARI,NFL,7,0
610,Jeff Reed\reedxjef01,2006,27,,PIT,NFL,16,0
611,Kyle Richardson\RichKy20,2000,27,,BAL,NFL,16,0
612,Wade Richey\richewad01,2003,27,,BAL,NFL,15,0
613,Jon Ryan\RyanJo21,2008,27,,SEA,NFL,15,0
614,Cairo Santos\SantCa01,2018,27,,LAR,NFL,2,0
615,Todd Sauerbrun\SaueTo20,2000,27,2-56,KAN,NFL,16,0
616,Colton Schmidt\SchmCo00,2017,27,,BUF,NFL,16,0
617,Jake Schum\SchuJa00,2016,27,,GNB,NFL,16,0
618,Mike Scifres\ScifMi20,2007,27,5-149,SDG,NFL,16,0
619,Josh Scobee\scobejos01,2009,27,5-137,JAX,NFL,16,0
620,Tim Seder\sedertim01,2001,27,,DAL,NFL,8,0
621,Daniel Sepulveda\SepuDa20,2011,27,4-112,PIT,NFL,8,0
622,Hunter Smith\SmitHu21,2004,27,7-210,IND,NFL,16,0
623,Chad Stanley\StanCh20,2003,27,,HOU,NFL,16,0
624,Caleb Sturgis\SturCa00,2016,27,5-166,PHI,NFL,16,0
625,Ryan Succop\SuccRy44,2013,27,7-256,KAN,NFL,16,0
626,Shaun Suisham\suishsha01,2008,27,,WAS,NFL,16,0
627,Giorgio Tavecchio\TaveGi00,2017,27,,OAK,NFL,16,0
628,Justin Tucker\TuckJu00,2016,27,,BAL,NFL,16,0
629,Lawrence Tynes\tyneslaw01,2005,27,,KAN,NFL,16,0
630,Blair Walsh\WalsBl00,2017,27,6-175,SEA,NFL,16,0
631,Tress Way\WayxTr00,2017,27,,WAS,NFL,16,0
632,Steve Weatherford\WeatSt20,2009,27,,NYJ,NFL,16,0
633,Dave Zastudil\ZastDa20,2005,27,4-112,BAL,NFL,16,0
634,Greg Zuerlein\ZuerGr00,2014,27,6-171,STL,NFL,16,0
635,David Akers\akersdav01,2002,28,,PHI,NFL,16,0
636,Ryan Allen\AlleRy01,2018,28,,NWE,NFL,8,0
637,Bryan Anger\AngeBr00,2016,28,3-70,TAM,NFL,16,0
638,Dan Bailey\BailDa00,2016,28,,DAL,NFL,16,0
639,Jason Baker\BakeJa20,2006,28,,CAR,NFL,16,0
640,Connor Barth\barthco01,2014,28,,DEN,NFL,5,0
641,Mitch Berger\BergMi20,2000,28,6-193,MIN,NFL,16,0
642,Josh Bidwell\BidwJo20,2004,28,4-133,TAM,NFL,16,0
643,Rob Bironas\bironrob01,2006,28,,TEN,NFL,16,0
644,Matthew Bosher\BoshMa00,2015,28,6-192,ATL,NFL,16,0
645,Josh Brown\brownjos01,2007,28,7-222,SEA,NFL,16,0
646,Kris Brown\brownkri01,2004,28,7-228,HOU,NFL,16,0
647,Chris Bryan\BryaCh01,2010,28,,TAM,NFL,4,0
648,Matt Bryant\bryanmat01,2003,28,,NYG,NFL,11,0
649,Randy Bullock\BullRa00,2017,28,5-161,CIN,NFL,15,0
650,Dan Carpenter\CarpDa44,2013,28,,BUF,NFL,16,0
651,Britton Colquitt\ColqBr00,2013,28,,DEN,NFL,16,0
652,Dustin Colquitt\ColqDu20,2010,28,3-99,KAN,NFL,16,0
653,Brett Conway\conwabre01,2003,28,3-90,2TM,NFL,8,0
654,Jose Cortez\cortejos01,2003,28,,MIN,NFL,2,0
655,Mason Crosby\CrosMa20,2012,28,6-193,GNB,NFL,16,0
656,Phil Dawson\dawsophi01,2003,28,,CLE,NFL,13,0
657,Jay Feely\feelyjay01,2004,28,,ATL,NFL,16,0
658,Brandon Fields\FielBr20,2012,28,7-225,MIA,NFL,16,0
659,Nick Folk\FolkNi20,2012,28,6-178,NYJ,NFL,16,0
660,Kai Forbath\ForbKa00,2015,28,,2TM,NFL,11,0
661,Derrick Frost\FrosDe20,2008,28,,GNB,NFL,12,0
662,Graham Gano\GanoGr44,2015,28,,CAR,NFL,16,0
663,Stephen Gostkowski\GostSt20,2012,28,4-118,NWE,NFL,16,0
664,Robbie Gould\gouldrob01,2009,28,,CHI,NFL,16,0
665,Toby Gowin\gowintob01,2003,28,,DAL,NFL,16,0
666,Shayne Graham\grahasha01,2005,28,,CIN,NFL,16,0
667,Martin Gramatica\gramamar01,2003,28,3-80,TAM,NFL,16,0
668,John Hall\hallxjoh01,2002,28,,NYJ,NFL,16,0
669,Chris Hanson\HansCh20,2004,28,,JAX,NFL,16,0
670,Nick Harris\HarrNi20,2006,28,4-120,DET,NFL,16,0
671,Garrett Hartley\HartGa00,2014,28,,CLE,NFL,2,0
672,Steven Hauschka\HausSt00,2013,28,,SEA,NFL,16,0
673,Johnny Hekker\HekkJo00,2018,28,,LAR,NFL,8,0
674,Reggie Hodges\HodgRe20,2010,28,6-210,CLE,NFL,16,0
675,Mike Hollis\hollimik01,2000,28,,JAX,NFL,12,0
676,Dustin Hopkins\HopkDu00,2018,28,6-177,WAS,NFL,7,0
677,Kevin Huber\HubeKe20,2013,28,5-142,CIN,NFL,14,0
678,Sebastian Janikowski\janikseb01,2006,28,1-17,OAK,NFL,16,0
679,Dirk Johnson\JohnDi20,2003,28,,PHI,NFL,16,0
680,Chris Jones\JoneCh02,2017,28,,DAL,NFL,16,0
681,Donnie Jones\JoneDo21,2008,28,7-224,STL,NFL,16,0
682,Nate Kaeding\kaedinat01,2010,28,3-65,SDG,NFL,13,0
683,Brett Kern\KernBr20,2014,28,,TEN,NFL,14,0
684,Marquette King\KingMa00,2016,28,,OAK,NFL,16,0
685,Chris Kluwe\KluwCh20,2009,28,,MIN,NFL,16,0
686,Micah Knorr\knorrmic01,2003,28,,DEN,NFL,16,0
687,Sam Koch\KochSa20,2010,28,6-203,BAL,NFL,16,0
688,Michael Koenen\koenemic01,2010,28,,ATL,NFL,16,0
689,Josh Lambo\LambJo00,2018,28,,JAX,NFL,8,0
690,Kyle Larson\LarsKy20,2008,28,,CIN,NFL,16,0
691,Shane Lechler\LechSh20,2004,28,5-142,OAK,NFL,16,0
692,Andy Lee\LeexAn20,2010,28,6-188,SFO,NFL,16,0
693,Rian Lindell\linderia01,2005,28,,BUF,NFL,16,0
694,Rhys Lloyd\LloyRh44,2010,28,,CAR,NFL,15,0
695,Jeff Locke\LockJe00,2017,28,5-155,DET,NFL,5,0
696,Ryan Longwell\longwrya01,2002,28,,GNB,NFL,16,0
697,Olindo Mare\marexoli01,2001,28,,MIA,NFL,16,0
698,Sam Martin\MartSa01,2018,28,5-165,DET,NFL,7,0
699,Tim Masthay\MastTi99,2015,28,,GNB,NFL,16,0
700,Brad Maynard\MaynBr20,2002,28,3-95,CHI,NFL,16,0
701,Pat McAfee\McAfPa44,2015,28,7-222,IND,NFL,16,0
702,Mat McBriar\McBrMa20,2007,28,,DAL,NFL,16,0
703,Richmond McGee\McGeRi01,2011,28,,CLE,NFL,1,0
704,Brian Moorman\MoorBr24,2004,28,,BUF,NFL,16,0
705,Thomas Morstead\MorsTh00,2014,28,5-164,NOR,NFL,16,0
706,Joe Nedney\nednejoe01,2001,28,,TEN,NFL,16,0
707,Brad Nortman\NortBr00,2017,28,6-207,JAX,NFL,16,0
708,Mike Nugent\nugenmik01,2010,28,2-47,CIN,NFL,9,0
709,Glenn Pakulak\PakuGl00,2008,28,,NOR,NFL,8,0
710,Adam Podlesh\PodlAd20,2011,28,4-101,CHI,NFL,16,0
711,Matt Prater\PratMa20,2012,28,,DEN,NFL,16,0
712,Neil Rackers\rackenei01,2004,28,6-169,ARI,NFL,16,0
713,Dave Rayner\raynedav01,2010,28,6-202,DET,NFL,8,0
714,Jeff Reed\reedxjef01,2007,28,,PIT,NFL,16,0
715,Kyle Richardson\RichKy20,2001,28,,BAL,NFL,16,0
716,Wade Richey\richewad01,2004,28,,BAL,NFL,12,0
717,Jon Ryan\RyanJo21,2009,28,,SEA,NFL,16,0
718,Todd Sauerbrun\SaueTo20,2001,28,2-56,CAR,NFL,16,0
719,Mike Scifres\ScifMi20,2008,28,5-149,SDG,NFL,16,0
720,Josh Scobee\scobejos01,2010,28,5-137,JAX,NFL,16,0
721,Tim Seder\sedertim01,2002,28,,JAX,NFL,5,0
722,Hunter Smith\SmitHu21,2005,28,7-210,IND,NFL,16,0
723,Jason Spitz\SpitJa20,2010,28,3-75,GNB,NFL,16,0
724,Chad Stanley\StanCh20,2004,28,,HOU,NFL,16,0
725,Caleb Sturgis\SturCa00,2017,28,5-166,PHI,NFL,1,0
726,Ryan Succop\SuccRy44,2014,28,7-256,TEN,NFL,16,0
727,Shaun Suisham\suishsha01,2009,28,,2TM,NFL,14,0
728,Jim Tarle\TarlJi20,2000,28,,JAX,NFL,6,0
729,Giorgio Tavecchio\TaveGi00,2018,28,,ATL,NFL,1,0
730,Jay Taylor\taylojay01,2004,28,,TAM,NFL,5,0
731,Justin Tucker\TuckJu00,2017,28,,BAL,NFL,16,0
732,Lawrence Tynes\tyneslaw01,2006,28,,KAN,NFL,16,0
733,Adam Vinatieri\vinatada01,2000,28,,NWE,NFL,16,0
734,Ken Walter\WaltKe20,2000,28,,CAR,NFL,16,0
735,Tress Way\WayxTr00,2018,28,,WAS,NFL,7,0
736,Steve Weatherford\WeatSt20,2010,28,,NYJ,NFL,16,0
737,Jeff Wilkins\wilkijef01,2000,28,,STL,NFL,11,0
738,Dave Zastudil\ZastDa20,2006,28,4-112,CLE,NFL,16,0
739,Greg Zuerlein\ZuerGr00,2015,28,6-171,STL,NFL,14,0
740,David Akers\akersdav01,2003,29,,PHI,NFL,16,0
741,Shane Andrus\AndrSh00,2009,29,,3TM,NFL,5,0
742,Bryan Anger\AngeBr00,2017,29,3-70,TAM,NFL,16,0
743,Dan Bailey\BailDa00,2017,29,,DAL,NFL,12,0
744,Jason Baker\BakeJa20,2007,29,,CAR,NFL,16,0
745,Mike Barr\BarrMi21,2007,29,,ARI,NFL,11,0
746,Connor Barth\barthco01,2015,29,,TAM,NFL,12,0
747,Mitch Berger\BergMi20,2001,29,6-193,MIN,NFL,12,0
748,Josh Bidwell\BidwJo20,2005,29,4-133,TAM,NFL,16,0
749,Rob Bironas\bironrob01,2007,29,,TEN,NFL,16,0
750,Matthew Bosher\BoshMa00,2016,29,6-192,ATL,NFL,15,0
751,Josh Brown\brownjos01,2008,29,7-222,STL,NFL,16,0
752,Kris Brown\brownkri01,2005,29,7-228,HOU,NFL,16,0
753,Matt Bryant\bryanmat01,2004,29,,2TM,NFL,4,0
754,Randy Bullock\BullRa00,2018,29,5-161,CIN,NFL,8,0
755,Dan Carpenter\CarpDa44,2014,29,,BUF,NFL,16,0
756,Britton Colquitt\ColqBr00,2014,29,,DEN,NFL,16,0
757,Dustin Colquitt\ColqDu20,2011,29,3-99,KAN,NFL,16,0
758,Jose Cortez\cortejos01,2004,29,,MIN,NFL,8,0
759,Mason Crosby\CrosMa20,2013,29,6-193,GNB,NFL,16,0
760,Billy Cundiff\cundibil01,2009,29,,2TM,NFL,12,0
761,Phil Dawson\dawsophi01,2004,29,,CLE,NFL,16,0
762,Jay Feely\feelyjay01,2005,29,,NYG,NFL,16,0
763,Brandon Fields\FielBr20,2013,29,7-225,MIA,NFL,16,0
764,Nick Folk\FolkNi20,2013,29,6-178,NYJ,NFL,16,0
765,Kai Forbath\ForbKa00,2016,29,,MIN,NFL,7,0
766,Graham Gano\GanoGr44,2016,29,,CAR,NFL,16,0
767,Stephen Gostkowski\GostSt20,2013,29,4-118,NWE,NFL,16,0
768,Robbie Gould\gouldrob01,2010,29,,CHI,NFL,16,0
769,Toby Gowin\gowintob01,2004,29,,NYJ,NFL,16,0
770,Shayne Graham\grahasha01,2006,29,,CIN,NFL,16,0
771,Martin Gramatica\gramamar01,2004,29,3-80,2TM,NFL,15,0
772,John Hall\hallxjoh01,2003,29,,WAS,NFL,16,0
773,Chris Hanson\HansCh20,2005,29,,JAX,NFL,16,0
774,Nick Harris\HarrNi20,2007,29,4-120,DET,NFL,16,0
775,Steven Hauschka\HausSt00,2014,29,,SEA,NFL,16,0
776,Craig Hentrich\hentrcra01,2000,29,8-200,TEN,NFL,16,0
777,Mike Hollis\hollimik01,2001,29,,JAX,NFL,16,0
778,Kevin Huber\HubeKe20,2014,29,5-142,CIN,NFL,16,0
779,Sebastian Janikowski\janikseb01,2007,29,1-17,OAK,NFL,16,0
780,Dirk Johnson\JohnDi20,2004,29,,PHI,NFL,16,0
781,Chris Jones\JoneCh02,2018,29,,DAL,NFL,7,0
782,Donnie Jones\JoneDo21,2009,29,7-224,STL,NFL,16,0
783,Nate Kaeding\kaedinat01,2011,29,3-65,SDG,NFL,1,0
784,Brett Kern\KernBr20,2015,29,,TEN,NFL,16,0
785,Danny Kight\KighDa20,2000,29,,IND,NFL,16,0
786,Marquette King\KingMa00,2017,29,,OAK,NFL,16,0
787,Chris Kluwe\KluwCh20,2010,29,,MIN,NFL,16,0
788,Micah Knorr\knorrmic01,2004,29,,DEN,NFL,12,0
789,Sam Koch\KochSa20,2011,29,6-203,BAL,NFL,16,0
790,Michael Koenen\koenemic01,2011,29,,TAM,NFL,16,0
791,Shane Lechler\LechSh20,2005,29,5-142,OAK,NFL,16,0
792,Andy Lee\LeexAn20,2011,29,6-188,SFO,NFL,16,0
793,Rian Lindell\linderia01,2006,29,,BUF,NFL,16,0
794,Ryan Longwell\longwrya01,2003,29,,GNB,NFL,16,0
795,Brett Maher\MaheBr01,2018,29,,DAL,NFL,7,0
796,Olindo Mare\marexoli01,2002,29,,MIA,NFL,16,0
797,Brad Maynard\MaynBr20,2003,29,3-95,CHI,NFL,16,0
798,Pat McAfee\McAfPa44,2016,29,7-222,IND,NFL,16,0
799,Mat McBriar\McBrMa20,2008,29,,DAL,NFL,6,0
800,Justin Medlock\MedlJu20,2012,29,5-160,CAR,NFL,10,0
801,Brian Moorman\MoorBr24,2005,29,,BUF,NFL,16,0
802,Thomas Morstead\MorsTh00,2015,29,5-164,NOR,NFL,14,0
803,Joe Nedney\nednejoe01,2002,29,,TEN,NFL,16,0
804,Mike Nugent\nugenmik01,2011,29,2-47,CIN,NFL,16,0
805,Glenn Pakulak\PakuGl00,2009,29,,WAS,NFL,2,0
806,Adam Podlesh\PodlAd20,2012,29,4-101,CHI,NFL,16,0
807,Matt Prater\PratMa20,2013,29,,DEN,NFL,16,0
808,Neil Rackers\rackenei01,2005,29,6-169,ARI,NFL,15,0
809,Dave Rayner\raynedav01,2011,29,6-202,2TM,NFL,8,0
810,Jeff Reed\reedxjef01,2008,29,,PIT,NFL,16,0
811,Kyle Richardson\RichKy20,2002,29,,MIN,NFL,16,0
812,Jon Ryan\RyanJo21,2010,29,,SEA,NFL,16,0
813,Todd Sauerbrun\SaueTo20,2002,29,2-56,CAR,NFL,16,0
814,Mike Scifres\ScifMi20,2009,29,5-149,SDG,NFL,16,0
815,Josh Scobee\scobejos01,2011,29,5-137,JAX,NFL,16,0
816,Hunter Smith\SmitHu21,2006,29,7-210,IND,NFL,16,0
817,Chad Stanley\StanCh20,2005,29,,HOU,NFL,16,0
818,Caleb Sturgis\SturCa00,2018,29,5-166,LAC,NFL,5,0
819,Ryan Succop\SuccRy44,2015,29,7-256,TEN,NFL,16,0
820,Shaun Suisham\suishsha01,2010,29,,PIT,NFL,7,0
821,Jim Tarle\TarlJi20,2001,29,,JAX,NFL,9,0
822,Justin Tucker\TuckJu00,2018,29,,BAL,NFL,8,0
823,Lawrence Tynes\tyneslaw01,2007,29,,NYG,NFL,16,0
824,Adam Vinatieri\vinatada01,2001,29,,NWE,NFL,16,0
825,Ken Walter\WaltKe20,2001,29,,NWE,NFL,11,0
826,Steve Weatherford\WeatSt20,2011,29,,NYG,NFL,16,0
827,Wes Welker\WelkWe00,2010,29,,NWE,NFL,15,11
828,Jeff Wilkins\wilkijef01,2001,29,,STL,NFL,16,0
829,Dave Zastudil\ZastDa20,2007,29,4-112,CLE,NFL,12,0
830,Greg Zuerlein\ZuerGr00,2016,29,6-171,LAR,NFL,16,0
831,David Akers\akersdav01,2004,30,,PHI,NFL,16,0
832,Shane Andrus\AndrSh00,2010,30,,SFO,NFL,2,0
833,Bryan Anger\AngeBr00,2018,30,3-70,TAM,NFL,7,0
834,Dan Bailey\BailDa00,2018,30,,MIN,NFL,6,0
835,Jason Baker\BakeJa20,2008,30,,CAR,NFL,16,0
836,Connor Barth\barthco01,2016,30,,CHI,NFL,16,0
837,Mitch Berger\BergMi20,2002,30,6-193,STL,NFL,16,0
838,Josh Bidwell\BidwJo20,2006,30,4-133,TAM,NFL,16,0
839,Rob Bironas\bironrob01,2008,30,,TEN,NFL,16,0
840,Matthew Bosher\BoshMa00,2017,30,6-192,ATL,NFL,16,0
841,Doug Brien\briendou01,2000,30,3-85,NOR,NFL,16,0
842,Josh Brown\brownjos01,2009,30,7-222,STL,NFL,16,0
843,Kris Brown\brownkri01,2006,30,7-228,HOU,NFL,16,0
844,Matt Bryant\bryanmat01,2005,30,,TAM,NFL,15,0
845,Dan Carpenter\CarpDa44,2015,30,,BUF,NFL,16,0
846,Britton Colquitt\ColqBr00,2015,30,,DEN,NFL,16,0
847,Dustin Colquitt\ColqDu20,2012,30,3-99,KAN,NFL,16,0
848,Jose Cortez\cortejos01,2005,30,,4TM,NFL,14,0
849,Mason Crosby\CrosMa20,2014,30,6-193,GNB,NFL,16,0
850,Billy Cundiff\cundibil01,2010,30,,BAL,NFL,16,0
851,Richie Cunningham\cunniric01,2000,30,,CAR,NFL,4,0
852,Phil Dawson\dawsophi01,2005,30,,CLE,NFL,16,0
853,Jason Elam\elamxjas01,2000,30,3-70,DEN,NFL,13,0
854,Jay Feely\feelyjay01,2006,30,,NYG,NFL,16,0
855,Brandon Fields\FielBr20,2014,30,7-225,MIA,NFL,16,0
856,Nick Folk\FolkNi20,2014,30,6-178,NYJ,NFL,16,0
857,Kai Forbath\ForbKa00,2017,30,,MIN,NFL,16,0
858,Graham Gano\GanoGr44,2017,30,,CAR,NFL,16,0
859,Chris Gardocki\GardCh20,2000,30,3-78,CLE,NFL,16,0
860,Stephen Gostkowski\GostSt20,2014,30,4-118,NWE,NFL,16,0
861,Robbie Gould\gouldrob01,2011,30,,CHI,NFL,16,0
862,Shayne Graham\grahasha01,2007,30,,CIN,NFL,16,0
863,John Hall\hallxjoh01,2004,30,,WAS,NFL,8,0
864,Chris Hanson\HansCh20,2006,30,,JAX,NFL,16,0
865,Jason Hanson\hansojas01,2000,30,2-56,DET,NFL,16,0
866,Nick Harris\HarrNi20,2008,30,4-120,DET,NFL,16,0
867,Steven Hauschka\HausSt00,2015,30,,SEA,NFL,16,0
868,Craig Hentrich\hentrcra01,2001,30,8-200,TEN,NFL,16,0
869,Reggie Hodges\HodgRe20,2012,30,6-210,CLE,NFL,16,0
870,Mike Hollis\hollimik01,2002,30,,BUF,NFL,16,0
871,Kevin Huber\HubeKe20,2015,30,5-142,CIN,NFL,16,0
872,Michael Husted\hustemic01,2000,30,,WAS,NFL,4,0
873,Sebastian Janikowski\janikseb01,2008,30,1-17,OAK,NFL,16,0
874,Dirk Johnson\JohnDi20,2005,30,,PHI,NFL,7,0
875,Donnie Jones\JoneDo21,2010,30,7-224,STL,NFL,16,0
876,Nate Kaeding\kaedinat01,2012,30,3-65,2TM,NFL,5,0
877,Brett Kern\KernBr20,2016,30,,TEN,NFL,16,0
878,Danny Kight\KighDa20,2001,30,,BAL,NFL,10,0
879,Marquette King\KingMa00,2018,30,,DEN,NFL,4,0
880,Chris Kluwe\KluwCh20,2011,30,,MIN,NFL,16,0
881,Sam Koch\KochSa20,2012,30,6-203,BAL,NFL,16,0
882,Michael Koenen\koenemic01,2012,30,,TAM,NFL,16,0
883,Shane Lechler\LechSh20,2006,30,5-142,OAK,NFL,16,0
884,Andy Lee\LeexAn20,2012,30,6-188,SFO,NFL,16,0
885,Rian Lindell\linderia01,2007,30,,BUF,NFL,16,0
886,Ryan Longwell\longwrya01,2004,30,,GNB,NFL,16,0
887,Olindo Mare\marexoli01,2003,30,,MIA,NFL,16,0
888,Brad Maynard\MaynBr20,2004,30,3-95,CHI,NFL,16,0
889,Mat McBriar\McBrMa20,2009,30,,DAL,NFL,16,0
890,Josh Miller\MillJo25,2000,30,,PIT,NFL,16,0
891,Brian Moorman\MoorBr24,2006,30,,BUF,NFL,16,0
892,Thomas Morstead\MorsTh00,2016,30,5-164,NOR,NFL,16,0
893,Joe Nedney\nednejoe01,2003,30,,TEN,NFL,1,0
894,Nick Novak\novaknic01,2011,30,,SDG,NFL,15,0
895,Mike Nugent\nugenmik01,2012,30,2-47,CIN,NFL,12,0
896,Todd Peterson\petertod01,2000,30,7-177,KAN,NFL,11,0
897,Adam Podlesh\PodlAd20,2013,30,4-101,CHI,NFL,16,0
898,Matt Prater\PratMa20,2014,30,,2TM,NFL,11,0
899,Neil Rackers\rackenei01,2006,30,6-169,ARI,NFL,16,0
900,Jeff Reed\reedxjef01,2009,30,,PIT,NFL,16,0
901,Kyle Richardson\RichKy20,2003,30,,CIN,NFL,11,0
902,Jon Ryan\RyanJo21,2011,30,,SEA,NFL,16,0
903,Todd Sauerbrun\SaueTo20,2003,30,2-56,CAR,NFL,16,0
904,Mike Scifres\ScifMi20,2010,30,5-149,SDG,NFL,16,0
905,Josh Scobee\scobejos01,2012,30,5-137,JAX,NFL,16,0
906,Hunter Smith\SmitHu21,2007,30,7-210,IND,NFL,16,0
907,Chad Stanley\StanCh20,2006,30,,HOU,NFL,16,0
908,Ryan Succop\SuccRy44,2016,30,7-256,TEN,NFL,16,0
909,Shaun Suisham\suishsha01,2011,30,,PIT,NFL,16,0
910,Lawrence Tynes\tyneslaw01,2008,30,,NYG,NFL,2,0
911,Mike Vanderjagt\vandemik01,2000,30,,IND,NFL,16,0
912,Adam Vinatieri\vinatada01,2002,30,,NWE,NFL,16,0
913,Ken Walter\WaltKe20,2002,30,,NWE,NFL,16,0
914,Steve Weatherford\WeatSt20,2012,30,,NYG,NFL,16,0
915,Jeff Wilkins\wilkijef01,2002,30,,STL,NFL,16,0
916,Dave Zastudil\ZastDa20,2008,30,4-112,CLE,NFL,16,0
917,Greg Zuerlein\ZuerGr00,2017,30,6-171,LAR,NFL,14,0
918,David Akers\akersdav01,2005,31,,PHI,NFL,12,0
919,Leo Araguz\AragLe20,2001,31,,DET,NFL,3,0
920,Jason Baker\BakeJa20,2009,31,,CAR,NFL,16,0
921,Connor Barth\barthco01,2017,31,,CHI,NFL,10,0
922,Mitch Berger\BergMi20,2003,31,6-193,NOR,NFL,16,0
923,Josh Bidwell\BidwJo20,2007,31,4-133,TAM,NFL,16,0
924,Rob Bironas\bironrob01,2009,31,,TEN,NFL,16,0
925,Matthew Bosher\BoshMa00,2018,31,6-192,ATL,NFL,7,0
926,Doug Brien\briendou01,2001,31,3-85,2TM,NFL,3,0
927,Josh Brown\brownjos01,2010,31,7-222,STL,NFL,16,0
928,Kris Brown\brownkri01,2007,31,7-228,HOU,NFL,16,0
929,Matt Bryant\bryanmat01,2006,31,,TAM,NFL,16,0
930,Dan Carpenter\CarpDa44,2016,31,,BUF,NFL,16,0
931,Britton Colquitt\ColqBr00,2016,31,,CLE,NFL,16,0
932,Dustin Colquitt\ColqDu20,2013,31,3-99,KAN,NFL,16,0
933,Mason Crosby\CrosMa20,2015,31,6-193,GNB,NFL,16,0
934,Billy Cundiff\cundibil01,2011,31,,BAL,NFL,15,0
935,Phil Dawson\dawsophi01,2006,31,,CLE,NFL,16,0
936,Jason Elam\elamxjas01,2001,31,3-70,DEN,NFL,16,0
937,Jay Feely\feelyjay01,2007,31,,MIA,NFL,16,0
938,Brandon Fields\FielBr20,2015,31,7-225,NOR,NFL,2,0
939,Nick Folk\FolkNi20,2015,31,6-178,NYJ,NFL,8,0
940,Graham Gano\GanoGr44,2018,31,,CAR,NFL,7,0
941,Chris Gardocki\GardCh20,2001,31,3-78,CLE,NFL,16,0
942,Stephen Gostkowski\GostSt20,2015,31,4-118,NWE,NFL,16,0
943,Robbie Gould\gouldrob01,2012,31,,CHI,NFL,13,0
944,Shayne Graham\grahasha01,2008,31,,CIN,NFL,14,0
945,Martin Gramatica\gramamar01,2006,31,3-80,2TM,NFL,8,0
946,John Hall\hallxjoh01,2005,31,,WAS,NFL,10,0
947,Remy Hamilton\hamilrem01,2005,31,,DET,NFL,1,0
948,Chris Hanson\HansCh20,2007,31,,NWE,NFL,16,0
949,Jason Hanson\hansojas01,2001,31,2-56,DET,NFL,16,0
950,Nick Harris\HarrNi20,2009,31,4-120,DET,NFL,16,0
951,Steven Hauschka\HausSt00,2016,31,,SEA,NFL,16,0
952,Craig Hentrich\hentrcra01,2002,31,8-200,TEN,NFL,16,0
953,Kevin Huber\HubeKe20,2016,31,5-142,CIN,NFL,16,0
954,Sebastian Janikowski\janikseb01,2009,31,1-17,OAK,NFL,16,0
955,Dirk Johnson\JohnDi20,2006,31,,PHI,NFL,16,0
956,Donnie Jones\JoneDo21,2011,31,7-224,STL,NFL,16,0
957,Brett Kern\KernBr20,2017,31,,TEN,NFL,16,0
958,Chris Kluwe\KluwCh20,2012,31,,MIN,NFL,16,0
959,Sam Koch\KochSa20,2013,31,6-203,BAL,NFL,16,0
960,Michael Koenen\koenemic01,2013,31,,TAM,NFL,16,0
961,Shane Lechler\LechSh20,2007,31,5-142,OAK,NFL,16,0
962,Andy Lee\LeexAn20,2013,31,6-188,SFO,NFL,16,0
963,Rian Lindell\linderia01,2008,31,,BUF,NFL,16,0
964,Ryan Longwell\longwrya01,2005,31,,GNB,NFL,16,0
965,Olindo Mare\marexoli01,2004,31,,MIA,NFL,11,0
966,Brad Maynard\MaynBr20,2005,31,3-95,CHI,NFL,16,0
967,Mat McBriar\McBrMa20,2010,31,,DAL,NFL,16,0
968,Josh Miller\MillJo25,2001,31,,PIT,NFL,16,0
969,Brian Moorman\MoorBr24,2007,31,,BUF,NFL,16,0
970,Thomas Morstead\MorsTh00,2017,31,5-164,NOR,NFL,16,0
971,Nick Novak\novaknic01,2012,31,,SDG,NFL,13,0
972,Mike Nugent\nugenmik01,2013,31,2-47,CIN,NFL,16,0
973,Todd Peterson\petertod01,2001,31,7-177,KAN,NFL,16,0
974,Scott Player\PlaySc20,2000,31,,ARI,NFL,16,0
975,Adam Podlesh\PodlAd20,2014,31,4-101,PIT,NFL,0,
976,Matt Prater\PratMa20,2015,31,,DET,NFL,16,0
977,Neil Rackers\rackenei01,2007,31,6-169,ARI,NFL,16,0
978,Jeff Reed\reedxjef01,2010,31,,2TM,NFL,14,0
979,Jon Ryan\RyanJo21,2012,31,,SEA,NFL,16,0
980,Todd Sauerbrun\SaueTo20,2004,31,2-56,CAR,NFL,16,0
981,Mike Scifres\ScifMi20,2011,31,5-149,SDG,NFL,16,0
982,Josh Scobee\scobejos01,2013,31,5-137,JAX,NFL,16,0
983,Hunter Smith\SmitHu21,2008,31,7-210,IND,NFL,16,0
984,Ryan Succop\SuccRy44,2017,31,7-256,TEN,NFL,16,0
985,Shaun Suisham\suishsha01,2012,31,,PIT,NFL,16,0
986,Lawrence Tynes\tyneslaw01,2009,31,,NYG,NFL,16,0
987,Mike Vanderjagt\vandemik01,2001,31,,IND,NFL,16,0
988,Adam Vinatieri\vinatada01,2003,31,,NWE,NFL,16,0
989,Ken Walter\WaltKe20,2003,31,,NWE,NFL,15,0
990,Steve Weatherford\WeatSt20,2013,31,,NYG,NFL,16,0
991,Jeff Wilkins\wilkijef01,2003,31,,STL,NFL,16,0
992,Dave Zastudil\ZastDa20,2009,31,4-112,CLE,NFL,8,0
993,Greg Zuerlein\ZuerGr00,2018,31,6-171,LAR,NFL,3,0
994,David Akers\akersdav01,2006,32,,PHI,NFL,16,0
995,Jason Baker\BakeJa20,2010,32,,CAR,NFL,16,0
996,Mitch Berger\BergMi20,2004,32,6-193,NOR,NFL,16,0
997,Josh Bidwell\BidwJo20,2008,32,4-133,TAM,NFL,16,0
998,Rob Bironas\bironrob01,2010,32,,TEN,NFL,16,0
999,Cary Blanchard\blanccar01,2000,32,,ARI,NFL,16,0
1000,Doug Brien\briendou01,2002,32,3-85,MIN,NFL,6,0
1001,Josh Brown\brownjos01,2011,32,7-222,STL,NFL,16,0
1002,Kris Brown\brownkri01,2008,32,7-228,HOU,NFL,16,0
1003,Matt Bryant\bryanmat01,2007,32,,TAM,NFL,16,0
1004,Britton Colquitt\ColqBr00,2017,32,,CLE,NFL,16,0
1005,Dustin Colquitt\ColqDu20,2014,32,3-99,KAN,NFL,16,0
1006,Mason Crosby\CrosMa20,2016,32,6-193,GNB,NFL,16,0
1007,Billy Cundiff\cundibil01,2012,32,,WAS,NFL,5,0
1008,Richie Cunningham\cunniric01,2002,32,,JAX,NFL,1,0
1009,Phil Dawson\dawsophi01,2007,32,,CLE,NFL,16,0
1010,Jason Elam\elamxjas01,2002,32,3-70,DEN,NFL,16,0
1011,Jay Feely\feelyjay01,2008,32,,NYJ,NFL,15,0
1012,Nick Folk\FolkNi20,2016,32,6-178,NYJ,NFL,16,0
1013,Chris Gardocki\GardCh20,2002,32,3-78,CLE,NFL,16,0
1014,Stephen Gostkowski\GostSt20,2016,32,4-118,NWE,NFL,16,0
1015,Robbie Gould\gouldrob01,2013,32,,CHI,NFL,16,0
1016,Ben Graham\GrahBe20,2005,32,,NYJ,NFL,16,0
1017,Shayne Graham\grahasha01,2009,32,,CIN,NFL,16,0
1018,Martin Gramatica\gramamar01,2007,32,3-80,NOR,NFL,3,0
1019,John Hall\hallxjoh01,2006,32,,WAS,NFL,5,0
1020,Chris Hanson\HansCh20,2008,32,,NWE,NFL,16,0
1021,Jason Hanson\hansojas01,2002,32,2-56,DET,NFL,16,0
1022,Nick Harris\HarrNi20,2010,32,4-120,DET,NFL,16,0
1023,Steven Hauschka\HausSt00,2017,32,,BUF,NFL,16,0
1024,Craig Hentrich\hentrcra01,2003,32,8-200,TEN,NFL,16,0
1025,Kevin Huber\HubeKe20,2017,32,5-142,CIN,NFL,16,0
1026,Michael Husted\hustemic01,2002,32,,KAN,NFL,6,0
1027,Sebastian Janikowski\janikseb01,2010,32,1-17,OAK,NFL,16,0
1028,John Jett\JettJo21,2000,32,,DET,NFL,16,0
1029,Dirk Johnson\JohnDi20,2007,32,,CHI,NFL,1,0
1030,Donnie Jones\JoneDo21,2012,32,7-224,HOU,NFL,16,0
1031,John Kasay\kasayjoh01,2001,32,4-98,CAR,NFL,16,0
1032,Brett Kern\KernBr20,2018,32,,TEN,NFL,7,0
1033,Ola Kimrin\kimriola01,2004,32,,WAS,NFL,5,0
1034,Sam Koch\KochSa20,2014,32,6-203,BAL,NFL,16,0
1035,Michael Koenen\koenemic01,2014,32,,TAM,NFL,16,0
1036,Shane Lechler\LechSh20,2008,32,5-142,OAK,NFL,16,0
1037,Andy Lee\LeexAn20,2014,32,6-188,SFO,NFL,16,0
1038,Rian Lindell\linderia01,2009,32,,BUF,NFL,16,0
1039,Ryan Longwell\longwrya01,2006,32,,MIN,NFL,16,0
1040,Olindo Mare\marexoli01,2005,32,,MIA,NFL,16,0
1041,Brad Maynard\MaynBr20,2006,32,3-95,CHI,NFL,16,0
1042,Mat McBriar\McBrMa20,2011,32,,DAL,NFL,14,0
1043,Josh Miller\MillJo25,2002,32,,PIT,NFL,14,0
1044,Brian Moorman\MoorBr24,2008,32,,BUF,NFL,16,0
1045,Thomas Morstead\MorsTh00,2018,32,5-164,NOR,NFL,7,0
1046,Joe Nedney\nednejoe01,2005,32,,SFO,NFL,15,0
1047,Nick Novak\novaknic01,2013,32,,SDG,NFL,16,0
1048,Mike Nugent\nugenmik01,2014,32,2-47,CIN,NFL,16,0
1049,Todd Peterson\petertod01,2002,32,7-177,PIT,NFL,10,0
1050,Scott Player\PlaySc20,2001,32,,ARI,NFL,12,0
1051,Matt Prater\PratMa20,2016,32,,DET,NFL,16,0
1052,Neil Rackers\rackenei01,2008,32,6-169,ARI,NFL,16,0
1053,Kyle Richardson\RichKy20,2005,32,,CLE,NFL,16,0
1054,Tom Rouen\rouentom01,2000,32,,DEN,NFL,16,0
1055,Jon Ryan\RyanJo21,2013,32,,SEA,NFL,16,0
1056,Todd Sauerbrun\SaueTo20,2005,32,2-56,DEN,NFL,16,0
1057,Mike Scifres\ScifMi20,2012,32,5-149,SDG,NFL,16,0
1058,Josh Scobee\scobejos01,2014,32,5-137,JAX,NFL,16,0
1059,Hunter Smith\SmitHu21,2009,32,7-210,WAS,NFL,13,0
1060,Matt Stover\stovemat01,2000,32,12-329,BAL,NFL,16,0
1061,Ryan Succop\SuccRy44,2018,32,7-256,TEN,NFL,7,0
1062,Shaun Suisham\suishsha01,2013,32,,PIT,NFL,16,0
1063,Matt Turk\TurkMa20,2000,32,,MIA,NFL,16,0
1064,Lawrence Tynes\tyneslaw01,2010,32,,NYG,NFL,15,0
1065,Mike Vanderjagt\vandemik01,2002,32,,IND,NFL,16,0
1066,Adam Vinatieri\vinatada01,2004,32,,NWE,NFL,16,0
1067,Ken Walter\WaltKe20,2004,32,,SEA,NFL,6,0
1068,Steve Weatherford\WeatSt20,2014,32,,NYG,NFL,16,0
1069,Jeff Wilkins\wilkijef01,2004,32,,STL,NFL,16,0
1070,David Akers\akersdav01,2007,33,,PHI,NFL,16,0
1071,Leo Araguz\AragLe20,2003,33,,MIN,NFL,2,0
1072,Jason Baker\BakeJa20,2011,33,,CAR,NFL,16,0
1073,Mitch Berger\BergMi20,2005,33,6-193,NOR,NFL,16,0
1074,Rob Bironas\bironrob01,2011,33,,TEN,NFL,16,0
1075,Doug Brien\briendou01,2003,33,3-85,NYJ,NFL,16,0
1076,Josh Brown\brownjos01,2012,33,7-222,CIN,NFL,4,0
1077,Kris Brown\brownkri01,2009,33,7-228,HOU,NFL,16,0
1078,Matt Bryant\bryanmat01,2008,33,,TAM,NFL,16,0
1079,Steve Christie\chrisste01,2000,33,,BUF,NFL,16,0
1080,Britton Colquitt\ColqBr00,2018,33,,CLE,NFL,8,0
1081,Dustin Colquitt\ColqDu20,2015,33,3-99,KAN,NFL,16,0
1082,Mason Crosby\CrosMa20,2017,33,6-193,GNB,NFL,16,0
1083,Billy Cundiff\cundibil01,2013,33,,CLE,NFL,16,0
1084,Brad Daluiso\daluibra01,2000,33,,NYG,NFL,14,0
1085,Phil Dawson\dawsophi01,2008,33,,CLE,NFL,16,0
1086,Jason Elam\elamxjas01,2003,33,3-70,DEN,NFL,16,0
1087,Jay Feely\feelyjay01,2009,33,,NYJ,NFL,16,0
1088,Nick Folk\FolkNi20,2017,33,6-178,TAM,NFL,4,0
1089,Chris Gardocki\GardCh20,2003,33,3-78,CLE,NFL,16,0
1090,Stephen Gostkowski\GostSt20,2017,33,4-118,NWE,NFL,16,0
1091,Robbie Gould\gouldrob01,2014,33,,CHI,NFL,12,0
1092,Ben Graham\GrahBe20,2006,33,,NYJ,NFL,16,0
1093,Shayne Graham\grahasha01,2010,33,,2TM,NFL,9,0
1094,Martin Gramatica\gramamar01,2008,33,3-80,NOR,NFL,5,0
1095,Chris Hanson\HansCh20,2009,33,,NWE,NFL,16,0
1096,Jason Hanson\hansojas01,2003,33,2-56,DET,NFL,16,0
1097,Nick Harris\HarrNi20,2011,33,4-120,JAX,NFL,11,0
1098,Steven Hauschka\HausSt00,2018,33,,BUF,NFL,8,0
1099,Craig Hentrich\hentrcra01,2004,33,8-200,TEN,NFL,16,0
1100,Kevin Huber\HubeKe20,2018,33,5-142,CIN,NFL,8,0
1101,Sebastian Janikowski\janikseb01,2011,33,1-17,OAK,NFL,15,0
1102,John Jett\JettJo21,2001,33,,DET,NFL,13,0
1103,Dirk Johnson\JohnDi20,2008,33,,ARI,NFL,12,0
1104,Donnie Jones\JoneDo21,2013,33,7-224,PHI,NFL,16,0
1105,John Kasay\kasayjoh01,2002,33,4-98,CAR,NFL,2,0
1106,Sam Koch\KochSa20,2015,33,6-203,BAL,NFL,16,0
1107,Shane Lechler\LechSh20,2009,33,5-142,OAK,NFL,16,0
1108,Andy Lee\LeexAn20,2015,33,6-188,CLE,NFL,16,0
1109,Rian Lindell\linderia01,2010,33,,BUF,NFL,16,0
1110,Ryan Longwell\longwrya01,2007,33,,MIN,NFL,16,0
1111,Olindo Mare\marexoli01,2006,33,,MIA,NFL,16,0
1112,Brad Maynard\MaynBr20,2007,33,3-95,CHI,NFL,15,0
1113,Mat McBriar\McBrMa20,2012,33,,PHI,NFL,13,0
1114,Josh Miller\MillJo25,2003,33,,PIT,NFL,16,0
1115,Brian Moorman\MoorBr24,2009,33,,BUF,NFL,16,0
1116,Joe Nedney\nednejoe01,2006,33,,SFO,NFL,16,0
1117,Nick Novak\novaknic01,2014,33,,SDG,NFL,16,0
1118,Mike Nugent\nugenmik01,2015,33,2-47,CIN,NFL,16,0
1119,Tommy Parks\ParkTo20,2001,33,,NYJ,NFL,1,0
1120,Todd Peterson\petertod01,2003,33,7-177,SFO,NFL,8,0
1121,Scott Player\PlaySc20,2002,33,,ARI,NFL,16,0
1122,Matt Prater\PratMa20,2017,33,,DET,NFL,16,0
1123,Neil Rackers\rackenei01,2009,33,6-169,ARI,NFL,14,0
1124,Tom Rouen\rouentom01,2001,33,,DEN,NFL,16,0
1125,Jon Ryan\RyanJo21,2014,33,,SEA,NFL,16,0
1126,Todd Sauerbrun\SaueTo20,2006,33,2-56,NWE,NFL,2,0
1127,Mike Scifres\ScifMi20,2013,33,5-149,SDG,NFL,16,0
1128,Josh Scobee\scobejos01,2015,33,5-137,PIT,NFL,4,0
1129,Hunter Smith\SmitHu21,2010,33,7-210,WAS,NFL,9,0
1130,Matt Stover\stovemat01,2001,33,12-329,BAL,NFL,16,0
1131,Pete Stoyanovich\stoyapet01,2000,33,8-203,2TM,NFL,8,0
1132,Shaun Suisham\suishsha01,2014,33,,PIT,NFL,16,0
1133,Matt Turk\TurkMa20,2001,33,,MIA,NFL,16,0
1134,Lawrence Tynes\tyneslaw01,2011,33,,NYG,NFL,16,0
1135,Mike Vanderjagt\vandemik01,2003,33,,IND,NFL,16,0
1136,Adam Vinatieri\vinatada01,2005,33,,NWE,NFL,16,0
1137,Jeff Wilkins\wilkijef01,2005,33,,STL,NFL,16,0
1138,Dave Zastudil\ZastDa20,2011,33,4-112,ARI,NFL,15,0
1139,Louie Aguiar\aguialou01,2000,34,,CHI,NFL,9,0
1140,David Akers\akersdav01,2008,34,,PHI,NFL,16,0
1141,Josh Bidwell\BidwJo20,2010,34,4-133,WAS,NFL,4,0
1142,Rob Bironas\bironrob01,2012,34,,TEN,NFL,16,0
1143,Doug Brien\briendou01,2004,34,3-85,NYJ,NFL,16,0
1144,Josh Brown\brownjos01,2013,34,7-222,NYG,NFL,16,0
1145,Kris Brown\brownkri01,2010,34,7-228,SDG,NFL,3,0
1146,Matt Bryant\bryanmat01,2009,34,,ATL,NFL,5,0
1147,Steve Christie\chrisste01,2001,34,,SDG,NFL,5,0
1148,Dustin Colquitt\ColqDu20,2016,34,3-99,KAN,NFL,16,0
1149,Mason Crosby\CrosMa20,2018,34,6-193,GNB,NFL,7,0
1150,Billy Cundiff\cundibil01,2014,34,,CLE,NFL,13,0
1151,Brad Daluiso\daluibra01,2001,34,,OAK,NFL,1,0
1152,Phil Dawson\dawsophi01,2009,34,,CLE,NFL,11,0
1153,Jason Elam\elamxjas01,2004,34,3-70,DEN,NFL,16,0
1154,Jay Feely\feelyjay01,2010,34,,ARI,NFL,16,0
1155,Chris Gardocki\GardCh20,2004,34,3-78,PIT,NFL,16,0
1156,Stephen Gostkowski\GostSt20,2018,34,4-118,NWE,NFL,8,0
1157,Robbie Gould\gouldrob01,2015,34,,CHI,NFL,16,0
1158,Ben Graham\GrahBe20,2007,34,,NYJ,NFL,15,0
1159,Shayne Graham\grahasha01,2011,34,,2TM,NFL,3,0
1160,Jason Hanson\hansojas01,2004,34,2-56,DET,NFL,16,0
1161,Nick Harris\HarrNi20,2012,34,4-120,DET,NFL,13,0
1162,Craig Hentrich\hentrcra01,2005,34,8-200,TEN,NFL,16,0
1163,Sebastian Janikowski\janikseb01,2012,34,1-17,OAK,NFL,16,0
1164,John Jett\JettJo21,2002,34,,DET,NFL,16,0
1165,Dirk Johnson\JohnDi20,2009,34,,TAM,NFL,11,0
1166,Donnie Jones\JoneDo21,2014,34,7-224,PHI,NFL,16,0
1167,John Kasay\kasayjoh01,2003,34,4-98,CAR,NFL,16,0
1168,Sam Koch\KochSa20,2016,34,6-203,BAL,NFL,16,0
1169,Shane Lechler\LechSh20,2010,34,5-142,OAK,NFL,16,0
1170,Andy Lee\LeexAn20,2016,34,6-188,CAR,NFL,9,0
1171,Rian Lindell\linderia01,2011,34,,BUF,NFL,8,0
1172,Ryan Longwell\longwrya01,2008,34,,MIN,NFL,16,0
1173,Olindo Mare\marexoli01,2007,34,,NOR,NFL,13,0
1174,Brad Maynard\MaynBr20,2008,34,3-95,CHI,NFL,16,0
1175,Mat McBriar\McBrMa20,2013,34,,PIT,NFL,9,0
1176,Josh Miller\MillJo25,2004,34,,NWE,NFL,16,0
1177,Chris Mohr\MohrCh20,2000,34,6-146,BUF,NFL,16,0
1178,Brian Moorman\MoorBr24,2010,34,,BUF,NFL,16,0
1179,Joe Nedney\nednejoe01,2007,34,,SFO,NFL,16,0
1180,Nick Novak\novaknic01,2015,34,,HOU,NFL,13,0
1181,Mike Nugent\nugenmik01,2016,34,2-47,CIN,NFL,13,0
1182,Todd Peterson\petertod01,2004,34,7-177,SFO,NFL,16,0
1183,Scott Player\PlaySc20,2003,34,,ARI,NFL,16,0
1184,Matt Prater\PratMa20,2018,34,,DET,NFL,7,0
1185,Neil Rackers\rackenei01,2010,34,6-169,HOU,NFL,16,0
1186,Saverio Rocca\RoccSa20,2007,34,,PHI,NFL,16,0
1187,Tom Rouen\rouentom01,2002,34,,3TM,NFL,12,0
1188,Jon Ryan\RyanJo21,2015,34,,SEA,NFL,16,0
1189,Todd Sauerbrun\SaueTo20,2007,34,2-56,DEN,NFL,14,0
1190,Mike Scifres\ScifMi20,2014,34,5-149,SDG,NFL,13,0
1191,Matt Stover\stovemat01,2002,34,12-329,BAL,NFL,15,0
1192,Tom Tupa\TupaTo20,2000,34,3-68,NYJ,NFL,16,0
1193,Matt Turk\TurkMa20,2002,34,,NYJ,NFL,16,0
1194,Lawrence Tynes\tyneslaw01,2012,34,,NYG,NFL,16,0
1195,Mike Vanderjagt\vandemik01,2004,34,,IND,NFL,15,0
1196,Adam Vinatieri\vinatada01,2006,34,,IND,NFL,13,0
1197,Ken Walter\WaltKe20,2006,34,,NWE,NFL,4,0
1198,Jeff Wilkins\wilkijef01,2006,34,,STL,NFL,16,0
1199,Dave Zastudil\ZastDa20,2012,34,4-112,ARI,NFL,16,0
1200,David Akers\akersdav01,2009,35,,PHI,NFL,16,0
1201,Leo Araguz\AragLe20,2005,35,,SEA,NFL,4,0
1202,Darren Bennett\BennDa20,2000,35,,SDG,NFL,16,0
1203,Mitch Berger\BergMi20,2007,35,6-193,ARI,NFL,5,0
1204,Rob Bironas\bironrob01,2013,35,,TEN,NFL,16,0
1205,Doug Brien\briendou01,2005,35,3-85,CHI,NFL,3,0
1206,Josh Brown\brownjos01,2014,35,7-222,NYG,NFL,16,0
1207,Matt Bryant\bryanmat01,2010,35,,ATL,NFL,16,0
1208,Steve Christie\chrisste01,2002,35,,SDG,NFL,16,0
1209,Dustin Colquitt\ColqDu20,2017,35,3-99,KAN,NFL,16,0
1210,Billy Cundiff\cundibil01,2015,35,,BUF,NFL,1,0
1211,Phil Dawson\dawsophi01,2010,35,,CLE,NFL,16,0
1212,Jason Elam\elamxjas01,2005,35,3-70,DEN,NFL,16,0
1213,Jeff Feagles\FeagJe20,2001,35,,SEA,NFL,16,0
1214,Jay Feely\feelyjay01,2011,35,,ARI,NFL,16,0
1215,Chris Gardocki\GardCh20,2005,35,3-78,PIT,NFL,16,0
1216,Robbie Gould\gouldrob01,2016,35,,NYG,NFL,10,0
1217,Ben Graham\GrahBe20,2008,35,,3TM,NFL,9,0
1218,Shayne Graham\grahasha01,2012,35,,HOU,NFL,16,0
1219,Jason Hanson\hansojas01,2005,35,2-56,DET,NFL,15,0
1220,Craig Hentrich\hentrcra01,2006,35,8-200,TEN,NFL,16,0
1221,Sebastian Janikowski\janikseb01,2013,35,1-17,OAK,NFL,16,0
1222,John Jett\JettJo21,2003,35,,DET,NFL,4,0
1223,Donnie Jones\JoneDo21,2015,35,7-224,PHI,NFL,16,0
1224,John Kasay\kasayjoh01,2004,35,4-98,CAR,NFL,14,0
1225,Sam Koch\KochSa20,2017,35,6-203,BAL,NFL,16,0
1226,Shane Lechler\LechSh20,2011,35,5-142,OAK,NFL,16,0
1227,Andy Lee\LeexAn20,2017,35,6-188,ARI,NFL,16,0
1228,Rian Lindell\linderia01,2012,35,,BUF,NFL,16,0
1229,Ryan Longwell\longwrya01,2009,35,,MIN,NFL,16,0
1230,Olindo Mare\marexoli01,2008,35,,SEA,NFL,16,0
1231,Brad Maynard\MaynBr20,2009,35,3-95,CHI,NFL,16,0
1232,Mat McBriar\McBrMa20,2014,35,,SDG,NFL,3,0
1233,Josh Miller\MillJo25,2005,35,,NWE,NFL,16,0
1234,Chris Mohr\MohrCh20,2001,35,6-146,ATL,NFL,16,0
1235,Brian Moorman\MoorBr24,2011,35,,BUF,NFL,16,0
1236,Joe Nedney\nednejoe01,2008,35,,SFO,NFL,16,0
1237,Nick Novak\novaknic01,2016,35,,HOU,NFL,16,0
1238,Mike Nugent\nugenmik01,2017,35,2-47,2TM,NFL,8,0
1239,Todd Peterson\petertod01,2005,35,7-177,ATL,NFL,16,0
1240,Scott Player\PlaySc20,2004,35,,ARI,NFL,16,0
1241,Neil Rackers\rackenei01,2011,35,6-169,HOU,NFL,16,0
1242,Saverio Rocca\RoccSa20,2008,35,,PHI,NFL,16,0
1243,Tom Rouen\rouentom01,2003,35,,SEA,NFL,16,0
1244,Mark Royals\RoyaMa20,2000,35,,TAM,NFL,16,0
1245,Jon Ryan\RyanJo21,2016,35,,SEA,NFL,16,0
1246,Mike Scifres\ScifMi20,2015,35,5-149,SDG,NFL,16,0
1247,Matt Stover\stovemat01,2003,35,12-329,BAL,NFL,16,0
1248,Dan Stryzinski\StryDa20,2000,35,,ATL,NFL,16,0
1249,Matt Turk\TurkMa20,2003,35,,MIA,NFL,13,0
1250,Mike Vanderjagt\vandemik01,2005,35,,IND,NFL,16,0
1251,Adam Vinatieri\vinatada01,2007,35,,IND,NFL,16,0
1252,Jeff Wilkins\wilkijef01,2007,35,,STL,NFL,16,0
1253,Dave Zastudil\ZastDa20,2013,35,4-112,ARI,NFL,16,0
1254,David Akers\akersdav01,2010,36,,PHI,NFL,16,0
1255,Bryan Barker\BarkBr20,2000,36,,JAX,NFL,16,0
1256,Darren Bennett\BennDa20,2001,36,,SDG,NFL,16,0
1257,Mitch Berger\BergMi20,2008,36,6-193,PIT,NFL,13,0
1258,Josh Brown\brownjos01,2015,36,7-222,NYG,NFL,16,0
1259,Matt Bryant\bryanmat01,2011,36,,ATL,NFL,16,0
1260,John Carney\carnejoh01,2000,36,,SDG,NFL,16,0
1261,Steve Christie\chrisste01,2003,36,,SDG,NFL,16,0
1262,Dustin Colquitt\ColqDu20,2018,36,3-99,KAN,NFL,8,0
1263,Phil Dawson\dawsophi01,2011,36,,CLE,NFL,16,0
1264,Jason Elam\elamxjas01,2006,36,3-70,DEN,NFL,16,0
1265,Jeff Feagles\FeagJe20,2002,36,,SEA,NFL,16,0
1266,Jay Feely\feelyjay01,2012,36,,ARI,NFL,16,0
1267,Chris Gardocki\GardCh20,2006,36,3-78,PIT,NFL,16,0
1268,Robbie Gould\gouldrob01,2017,36,,SFO,NFL,16,0
1269,Ben Graham\GrahBe20,2009,36,,ARI,NFL,16,0
1270,Shayne Graham\grahasha01,2013,36,,NOR,NFL,2,0
1271,Jason Hanson\hansojas01,2006,36,2-56,DET,NFL,16,0
1272,Craig Hentrich\hentrcra01,2007,36,8-200,TEN,NFL,15,0
1273,Sebastian Janikowski\janikseb01,2014,36,1-17,OAK,NFL,16,0
1274,Donnie Jones\JoneDo21,2016,36,7-224,PHI,NFL,16,0
1275,John Kasay\kasayjoh01,2005,36,4-98,CAR,NFL,16,0
1276,Sam Koch\KochSa20,2018,36,6-203,BAL,NFL,8,0
1277,Shane Lechler\LechSh20,2012,36,5-142,OAK,NFL,16,0
1278,Andy Lee\LeexAn20,2018,36,6-188,ARI,NFL,8,0
1279,Rian Lindell\linderia01,2013,36,,TAM,NFL,16,0
1280,Ryan Longwell\longwrya01,2010,36,,MIN,NFL,16,0
1281,Olindo Mare\marexoli01,2009,36,,SEA,NFL,16,0
1282,Brad Maynard\MaynBr20,2010,36,3-95,CHI,NFL,16,0
1283,Josh Miller\MillJo25,2006,36,,NWE,NFL,10,0
1284,Chris Mohr\MohrCh20,2002,36,6-146,ATL,NFL,16,0
1285,Brian Moorman\MoorBr24,2012,36,,2TM,NFL,15,0
1286,Joe Nedney\nednejoe01,2009,36,,SFO,NFL,14,0
1287,Nick Novak\novaknic01,2017,36,,LAC,NFL,7,0
1288,Mike Nugent\nugenmik01,2018,36,2-47,OAK,NFL,3,0
1289,Scott Player\PlaySc20,2005,36,,ARI,NFL,16,0
1290,Saverio Rocca\RoccSa20,2009,36,,PHI,NFL,16,0
1291,Tom Rouen\rouentom01,2004,36,,SEA,NFL,4,0
1292,Mark Royals\RoyaMa20,2001,36,,TAM,NFL,16,0
1293,Jon Ryan\RyanJo21,2017,36,,SEA,NFL,16,0
1294,Matt Stover\stovemat01,2004,36,12-329,BAL,NFL,16,0
1295,Dan Stryzinski\StryDa20,2001,36,,KAN,NFL,16,0
1296,Tom Tupa\TupaTo20,2002,36,3-68,TAM,NFL,16,0
1297,Matt Turk\TurkMa20,2004,36,,MIA,NFL,16,0
1298,Mike Vanderjagt\vandemik01,2006,36,,DAL,NFL,10,0
1299,Adam Vinatieri\vinatada01,2008,36,,IND,NFL,16,0
1300,Dave Zastudil\ZastDa20,2014,36,4-112,ARI,NFL,2,0
1301,David Akers\akersdav01,2011,37,,SFO,NFL,16,0
1302,Bryan Barker\BarkBr20,2001,37,,WAS,NFL,16,0
1303,Tommy Barnhardt\BarnTo22,2000,37,9-223,WAS,NFL,16,0
1304,Darren Bennett\BennDa20,2002,37,,SDG,NFL,16,0
1305,Mitch Berger\BergMi20,2009,37,6-193,DEN,NFL,10,0
1306,Josh Brown\brownjos01,2016,37,7-222,NYG,NFL,5,0
1307,Matt Bryant\bryanmat01,2012,37,,ATL,NFL,16,0
1308,John Carney\carnejoh01,2001,37,,NOR,NFL,15,0
1309,Steve Christie\chrisste01,2004,37,,NYG,NFL,16,0
1310,Phil Dawson\dawsophi01,2012,37,,CLE,NFL,16,0
1311,Jason Elam\elamxjas01,2007,37,3-70,DEN,NFL,16,0
1312,Jeff Feagles\FeagJe20,2003,37,,NYG,NFL,16,0
1313,Jay Feely\feelyjay01,2013,37,,ARI,NFL,16,0
1314,Robbie Gould\gouldrob01,2018,37,,SFO,NFL,9,0
1315,Ben Graham\GrahBe20,2010,37,,ARI,NFL,16,0
1316,Shayne Graham\grahasha01,2014,37,,NOR,NFL,16,0
1317,Jason Hanson\hansojas01,2007,37,2-56,DET,NFL,16,0
1318,Craig Hentrich\hentrcra01,2008,37,8-200,TEN,NFL,16,0
1319,Sebastian Janikowski\janikseb01,2015,37,1-17,OAK,NFL,16,0
1320,Donnie Jones\JoneDo21,2017,37,7-224,PHI,NFL,16,0
1321,John Kasay\kasayjoh01,2006,37,4-98,CAR,NFL,16,0
1322,Shane Lechler\LechSh20,2013,37,5-142,HOU,NFL,16,0
1323,Ryan Longwell\longwrya01,2011,37,,MIN,NFL,16,0
1324,Olindo Mare\marexoli01,2010,37,,SEA,NFL,16,0
1325,Brad Maynard\MaynBr20,2011,37,3-95,CLE,NFL,15,0
1326,Josh Miller\MillJo25,2007,37,,TEN,NFL,1,0
1327,Chris Mohr\MohrCh20,2003,37,6-146,ATL,NFL,16,0
1328,Brian Moorman\MoorBr24,2013,37,,BUF,NFL,11,0
1329,Joe Nedney\nednejoe01,2010,37,,SFO,NFL,9,0
1330,Scott Player\PlaySc20,2006,37,,ARI,NFL,16,0
1331,Saverio Rocca\RoccSa20,2010,37,,PHI,NFL,16,0
1332,Tom Rouen\rouentom01,2005,37,,SEA,NFL,12,0
1333,Mark Royals\RoyaMa20,2002,37,,MIA,NFL,16,0
1334,Matt Stover\stovemat01,2005,37,12-329,BAL,NFL,16,0
1335,Dan Stryzinski\StryDa20,2002,37,,KAN,NFL,16,0
1336,Tom Tupa\TupaTo20,2003,37,3-68,TAM,NFL,16,0
1337,Adam Vinatieri\vinatada01,2009,37,,IND,NFL,6,0
1338,David Akers\akersdav01,2012,38,,SFO,NFL,16,0
1339,Bryan Barker\BarkBr20,2002,38,,WAS,NFL,12,0
1340,Darren Bennett\BennDa20,2003,38,,SDG,NFL,16,0
1341,Matt Bryant\bryanmat01,2013,38,,ATL,NFL,16,0
1342,John Carney\carnejoh01,2002,38,,NOR,NFL,16,0
1343,Phil Dawson\dawsophi01,2013,38,,SFO,NFL,16,0
1344,Al Del Greco\delgralx01,2000,38,,TEN,NFL,16,0
1345,Jason Elam\elamxjas01,2008,38,3-70,ATL,NFL,16,0
1346,Jeff Feagles\FeagJe20,2004,38,,NYG,NFL,16,0
1347,Jay Feely\feelyjay01,2014,38,,CHI,NFL,4,0
1348,Ben Graham\GrahBe20,2011,38,,2TM,NFL,8,0
1349,Shayne Graham\grahasha01,2015,38,,ATL,NFL,5,0
1350,Jason Hanson\hansojas01,2008,38,2-56,DET,NFL,16,0
1351,Craig Hentrich\hentrcra01,2009,38,8-200,TEN,NFL,2,0
1352,Sebastian Janikowski\janikseb01,2016,38,1-17,OAK,NFL,16,0
1353,Donnie Jones\JoneDo21,2018,38,7-224,LAC,NFL,3,0
1354,John Kasay\kasayjoh01,2007,38,4-98,CAR,NFL,16,0
1355,Sean Landeta\LandSe20,2000,38,,PHI,NFL,16,0
1356,Shane Lechler\LechSh20,2014,38,5-142,HOU,NFL,16,0
1357,Olindo Mare\marexoli01,2011,38,,CAR,NFL,16,0
1358,Chris Mohr\MohrCh20,2004,38,6-146,ATL,NFL,16,0
1359,Scott Player\PlaySc20,2007,38,,CLE,NFL,3,0
1360,Saverio Rocca\RoccSa20,2011,38,,WAS,NFL,16,0
1361,Mark Royals\RoyaMa20,2003,38,,2TM,NFL,14,0
1362,Matt Stover\stovemat01,2006,38,12-329,BAL,NFL,16,0
1363,Dan Stryzinski\StryDa20,2003,38,,NYJ,NFL,16,0
1364,Tom Tupa\TupaTo20,2004,38,3-68,WAS,NFL,16,0
1365,Matt Turk\TurkMa20,2006,38,,STL,NFL,16,0
1366,Adam Vinatieri\vinatada01,2010,38,,IND,NFL,16,0
1367,David Akers\akersdav01,2013,39,,DET,NFL,16,0
1368,Bryan Barker\BarkBr20,2003,39,,WAS,NFL,16,0
1369,Darren Bennett\BennDa20,2004,39,,MIN,NFL,15,0
1370,Matt Bryant\bryanmat01,2014,39,,ATL,NFL,16,0
1371,John Carney\carnejoh01,2003,39,,NOR,NFL,16,0
1372,Phil Dawson\dawsophi01,2014,39,,SFO,NFL,16,0
1373,Jason Elam\elamxjas01,2009,39,3-70,ATL,NFL,11,0
1374,Jeff Feagles\FeagJe20,2005,39,,NYG,NFL,16,0
1375,Ben Graham\GrahBe20,2012,39,,DET,NFL,3,0
1376,Jason Hanson\hansojas01,2009,39,2-56,DET,NFL,16,0
1377,Lee Johnson\johnslee01,2000,39,5-138,NWE,NFL,16,0
1378,John Kasay\kasayjoh01,2008,39,4-98,CAR,NFL,16,0
1379,Sean Landeta\LandSe20,2001,39,,PHI,NFL,16,0
1380,Shane Lechler\LechSh20,2015,39,5-142,HOU,NFL,16,0
1381,Olindo Mare\marexoli01,2012,39,,CHI,NFL,3,0
1382,Saverio Rocca\RoccSa20,2012,39,,WAS,NFL,16,0
1383,Matt Stover\stovemat01,2007,39,12-329,BAL,NFL,16,0
1384,Matt Turk\TurkMa20,2007,39,,HOU,NFL,16,0
1385,Adam Vinatieri\vinatada01,2011,39,,IND,NFL,16,0
1386,Morten Andersen*\andermor01,2000,40,4-86,ATL,NFL,16,0
1387,Bryan Barker\BarkBr20,2004,40,,GNB,NFL,16,0
1388,Darren Bennett\BennDa20,2005,40,,MIN,NFL,1,0
1389,Matt Bryant\bryanmat01,2015,40,,ATL,NFL,11,0
1390,John Carney\carnejoh01,2004,40,,NOR,NFL,16,0
1391,Phil Dawson\dawsophi01,2015,40,,SFO,NFL,16,0
1392,Jeff Feagles\FeagJe20,2006,40,,NYG,NFL,16,0
1393,Jason Hanson\hansojas01,2010,40,2-56,DET,NFL,8,0
1394,Sebastian Janikowski\janikseb01,2018,40,1-17,SEA,NFL,7,0
1395,Lee Johnson\johnslee01,2001,40,5-138,2TM,NFL,9,0
1396,John Kasay\kasayjoh01,2009,40,4-98,CAR,NFL,16,0
1397,Sean Landeta\LandSe20,2002,40,,PHI,NFL,12,0
1398,Shane Lechler\LechSh20,2016,40,5-142,HOU,NFL,16,0
1399,Saverio Rocca\RoccSa20,2013,40,,WAS,NFL,16,0
1400,Matt Stover\stovemat01,2008,40,12-329,BAL,NFL,16,0
1401,Matt Turk\TurkMa20,2008,40,,HOU,NFL,16,0
1402,Adam Vinatieri\vinatada01,2012,40,,IND,NFL,16,0
1403,Morten Andersen*\andermor01,2001,41,4-86,NYG,NFL,16,0
1404,Gary Anderson\andergar02,2000,41,7-171,MIN,NFL,16,0
1405,Bryan Barker\BarkBr20,2005,41,,STL,NFL,11,0
1406,Matt Bryant\bryanmat01,2016,41,,ATL,NFL,16,0
1407,John Carney\carnejoh01,2005,41,,NOR,NFL,16,0
1408,Phil Dawson\dawsophi01,2016,41,,SFO,NFL,16,0
1409,Jeff Feagles\FeagJe20,2007,41,,NYG,NFL,16,0
1410,Jason Hanson\hansojas01,2011,41,2-56,DET,NFL,16,0
1411,Lee Johnson\johnslee01,2002,41,5-138,PHI,NFL,2,0
1412,John Kasay\kasayjoh01,2010,41,4-98,CAR,NFL,16,0
1413,Sean Landeta\LandSe20,2003,41,,STL,NFL,16,0
1414,Shane Lechler\LechSh20,2017,41,5-142,HOU,NFL,16,0
1415,Matt Stover\stovemat01,2009,41,12-329,IND,NFL,10,0
1416,Matt Turk\TurkMa20,2009,41,,HOU,NFL,16,0
1417,Adam Vinatieri\vinatada01,2013,41,,IND,NFL,15,0
1418,Morten Andersen*\andermor01,2002,42,4-86,KAN,NFL,14,0
1419,Gary Anderson\andergar02,2001,42,7-171,MIN,NFL,16,0
1420,Matt Bryant\bryanmat01,2017,42,,ATL,NFL,16,0
1421,John Carney\carnejoh01,2006,42,,NOR,NFL,16,0
1422,Phil Dawson\dawsophi01,2017,42,,ARI,NFL,16,0
1423,Jeff Feagles\FeagJe20,2008,42,,NYG,NFL,16,0
1424,Jason Hanson\hansojas01,2012,42,2-56,DET,NFL,16,0
1425,John Kasay\kasayjoh01,2011,42,4-98,NOR,NFL,16,0
1426,Sean Landeta\LandSe20,2004,42,,STL,NFL,10,0
1427,Matt Turk\TurkMa20,2010,42,,HOU,NFL,16,0
1428,Adam Vinatieri\vinatada01,2014,42,,IND,NFL,16,0
1429,Morten Andersen*\andermor01,2003,43,4-86,KAN,NFL,16,0
1430,Gary Anderson\andergar02,2002,43,7-171,MIN,NFL,14,0
1431,Matt Bryant\bryanmat01,2018,43,,ATL,NFL,6,0
1432,John Carney\carnejoh01,2007,43,,2TM,NFL,13,0
1433,Phil Dawson\dawsophi01,2018,43,,ARI,NFL,8,0
1434,Jeff Feagles\FeagJe20,2009,43,,NYG,NFL,16,0
1435,Doug Flutie\FlutDo00,2005,43,11-285,NWE,NFL,5,0
1436,Sean Landeta\LandSe20,2005,43,,PHI,NFL,5,0
1437,Matt Turk\TurkMa20,2011,43,,2TM,NFL,9,0
1438,Adam Vinatieri\vinatada01,2015,43,,IND,NFL,16,0
1439,Morten Andersen*\andermor01,2004,44,4-86,MIN,NFL,16,0
1440,Gary Anderson\andergar02,2003,44,7-171,TEN,NFL,15,0
1441,John Carney\carnejoh01,2008,44,,NYG,NFL,15,0
1442,Eddie Murray\murraedd01,2000,44,7-166,WAS,NFL,6,0
1443,Adam Vinatieri\vinatada01,2016,44,,IND,NFL,16,0
1444,Gary Anderson\andergar02,2004,45,7-171,TEN,NFL,15,0
1445,John Carney\carnejoh01,2009,45,,NOR,NFL,11,0
1446,Adam Vinatieri\vinatada01,2017,45,,IND,NFL,15,0
1447,Morten Andersen*\andermor01,2006,46,4-86,ATL,NFL,14,0
1448,John Carney\carnejoh01,2010,46,,NOR,NFL,2,0
1449,Adam Vinatieri\vinatada01,2018,46,,IND,NFL,8,0
1450,Morten Andersen*\andermor01,2007,47,4-86,ATL,NFL,14,0
